row_id,reactant_name,product_name,yield (%),temperature (℃),pressure (MPa),time (h),catalyst_1_name,catalyst_1_loading_mol%,catalyst_2_name,catalyst_2_loading_mol%,catalyst_3_name,catalyst_3_loading_mol%,catalyst_4_name,catalyst_4_loading_mol%,reagent_1_name,reagent_2_name,solvent_1,solvent_2,solvent_3,solvent_4,reference,publication_year,extraction_status,catalyst_system_type,all_solvents_normalized
1,Styrene oxide,"4-phenyl-1,3-dioxolan-2-one",100.0,80.0,7.99996,4.0,tetrabutylammonium bromide,,zinc dibromide,,,,,,,,,,,,"Sun, Jianmin; Fujita, Shin-Ichiro; Zhao, Fengyu; Hasegawa, Masashi; Arai, Masahiko; Journal of Catalysis; vol. 230; nb. 2; (2005); p. 398 - 405",2005,valid,mixed_system,
2,Styrene oxide,"4-phenyl-1,3-dioxolan-2-one",100.0,60.0,0.50001,24.0,tetrabutylammonium bromide,,,,,,,,,,cyclohexane,,,,"Mechanism, Reagent/catalyst, Temperature, Pressure Beattie, Christopher; North, Michael; Villuendas, Pedro; Young, Carl; Journal of Organic Chemistry; vol. 78; nb. 2; (2013); p. 419 - 426",2013,valid,ionic_liquid,cyclohexane
3,Styrene oxide,"4-phenyl-1,3-dioxolan-2-one",100.0,105.0,0.10133,20.0,tetrabutylammonium bromide,,,,,,,,,,,,,,"Biswas, Tanmoy; Mahalingam, Venkataramanan; New Journal of Chemistry; vol. 41; nb. 24; (2017); p. 14839 - 14842",2017,valid,ionic_liquid,
4,Styrene oxide,"4-phenyl-1,3-dioxolan-2-one",100.0,110.0,5.67457,24.0,tetrabutylammonium bromide,,,,,,,,,,dichloromethane,,,,"Lyubimov; Sokolovskaya; Chowdhury; Arzumanyan; Tukhvatshin; Ibragimova; Tyutyunov; Davankov; Muza‐ farov; Russian Chemical Bulletin; vol. 68; nb. 10; (2019); p. 1866 - 1868; Izv. Akad. Nauk, Ser. Khim.; vol. 68; nb. 10; (2019); p. 1866 - 1868,3",2019,valid,ionic_liquid,dichloromethane
8,Styrene oxide,"4-phenyl-1,3-dioxolan-2-one",99.0,85.0,1.00001,6.0,choline iodide,,,,,,,,,,ethanol,,,,"Temperature, Reagent/catalyst Amaral, Adérito J.R.; Coelho, Jorge F.J.; Serra, Arménio C.; Tetrahedron Letters; vol. 54; nb. 40; (2013); p. 5518 -5522",2013,valid,ionic_liquid,ethanol
13,Styrene oxide,"4-phenyl-1,3-dioxolan-2-one",99.0,70.0,0.50001,24.0,ethylenediaminetetraacetic acid,,tetrabutylammonium bromide,,,,,,,,water,ethyl acetate,,,"Auto‐ clave, Catalytic behavior, Reagent/catalyst, Temperature, Pressure Liu, Xiao-Fang; Song, Qing-Wen; Zhang, Shuai; He, Liang-Nian; Catalysis Today; vol. 263; (2016); p. 69 - 74",2016,valid,ionic_liquid,water; ethyl acetate
15,Styrene oxide,"4-phenyl-1,3-dioxolan-2-one",99.0,100.0,1.00001,12.0,tetrabutylammonium bromide,,,,,,,,,,water,DMF,,,"Catalytic behavior, Reagent/catalyst, Concentration PatentUNIV DALIAN TECH; DALIAN UNIVERSITY OF TECHNOLOGYDalian University of Technology; CN105348071; (2016); (A) ChineseDALIAN UNIVERSITY OF TECHNOLOGY",2016,valid,ionic_liquid,water; DMF
16,Styrene oxide,"4-phenyl-1,3-dioxolan-2-one",99.0,60.0,0.10133,15.0,tetra-(n-butyl)ammonium iodide,,silanol catalyst,,tetrabutylammonium iodide,,,,,,无溶剂,,,,"Re‐ agent/catalyst Velásquez-Hernández, Miriam de J.;Torres-Huerta, Aarón;Hernández-Balderas, Uvaldo;Martínez-Otero, Die‐ go;Nú?ez-Pineda, Alejandra;Jancik, Vojtech; Polyhedron; vol. 122; (2017); p. 161 - 171",2017,valid,ionic_liquid,无溶剂
17,Styrene oxide,"4-phenyl-1,3-dioxolan-2-one",99.0,100.0,0.10133,12.0,tetrabutylammonium bromide,,,,,,,,,,,,,,"Catalytic behavior, Kinetics, Temperature, Time, Pressure Ai, Jing; Min, Xue; Gao, Chao-Ying; Tian, Hong-Rui; Dang, Song; Sun, Zhong-Ming; Dalton Transactions; vol. 46; nb. 20; (2017); p. 6756 - 6761",2017,valid,ionic_liquid,
18,Styrene oxide,"4-phenyl-1,3-dioxolan-2-one",99.0,140.0,1.00001,8.0,tetra-n-propylammonium bromide,,,,,,,,,,,,,,"Zhao, Qing-Ning; Song, Qing-Wen; Liu, Ping; Zhang, Qian-Xia; Gao, Jun-Hua; Zhang, Kan; Chinese Journal of Chemistry; vol. 36; nb. 3; (2018); p. 187 - 193",2018,valid,ionic_liquid,
19,Styrene oxide,"4-phenyl-1,3-dioxolan-2-one",99.0,120.0,1.50002,17.0,potassium iodide,,,,,,,,,,,,,,"Chang, Haibo; Li, Qingshuo; Cui, Xuemin; Wang, Hongxia; Qiao, Congzhen; Bu, Zhanwei; Lin, Tong; Molecu‐ lar catalysis; vol. 449; (2018); p. 25 - 30",2018,valid,metal_halide,
21,Styrene oxide,"4-phenyl-1,3-dioxolan-2-one",99.0,60.0,0.1,12.0,tetrabutylammonium bromide,,,,,,,,,,无溶剂,,,,"Reagent/catalyst, Temperature, Time, Pressure Parmar, Bhavesh; Patel, Parth; Pillai, Renjith S.; Kureshy, Rukhsana I.; Khan, Noor-Ul H.; Suresh, Eringatho‐ di; Journal of Materials Chemistry A; vol. 7; nb. 6; (2019); p. 2884 - 2894",2019,valid,ionic_liquid,无溶剂
23,Styrene oxide,"4-phenyl-1,3-dioxolan-2-one",99.0,40.0,0.1,12.0,tetrabutylammonium bromide,,,,,,,,,,无溶剂,,,,"Reagent/catalyst, Temperature Patel, Parth; Parmar, Bhavesh; Pillai, Renjith S.; Ansari, Amamudin; Khan, Noor-ul H.; Suresh, Eringathodi; Applied Catalysis A: General; vol. 590; (2020); Art.No: 117375",2020,valid,ionic_liquid,无溶剂
26,Styrene oxide,"4-phenyl-1,3-dioxolan-2-one",99.0,60.0,0.1,8.0,"1,1,3,3-tetramethylguanidine",,,,,,,,,,,,,,PatentUNIV HENAN; HENAN UNIVERSITYHenan University; CN110746357; (2020); (A) EnglishHENAN UNIVER‐ SITY,2020,valid,ionic_liquid,
27,Styrene oxide,"4-phenyl-1,3-dioxolan-2-one",99.0,20.0,0.1,12.0,tetrabutylammonium bromide,,,,,,,,,,acetonitrile,,,,"Reagent/catalyst Huang, Zhi-Wei; Hu, Kong-Qiu; Mei, Lei; Wang, Cong-Zhi; Chen, Yan-Mei; Wu, Wang-Suo; Chai, Zhi-Fang; Shi, Wei-Qun; Inorganic Chemistry; vol. 60; nb. 2; (2021); p. 651 - 659",2021,valid,ionic_liquid,acetonitrile
30,Styrene oxide,"4-phenyl-1,3-dioxolan-2-one",99.0,94.1,1.35002,6.4,zinc chloride,,,,,,,,,,无溶剂,,,,"Autoclave, Reagent/catalyst, Temperature, Pressure Alberti, Matteo;Gianelli, Marta;Panza, Nicola;Zákutná, Dominika;Matulková, Irena;Caselli, Alessandro; Euro‐ pean Journal of Inorganic Chemistry; vol. 27; nb. 36; (2024); Art.No: e202400494",2024,valid,metal_halide,无溶剂
31,Styrene oxide,"4-phenyl-1,3-dioxolan-2-one",99.0,80.0,0.1,12.0,tetrabutylammonium bromide,,,,,,,,,,无溶剂,,,,"Huang, Jian-Bo;Yin, Lin;Yue, Tian-Cai;Wang, Lu-Lu;Wang, Duo-Zhi; Chemistry - A European Journal; vol. 30; nb. 71; (2024); Art.No: e202403209",2024,valid,ionic_liquid,无溶剂
32,Styrene oxide,"4-phenyl-1,3-dioxolan-2-one",99.0,120.0,0.1,5.0,cobalt-impregnated 2D material,,,,,,,,,,无溶剂,,,,"Ullah, Habib;Ullah, Zakir;Khattak, Zafar A. K.;Tahir, Muhammad;Kang, Eunji;Verpoort, Francis;You Kim, Hy‐ un; ChemSusChem; vol. 18; nb. 7; (2025); Art.No: e202401046",2025,valid,metal_halide,无溶剂
33,Styrene oxide,"4-phenyl-1,3-dioxolan-2-one",99.0,75.0,0.90001,4.0,tetrabutylammonium bromide,,,,,,,,,,methanol,,,,"Catalytic be‐ havior Wang, Xiaotong;Hu, Tuoping;Fan, Liming;Qin, Qi-Pin;Zhang, Xiutang; Inorganic Chemistry; vol. 64; nb. 9; (2025); p. 4461 - 4471",2025,valid,ionic_liquid,methanol
34,Styrene oxide,"4-phenyl-1,3-dioxolan-2-one",99.0,40.0,0.10133,16.0,tetra-(n-butyl)ammonium iodide,,,,,,,,,,water,dichloromethane,ethyl acetate,,"Reagent/cata‐ lyst, Solvent, Temperature PatentUNIV CHANGZHOU; CHANGZHOU UNIVERSITY; CN118439964; (2024); (A) ChineseCHANGZHOU UNI‐ VERSITY",2024,valid,unknown,water; dichloromethane; ethyl acetate
35,Styrene oxide,"4-phenyl-1,3-dioxolan-2-one",99.0,80.0,0.1,25.0,tetrabutylammonium bromide,,,,,,,,,,,,,,"Liu, Caiyun;Liu, Yanshu;Zhang, Guanyun;Wang, Dexin;Chen, Guanjie;Gao, Fangfang;Liu, Linping;Tung, Chen-Ho;Wang, Yifeng; European Journal of Inorganic Chemistry; vol. 27; nb. 31; (2024); Art.No: e202400189",2024,valid,ionic_liquid,
36,Styrene oxide,"4-phenyl-1,3-dioxolan-2-one",99.0,80.0,,6.0,tetrabutylammonium bromide,,,,,,,,,,,,,,"With tetrabutylammomium bromide, Time= 6h, T= 80 °C , Electrochemical reaction Li, Jiayi;Mao, Keke;Gong, Wanbing;Li, Zheyue;Sang, Shuaikang;Li, Jiawei;Chen, Guangyu;Hu, Chuan‐ sheng;Long, Ran;Xiong, Yujie; Small; vol. 21; nb. 12; (2025); Art.No: 2500594",2025,valid,ionic_liquid,
38,Styrene oxide,"4-phenyl-1,3-dioxolan-2-one",99.0,80.0,0.10133,24.0,potassium iodide,,,,,,,,,,无溶剂,,,,"Catalytic behavior, Reagent/catalyst, Temperature, Time Ionova, Violetta A.;Fakhrutdinov, Artem N.;Gusev, Daniil I.;Abel, Anton S.;Averin, Alexei D.;Beletskaya, Irina P.; Molecular Catalysis; vol. 579; (2025); Art.No: 115019",2025,valid,metal_halide,无溶剂
40,Styrene oxide,"4-phenyl-1,3-dioxolan-2-one",99.0,120.0,1.00001,9.0,tetramethylammonium picolinate,,,,,,,,,,无溶剂,,,,"Green chemistry, Catalytic behavior Jungi, Hiren;Chhetri, Ashis;Kumar, Dheeraj;Podder, Sumana;R. S., Malavika;Kuniyil, Rositha;Mitra, Joyee; Catalysis Science and Technology; vol. 16; nb. 2; (2026); p. 458 - 468",2026,valid,ionic_liquid,无溶剂
41,Styrene oxide,"4-phenyl-1,3-dioxolan-2-one",99.0,40.0,,24.0,tetra-(n-butyl)ammonium iodide,,tetrabutylammonium iodide,,,,,,,,water,,,,"IV. General protocol for the products General procedure: The ethylene oxide derivatives 1 (2.0 mmol) were added to a 10 mL Schlenk tube, and the cata‐ lysts cat-2 (0.084 g, 0.1 mmol), TBAI (0.076 g, 0.2 mmol), and water (5.0 mL) were added. During the reaction, car‐ bon dioxide is injected using a long needle and reacted in a water bath at 40°C for 24 hours. After the reaction, water and methylene chloride were added to extract and concentrate the organic phase. Finally, the products were ob‐ tained through column chromatography: 2a ~ 2m, 2o ~ 2t. White solid[17], 325 mg, yield: 99 %, m.p.: 54 ~ 56 °C, 1H NMR (300 MHz, CDCl3) δ 7.53 - 7.30 (m, 5H), 5.68 (t, J = 8.0 Hz, 1H), 4.80 (t, J = 8.4 Hz, 1H), 4.35 (t, J = 8.2 Hz, 1H). 13C NMR (75 MHz, CDCl3) δ 154.95, 135.90, 129.88, 129.38, 126.00, 78.12, 71.30. With tetra-(n-butyl)ammonium iodide, C50H54N2O10 in water, Time= 24h, T= 40 °C , Schlenk technique, Catalytic be‐ havior, Mechanism, Reagent/catalyst, Temperature Li, Zheng-Yi;Li, Tao;Wang, Zuquan;Zhao, Yi;Shi, Jing;Sun, Xiaoqiang;Yang, Ke; Chinese Chemical Letters; vol. 37; nb. 4; (2026); Art.No: 111352",2026,valid,ionic_liquid,water
42,Styrene oxide,"4-phenyl-1,3-dioxolan-2-one",99.0,80.0,0.101325,48.0,tetrabutylammonium bromide,,,,,,,,,,无溶剂,,,,"2.3. Typical procedures for cycloaddition reaction from CO2 and epoxides General procedure: der solvent-free ambient conditions using epoxide (15 mmol) under aCO2 balloon, catalyzed by 1 (0.03 mmol) with tetrabutylammoniumbromide (TBAB, 1.08 mmol) as a co-catalyst. With tetrabutylammomium bromide in neat (no solvent), Time= 48h, T= 80 °C , Schlenk technique, Catalytic behav‐ ior, Temperature Huang, Xiaopeng;Hong, Yuan;Zhang, Cuiping;Guo, Meng;Zhu, Shiyuan;Zhao, Ronghui;Liu, Lizhen;Yao, Ziz‐ hu; Journal of Molecular Structure; vol. 1358; (2026); Art.No: 145321",2026,valid,ionic_liquid,无溶剂
43,Styrene oxide,"4-phenyl-1,3-dioxolan-2-one",99.9,100.0,0.2,4.0,tetrabutylammonium bromide,,,,,,,,,,,,,,"Cata‐ lytic behavior, Reagent/catalyst Dhiman, Divyansh;Prakash, Ved;Sankar, Muniappan; Inorganic Chemistry; vol. 65; nb. 5; (2026); p. 2774 - 2784",2026,valid,ionic_liquid,
45,Styrene oxide,"4-phenyl-1,3-dioxolan-2-one",98.0,110.0,1.50002,12.0,zinc dibromide,,,,,,,,,,无溶剂,,,,"neat (no solvent) Cheng, Weiguo; Fu, Zengzeng; Wang, Jinquan; Sun, Jian; Zhang, Suojiang; Synthetic Communications; vol. 42; nb. 17; (2012); p. 2564 - 2573",2012,valid,metal_halide,无溶剂
49,Styrene oxide,"4-phenyl-1,3-dioxolan-2-one",98.0,80.0,1.00001,14.0,potassium iodide,,,,,,,,,,,,,,"Desens, Willi; Kohrt, Christina; Frank, Marcus; Werner, Thomas; ChemSusChem; vol. 8; nb. 22; (2015); p. 3815 -3822",2015,valid,metal_halide,
51,Styrene oxide,"4-phenyl-1,3-dioxolan-2-one",98.0,130.0,2.50004,15.0,imidazolium,,,,,,,,,,无溶剂,,,,"Catalytic behavior, Reagent/catalyst, Temperature, Pressure Bobbink, Felix D.; Van Muyden, Antoine P.; Gopakumar, Aswin; Fei, Zhaofu; Dyson, Paul J.; ChemPlusChem; vol. 82; nb. 1; (2017); p. 144 - 151",2017,valid,ionic_liquid,无溶剂
55,Styrene oxide,"4-phenyl-1,3-dioxolan-2-one",98.0,20.0,0.10133,4.0,tetrabutylammonium bromide,,,,,,,,,,无溶剂,,,,"Chowdhury, Arpita Hazra; Bhanja, Piyali; Salam, Noor; Bhaumik, Asim; Islam, Sk. Manirul; Molecular catalysis; vol. 450; (2018); p. 46 - 54",2018,valid,ionic_liquid,无溶剂
56,Styrene oxide,"4-phenyl-1,3-dioxolan-2-one",98.0,70.0,1.00001,6.0,tetrabutylammonium bromide,,,,,,,,,,无溶剂,,,,"Reagent/catalyst, Temperature, Pressure, Time Singh, Manpreet; Solanki, Pratik; Patel, Parth; Mondal, Aniruddha; Neogi, Subhadip; Inorganic Chemistry; vol. 58; nb. 12; (2019); p. 8100 - 8110",2019,valid,ionic_liquid,无溶剂
58,Styrene oxide,"4-phenyl-1,3-dioxolan-2-one",98.0,25.0,0.10133,1.0,triethylamine,,,,,,,,,,acetonitrile,,,,"Schlenk technique, Catalytic be‐ havior, Reagent/catalyst Elgohary, Elzahraa Ahmed; Mohamed, Yasser Mahmoud A.; Rabie, Samira Taha; Salih, Said Abdelrahman; Fekry, Amany Mohamed; El Nazer, Hossam A.; New Journal of Chemistry; vol. 45; nb. 37; (2021); p. 17301 - 17312",2021,valid,organic_base,acetonitrile
60,Styrene oxide,"4-phenyl-1,3-dioxolan-2-one",98.0,50.0,0.30001,6.0,tetrabutylammonium bromide,,,,,,,,,,water,acetone,ethyl acetate,hexane,"Moeinpour, Farid;Khalifeh, Reza;Rajabzadeh, Maryam;Rezaei, Fahimeh;Javdan, Samaneh; Catalysis Letters; vol. 152; nb. 12; (2022); p. 3679 - 3690",2022,valid,ionic_liquid,water; acetone; ethyl acetate; hexane
63,Styrene oxide,"4-phenyl-1,3-dioxolan-2-one",98.0,20.0,0.10133,24.0,tetrabutylammonium bromide,,,,,,,,,,无溶剂,,,,"Schlenk technique, Sealed tube, Catalytic behavior, Reagent/catalyst Hossain, Md. Saddam;Yuasa, Mayu;Kametani, Yohei;Shiota, Yoshihito;Hoshino, Yu;Shichijo, Keita;Fujitsuka, Mamoru;Shimakoshi, Hisashi; Chemistry - A European Journal; vol. 31; nb. 45; (2025); Art.No: e01845",2025,valid,ionic_liquid,无溶剂
64,Styrene oxide,"4-phenyl-1,3-dioxolan-2-one",98.0,80.0,,10.0,tetrabutylammonium bromide,,,,,,,,,,,,,,"With tetrabutylammomium bromide, Time= 10h, T= 80 °C , Catalytic behavior, Kinetics, Reagent/catalyst, Tempera‐ ture Yu, Chunlong;He, Xinglei;Gong, Chenxu;Li, Jingheng;Ye, Ke-Yin; Inorganic Chemistry; vol. 64; nb. 14; (2025); p. 6977 - 6986",2025,valid,ionic_liquid,
65,Styrene oxide,"4-phenyl-1,3-dioxolan-2-one",98.0,100.0,0.50001,12.0,zinc phenanthroline dione,,,,,,,,,,,,,,"Catalytic behavior Liu, Ping;Zhao, Tianxiang;Zhao, Fangfang;Xu, Ziyang;Huang, Yu;Hu, Xingbang; Advanced Functional Materi‐ als; vol. 35; nb. 45; (2025); Art.No: 2508657",2025,valid,metal_halide,
66,Styrene oxide,"4-phenyl-1,3-dioxolan-2-one",98.0,80.0,0.1,8.0,tetrabutylammonium bromide,,,,,,,,,,无溶剂,,,,"Reagent/catalyst, Temperature Yue, Tian-Cai;Wang, Xin-Fang;Huang, Jian-Bo;Wang, Lu-Lu;Wang, Duo-Zhi; Green Chemistry; vol. 28; nb. 6; (2026); p. 2904 - 2913",2026,valid,ionic_liquid,无溶剂
67,Styrene oxide,"4-phenyl-1,3-dioxolan-2-one",98.0,100.0,1.00001,6.0,triphenylphosphine,0.5,,,,,,,,,无溶剂,,,,"Temperature, Pressure, Reagent/catalyst Wu, Xinyi;Wang, Bingyang;Deng, Li;Meng, Xiangyun;Xia, Chunnian;Sun, Qiangsheng;Sun, Wei; Journal of Catalysis; vol. 458; (2026); Art.No: 116840",2026,valid,unknown,无溶剂
68,Styrene oxide,"4-phenyl-1,3-dioxolan-2-one",97.0,120.0,2.00003,24.0,imidazolium,,,,,,,,,,dichloromethane,,,,"Zhou, Hui; Zhang, Wen-Zhen; Liu, Cui-Hua; Qu, Jing-Ping; Lu, Xiao-Bing; Journal of Organic Chemistry; vol. 73; nb. 20; (2008); p. 8039 - 8044",2008,valid,ionic_liquid,dichloromethane
70,Styrene oxide,"4-phenyl-1,3-dioxolan-2-one",97.0,50.0,5.00008,4.5,tetraethylammonium bromide,,,,,,,,,,,,,,"Kumar, Subodh; Jain, Suman L.; Sain, Bir; Catalysis Letters; vol. 142; nb. 5; (2012); p. 615 - 618",2012,valid,ionic_liquid,
71,Styrene oxide,"4-phenyl-1,3-dioxolan-2-one",97.0,120.0,1.00001,3.0,potassium iodide,,,,,,,,,,,,,,"High pressure, Catalytic be‐ havior, Reagent/catalyst Roshan, Kuruppathparambil Roshith; Kathalikkattil, Amal Cherian; Tharun, Jose; Kim, Dong Woo; Won, Yong Sun; Park, Dae Won; Dalton Transactions; vol. 43; nb. 5; (2014); p. 2023 - 2031",2014,valid,metal_halide,
72,Styrene oxide,"4-phenyl-1,3-dioxolan-2-one",97.0,90.0,1.00001,3.0,tri-n-butyl(2-hydroxyethyl)phosphonium iodide,,,,,,,,,,无溶剂,,,,"Werner, Thomas; Büttner, Hendrik; ChemSusChem; vol. 7; nb. 12; (2014); p. 3268 - 3271",2014,valid,ionic_liquid,无溶剂
73,Styrene oxide,"4-phenyl-1,3-dioxolan-2-one",97.0,120.0,1.00001,3.0,imidazolium,,,,,,,,,,无溶剂,,,,"Green chemistry Hu, Yu-Lin; Lu, Ming; Yang, Xue-Lin; RSC Advances; vol. 5; nb. 83; (2015); p. 67886 - 67891",2015,valid,ionic_liquid,无溶剂
74,Styrene oxide,"4-phenyl-1,3-dioxolan-2-one",97.0,90.0,1.00001,3.0,tri-n-butyl(2-hydroxyethyl)phosphonium iodide,,,,,,,,,,,,,,"Temperature, Pressure Büttner, Hendrik; Steinbauer, Johannes; Werner, Thomas; ChemSusChem; vol. 8; nb. 16; (2015); p. 2655 - 2669",2015,valid,ionic_liquid,
76,Styrene oxide,"4-phenyl-1,3-dioxolan-2-one",97.0,50.0,0.10133,6.0,3-hydroxy-N-octylpyridinium iodide,,,,,,,,,,无溶剂,,,,"Green chemis‐ try, Reagent/catalyst Rostami, Ali; Mahmoodabadi, Mohammadali; Hossein Ebrahimi, Amir; Khosravi, Hormoz; Al-Harrasi, Ahmed; ChemSusChem; vol. 11; nb. 24; (2018); p. 4262 - 4268",2018,valid,ionic_liquid,无溶剂
77,Styrene oxide,"4-phenyl-1,3-dioxolan-2-one",97.0,70.0,0.40001,19.0,potassium iodide,,,,,,,,,,,,,,"Li, Qingshuo; Chang, Haibo; Li, Runming; Wang, Hongxia; Liu, Jichun; Liu, Shanhu; Qiao, Congzhen; Lin, Tong; Molecular catalysis; vol. 469; (2019); p. 111 - 117",2019,valid,metal_halide,
78,Styrene oxide,"4-phenyl-1,3-dioxolan-2-one",97.0,0.0,3.00005,1.0,tetraheptylammonium bromide,,,,,,,,,,,,,,"Wang, Congwei; Song, Qingwen; Zhang, Kan; Liu, Ping; Wang, Junying; Wang, Jianmei; Zhang, Hengxuan; Wang, Junzhong; Chemical Communications; vol. 55; nb. 9; (2019); p. 1299 - 1302",2019,valid,ionic_liquid,
79,Styrene oxide,"4-phenyl-1,3-dioxolan-2-one",97.0,25.0,0.1,24.0,tetrabutylammonium bromide,,,,,,,,,,无溶剂,,,,"Glovebox, Catalytic behavior, Reagent/catalyst Kim, Yoseph; Hyun, Kyunglim; Ahn, Duseong; Kim, Ran; Park, Myung Hwan; Kim, Youngjo; ChemSusChem; vol. 12; nb. 18; (2019); p. 4211 - 4220",2019,valid,ionic_liquid,无溶剂
80,Styrene oxide,"4-phenyl-1,3-dioxolan-2-one",97.0,20.0,0.1,20.0,DMAP,,,,,,,,,,methanol,ethyl acetate,,,"Catalytic behavior Ullah, Habib; Mousavi, Bibimaryam; Younus, Hussein A.; Khattak, Zafar A.K.; Suleman, Suleman; Jan, Mu‐ hammad T.; Yu, Baoyi; Chaemchuen, Somboon; Verpoort, Francis; Journal of Catalysis; vol. 377; (2019); p. 190 -198",2019,valid,mixed_system,methanol; ethyl acetate
81,Styrene oxide,"4-phenyl-1,3-dioxolan-2-one",97.5,100.0,1.00001,4.0,bis(2-hydroxyethyl) bis-(quaternary ammonium)iodide,,,,,,,,,,,,,,"Pressure, Temperature Kolle, Joel M.; Sayari, Abdelhamid; RSC Advances; vol. 9; nb. 42; (2019); p. 24527 - 24538",2019,valid,unknown,
82,Styrene oxide,"4-phenyl-1,3-dioxolan-2-one",97.0,80.0,0.10133,24.0,tetra-(n-butyl)ammonium iodide,,,,,,,,,,,,,,"Time Rios Yepes, Yersica; Martínez, Javier; Rangel Sánchez, Hiram; Quintero, Celso; Ortega-Alfaro, M. Carmen; López-Cortés, José G.; Daniliuc, Constantin G.; Anti?olo, Antonio; Ramos, Alberto; Rojas, René S.; Dalton Transactions; vol. 49; nb. 4; (2020); p. 1124 - 1134",2020,valid,unknown,
83,Styrene oxide,"4-phenyl-1,3-dioxolan-2-one",97.0,130.0,2.00003,1.5,imidazolium,,,,,,,,,,hexane,diethyl ether,,,"Auto‐ clave Liu, Ying; Song, Yan; Zhou, Jianhua; Zhang, Xiangping; Molecular catalysis; vol. 492; (2020); Art.No: 111008",2020,valid,ionic_liquid,hexane; diethyl ether
85,Styrene oxide,"4-phenyl-1,3-dioxolan-2-one",97.0,80.0,0.10133,,tetrabutylammonium bromide,,,,,,,,,,,,,,"Catalytic be‐ havior Ren, Meiyu;Yang, Kun;Fan, Liming;Hu, Tuoping;Zhang, Xiutang; Journal of Molecular Structure; vol. 1336; (2025); Art.No: 142068",2025,valid,ionic_liquid,
88,Styrene oxide,"4-phenyl-1,3-dioxolan-2-one",97.0,80.0,0.1,10.0,tetrabutylammonium bromide,,,,,,,,,,无溶剂,,,,"Reagent/catalyst, Temperature, Time Ma, Fu-Long;Ma, Lan;Zhang, Hao;Wang, Xin-Fang;Wang, Lu-Lu;Wang, Duo-Zhi; Journal of Molecular Structure; vol. 1351; (2026); Art.No: 144244",2026,valid,ionic_liquid,无溶剂
89,Styrene oxide,"4-phenyl-1,3-dioxolan-2-one",97.0,80.0,0.1,10.0,tetrabutylammonium bromide,,,,,,,,,,无溶剂,,,,"Reagent/catalyst, Temperature, Time Yue, Tian-Cai;Zeng, Tao;Abdukader, Ablimit;Wang, Xin-Fang;Wang, Lu-Lu;Wang, Duo-Zhi; Crystal Growth and Design; vol. 25; nb. 23; (2025); p. 10143 - 10154",2025,valid,ionic_liquid,无溶剂
90,Styrene oxide,"4-phenyl-1,3-dioxolan-2-one",96.0,120.0,3.57006,48.0,DMAP,,,,,,,,,,dichloromethane,,,,"Shen, Yu-Mei; Duan, Wei-Liang; Shi, Min; European Journal of Organic Chemistry; nb. 14; (2004); p. 3080 - 3089",2004,valid,mixed_system,dichloromethane
91,Styrene oxide,"4-phenyl-1,3-dioxolan-2-one",96.0,120.0,3.57006,48.0,DMAP,,,,,,,,,,dichloromethane,,,,"Shen, Yu-Mei; Duan, Wei-Liang; Shi, Min; Advanced Synthesis and Catalysis; vol. 345; nb. 3; (2003); p. 337 - 340",2003,valid,mixed_system,dichloromethane
92,Styrene oxide,"4-phenyl-1,3-dioxolan-2-one",96.0,115.0,1.62002,5.0,imidazolium,,,,,,,,,,,,,,"Han, Lina; Choi, Hye-Ji; Choi, Soo-Jin; Liu, Binyuan; Park, Dae-Won; Green Chemistry; vol. 13; nb. 4; (2011); p. 1023 - 1028",2011,valid,ionic_liquid,
93,Styrene oxide,"4-phenyl-1,3-dioxolan-2-one",96.0,50.0,0.10133,6.0,tetrabutylammonium bromide,,,,,,,,,,acetonitrile,,,,"Electrochemical reaction Buckley, Benjamin R.; Patel, Anish P.; Wijayantha, K. G. Upul; Chemical Communications; vol. 47; nb. 43; (2011); p. 11888 - 11890",2011,valid,ionic_liquid,acetonitrile
94,Styrene oxide,"4-phenyl-1,3-dioxolan-2-one",96.0,100.0,2.10003,,tetrabutylammonium bromide,,,,,,,,,,,,,,"Kumar, Subodh; Jain, Suman L.; Sain, Bir; Tetrahedron Letters; vol. 52; nb. 51; (2011); p. 6957 - 6959",2011,valid,ionic_liquid,
98,Styrene oxide,"4-phenyl-1,3-dioxolan-2-one",96.6,100.0,3.00005,2.0,tetrabutylammonium bromide,,,,,,,,,,无溶剂,,,,"PatentDALIAN INSTITUTE OF CHEMICAL PHYSICS, CHINESE ACADEMY OF SCIENCES; SHANDONG UNI‐ VERSITY; US2014/66533; (2014); (A1) EnglishSHANDONG UNIVERSITY",2014,valid,ionic_liquid,无溶剂
99,Styrene oxide,"4-phenyl-1,3-dioxolan-2-one",96.0,50.0,0.10133,6.0,tetrabutylammonium bromide,,,,,,,,,,acetonitrile,,,,"Electrochemical reaction Buckley, Benjamin R.; Patel, Anish P.; Wijayantha, K. G. Upul; Synlett; vol. 25; nb. 2; (2014); p. 197 - 200; Art.No: ST-2013-D0882-L",2014,valid,ionic_liquid,acetonitrile
101,Styrene oxide,"4-phenyl-1,3-dioxolan-2-one",96.4,120.0,3.00005,1.0,tetrabutylammonium bromide,,,,,,,,,,,,,,"Xie, Yong; Wang, Ting-Ting; Yang, Rui-Xia; Huang, Nian-Yu; Zou, Kun; Deng, Wei-Qiao; ChemSusChem; vol. 7; nb. 8; (2014); p. 2110 - 2114",2014,valid,ionic_liquid,
102,Styrene oxide,"4-phenyl-1,3-dioxolan-2-one",96.0,50.0,0.10133,6.0,tetrabutylammonium bromide,,,,,,,,,,acetonitrile,,,,"Electrochemical reaction, Reagent/catalyst Buckley, Benjamin R.; Patel, Anish P.; Wijayantha, K. G. Upul; RSC Advances; vol. 4; nb. 102; (2014); p. 58581 - 58590",2014,valid,ionic_liquid,acetonitrile
104,Styrene oxide,"4-phenyl-1,3-dioxolan-2-one",96.0,100.0,0.1,18.0,tetrabutylammonium bromide,,,,,,,,,,THF,,,,"Inert atmosphere Xu, Ya; Yuan, Dan; Wang, Yaorong; Yao, Yingming; Dalton Transactions; vol. 46; nb. 18; (2017); p. 5848 - 5855",2017,valid,ionic_liquid,THF
105,Styrene oxide,"4-phenyl-1,3-dioxolan-2-one",96.0,25.0,0.10133,24.0,(triphenylphosphoranylidene)acetaldehyde,,Jacobsen Co-salen,,salen,,,,,,无溶剂,,,,"Mechanism, Reagent/catalyst Zhou, Feng; Xie, Shi-Liang; Gao, Xiao-Tong; Zhang, Rong; Wang, Cui-Hong; Yin, Guang-Qiang; Zhou, Jian; Green Chemistry; vol. 19; nb. 16; (2017); p. 3908 - 3915",2017,valid,unknown,无溶剂
107,Styrene oxide,"4-phenyl-1,3-dioxolan-2-one",96.0,120.0,1.80003,6.0,tetrabutylammonium bromide,,,,,,,,,,DMF,,,,"Catalytic behavior, Reagent/catalyst, Temperature Senthilkumar; Maru, Minaxi S.; Somani; Bajaj; Neogi, Subhadip; Dalton Transactions; vol. 47; nb. 2; (2018); p. 418 - 428",2018,valid,ionic_liquid,DMF
108,Styrene oxide,"4-phenyl-1,3-dioxolan-2-one",96.0,120.0,1.01332,1.0,tetrabutylammonium bromide,,,,,,,,,,,,,,"Temperature, Pressure, Reagent/catalyst Wang, Li; Xu, Cong; Han, Qingxin; Tang, Xiaoliang; Zhou, Panpan; Zhang, Ruilian; Gao, Guoshu; Xu, Ben‐ hua; Qin, Wenwu; Liu, Weisheng; Chemical Communications; vol. 54; nb. 18; (2018); p. 2212 - 2215",2018,valid,ionic_liquid,
109,Styrene oxide,"4-phenyl-1,3-dioxolan-2-one",96.0,120.0,3.00005,5.0,tetrabutylammonium bromide,,,,,,,,,,,,,,"Wang, Wenlong; Li, Cunyao; Jin, Jutao; Yan, Li; Ding, Yunjie; Dalton Transactions; vol. 47; nb. 37; (2018); p. 13135 - 13141",2018,valid,ionic_liquid,
110,Styrene oxide,"4-phenyl-1,3-dioxolan-2-one",96.0,110.0,0.10133,24.0,imidazolium bromide,,,,,,,,,,,,,,"Byun, Jeehye; Zhang, Kai A. I.; ChemCatChem; vol. 10; nb. 20; (2018); p. 4610 - 4616",2018,valid,ionic_liquid,
111,Styrene oxide,"4-phenyl-1,3-dioxolan-2-one",96.0,90.0,0.10133,10.0,octyl-(2-hydroxyethyl)-dimethylammonium bromide,,,,,,,,,,,,,,Re‐ agent/catalyst PatentUNIV HENAN NORMAL; HENAN NORMAL UNIVERSITYHenan Normal University; CN108707132; (2018); (A) EnglishHENAN NORMAL UNIVERSITY,2018,valid,unknown,
112,Styrene oxide,"4-phenyl-1,3-dioxolan-2-one",96.0,150.0,2.00003,0.03,tetrabutylammonium bromide,,,,,,,,,,,,,,"Flow reac‐ tor, Catalytic behavior Li, Ming-Ran; Zhang, Ming-Chao; Yue, Tian-Jun; Lu, Xiao-Bing; Ren, Wei-Min; RSC Advances; vol. 8; nb. 68; (2018); p. 39182 - 39186",2018,valid,ionic_liquid,
113,Styrene oxide,"4-phenyl-1,3-dioxolan-2-one",96.0,100.0,0.1,2.0,pyridine,,,,,,,,,,无溶剂,,,,"Temperature, chemoselective reaction Khaligh, Nader Ghaffari; Mihankhah, Taraneh; Johan, Mohd Rafie; Heteroatom Chemistry; vol. 29; nb. 4; (2018); Art.No: E21440",2018,valid,organic_base,无溶剂
114,Styrene oxide,"4-phenyl-1,3-dioxolan-2-one",96.0,90.0,0.60001,1.0,imidazolium,,,,,,,,,,无溶剂,,,,"Green chemistry, Catalytic behavior Jin, Tan; Dong, Fang; Liu, Yang; Hu, Yu Lin; New Journal of Chemistry; vol. 43; nb. 6; (2019); p. 2583 - 2590",2019,valid,ionic_liquid,无溶剂
116,Styrene oxide,"4-phenyl-1,3-dioxolan-2-one",96.0,110.0,1.00001,4.0,tetrabutylammonium bromide,,tetraethylammonium bromide,,,,,,,,water,chloroform,,,"Temperature, Reagent/catalyst PatentUNIV ZHENGZHOU LIGHT IND; ZHENGZHOU UNIVERSITY OF LIGHT INDUSTRYZhengzhou University of Light Industry; CN109678838; (2019); (A) EnglishZHENGZHOU UNIVERSITY OF LIGHT INDUSTRY",2019,valid,ionic_liquid,water; chloroform
117,Styrene oxide,"4-phenyl-1,3-dioxolan-2-one",96.0,45.0,0.50001,10.0,tetrabutylammonium bromide,,,,,,,,,,,,,,"Xue, Yun-Shan; Cheng, Wei-Wei; Luo, Xi-Ming; Cao, Jia-Peng; Xu, Yan; Inorganic Chemistry; vol. 58; nb. 19; (2019); p. 13058 - 13065",2019,valid,ionic_liquid,
119,Styrene oxide,"4-phenyl-1,3-dioxolan-2-one",96.0,80.0,0.10133,24.0,tetra-(n-butyl)ammonium iodide,,,,,,,,,,无溶剂,,,,"Temperature, Time, Reagent/catalyst Fanjul-Mosteirín, Noé;Martín, Judith;Valdés, Carlos;Concellón, Carmen;Del Amo, Vicente; Organic Letters; vol. 22; nb. 17; (2020); p. 6988 - 6992",2020,valid,unknown,无溶剂
120,Styrene oxide,"4-phenyl-1,3-dioxolan-2-one",96.0,100.0,0.70001,8.0,tetrabutylammonium bromide,,,,,,,,,,,,,,"Reagent/catalyst, Pressure, Temperature Khalifeh, Reza; Zarei, Zeinab; Rajabzadeh, Maryam; New Journal of Chemistry; vol. 45; nb. 2; (2021); p. 810 - 820",2021,valid,ionic_liquid,
121,Styrene oxide,"4-phenyl-1,3-dioxolan-2-one",96.0,80.0,0.30001,2.0,tetrabutylammonium bromide,,,,,,,,,,无溶剂,,,,"Reagent/catalyst, Temperature, Pressure, Time Taghavi, Faezeh; Khojastehnezhad, Amir; Khalifeh, Reza; Rajabzadeh, Maryam; Rezaei, Fahimeh; Abnous, Khalil; Taghdisi, Seyed Mohammad; New Journal of Chemistry; vol. 45; nb. 34; (2021); p. 15405 - 15414",2021,valid,ionic_liquid,无溶剂
122,Styrene oxide,"4-phenyl-1,3-dioxolan-2-one",96.0,60.0,0.10133,10.0,tetrabutylammonium bromide,,,,,,,,,,无溶剂,,,,"Temperature Zhang, Tao;Chen, Hongtai;Liu, Shurong;Lv, Hongxiao;Zhang, Xiutang;Li, Qiaoling; ACS Catalysis; vol. 11; nb. 24; (2021); p. 14916 - 14925",2021,valid,ionic_liquid,无溶剂
123,Styrene oxide,"4-phenyl-1,3-dioxolan-2-one",96.0,120.0,1.00001,2.0,tetrabutylammonium bromide,,,,,,,,,,,,,,"Reagent/catalyst, Temperature, Pressure Shi, Lifeng;Qi, Mixiang;Han, Lehua;Liang, Wenya;Kirillov, Alexander M.;Dou, Wei;Liu, Weisheng;Yang, Lizi; Inorganic Chemistry; vol. 64; nb. 10; (2025); p. 5086 - 5097",2025,valid,ionic_liquid,
125,Styrene oxide,"4-phenyl-1,3-dioxolan-2-one",96.8,140.0,1.00001,10.0,imidazolium bromide,,,,,,,,,,,,,,"Temperature, Pressure Zhao, Yang;Tang, Pengyu;Zhang, Wenting;Tang, Duihai;Xin, Shigang;Zhao, Zhen; Journal of Solid State Chem‐ istry; vol. 352; (2025); Art.No: 125600",2025,valid,ionic_liquid,
126,Styrene oxide,"4-phenyl-1,3-dioxolan-2-one",96.3,70.0,,16.0,tetrabutylammonium bromide,,,,,,,,,,,,,,"With tetrabutylammomium bromide, C H N O  (2-)12 6 6 4 *Cd(2+)*6H2O, Time= 16h, T= 70 °C Wang, Yu-Jie;Deng, Meng-Qiang;Ma, Xiao-Shuai;Dong, Qing;Jin, Wen-Qi;Zhang, Huan;Li, Peng;Gao, Wei;Li, Ji-Yang;Zhang, Xiu-Mei; Journal of Molecular Structure; vol. 1351; (2026); Art.No: 144231",2026,valid,ionic_liquid,
127,Styrene oxide,"4-phenyl-1,3-dioxolan-2-one",96.0,80.0,0.1,18.0,tetra-(n-butyl)ammonium iodide,,pyridine,,,,,,,,无溶剂,,,,"Temperature, Reagent/catalyst Mishra, Veenu;Kediya, Siddhi;Goud, Devender;Deka, Diku Raj;Chakraborty, Subhajit;Peter, Sebastian C.; Chemical Science; (2025)",2025,valid,organic_base,无溶剂
128,Styrene oxide,"4-phenyl-1,3-dioxolan-2-one",96.0,70.0,0.1,6.0,tetrabutylammonium bromide,,,,,,,,,,无溶剂,,,,"Catalytic behavior, Reagent/catalyst, Temperature Jana, Narayan Ch.;Jagli?i?, Zvonko;Kotrle, Kamil;Herchel, Radovan;Panja, Anangamohan; Inorganic Chemis‐ try; vol. 64; nb. 37; (2025); p. 19094 - 19112",2025,valid,ionic_liquid,无溶剂
130,Styrene oxide,"4-phenyl-1,3-dioxolan-2-one",95.0,90.0,6.00009,7.0,potassium iodide,,,,,,,,,,,,,,"Song, Jinliang; Zhang, Binbin; Jiang, Tao; Yang, Guanying; Han, Buxing; Frontiers of Chemistry in China; vol. 6; nb. 1; (2011); p. 21 - 30",2011,valid,metal_halide,
131,Styrene oxide,"4-phenyl-1,3-dioxolan-2-one",95.0,80.0,0.101325,24.0,imidazolium chloride,,zinc dibromide,,imidazolium,,,,,,,,,,"With potassium carbonate, zinc dibromide, 1,3-bis[2,6-diisopropylphenyl]imidazolium chloride in dimethyl sulfoxide, Time= 24h, T= 80 °C , Inert atmosphere Liu, Xiang; Cao, Changsheng; Li, Yunfei; Guan, Pei; Yang, Longguang; Shi, Yanhui; Synlett; vol. 23; nb. 9; (2012); p. 1343 - 1348",2012,valid,mixed_system,
132,Styrene oxide,"4-phenyl-1,3-dioxolan-2-one",95.0,90.0,0.50001,2.0,tri-n-butyl(2-hydroxyethyl)ammonium iodide,,,,,,,,,,无溶剂,,,,"Auto‐ clave, Temperature, Pressure Büttner, Hendrik; Lau, Kornelia; Spannenberg, Anke; Werner, Thomas; ChemCatChem; vol. 7; nb. 3; (2015); p. 459 - 467",2015,valid,ionic_liquid,无溶剂
133,Styrene oxide,"4-phenyl-1,3-dioxolan-2-one",95.0,60.0,0.101325,24.0,tetra-(n-butyl)ammonium iodide,,pyridine,,tetrabutylammonium iodide,,,,,,ethyl acetate,hexane,,,"4-Phenyl-1,3-dioxolan-2-one In a 5 mL Schlenk flask, styrene oxide (5 mmol, 0.60 g), 3-hydroxypyridine (0.25 mmol, 0.024 g) and TBAI (0.25 mmol, 0.092 g) were stirred at 60 oC for 24 h under an atmosphere of CO2 (balloon). The crude product was purified by column chromatography (hexane : ethyl acetate = 2 : 1) to afford the desired cyclic carbonate 0.78 g (yield: 95.0%) as a white solid. 1H NMR (500 MHz, CDCl3): 7.44-7.38 (m, 3H), 7.36-7.34 (m, 2H), 5.68-5.65 (m, 1H), 4.80-4.77 (m, 1H), 4.33-4.29 (m, 1H). 13C NMR (125 MHz, CDCl3): 155.1, 135.8, 129.7, 129.2, 120.0, 77.6, 71.2. Mp 50-52 o C.3 With 3-HYDROXYPYRIDINE, tetra-(n-butyl)ammonium iodide, Time= 24h, T= 60 °C , Schlenk technique Wang, Xiangyong; Wang, Lin; Zhao, Yingying; Kodama, Koichi; Hirose, Takuji; Tetrahedron; vol. 73; nb. 8; (2017); p. 1190 - 1195",2017,valid,mixed_system,ethyl acetate; hexane
135,Styrene oxide,"4-phenyl-1,3-dioxolan-2-one",95.0,110.0,1.10002,4.0,potassium iodide,,,,,,,,,,,,,,"Ravi, Seenu; Kang, Dong Heon; Roshan, Roshith; Tharun, Jose; Kathalikkattil, Amal Cherian; Park, Dae Won; Catalysis science and technology; vol. 5; nb. 3; (2015); p. 1580 - 1587",2015,valid,metal_halide,
137,Styrene oxide,"4-phenyl-1,3-dioxolan-2-one",95.0,80.0,3.00005,5.0,zinc diiodide,,,,,,,,,,ethyl acetate,,,,"Catalytic behavior, Reagent/catalyst, Temperature, Pressure Yang, Chaokun; Liu, Mengshuai; Zhang, Jiaxu; Wang, Xin; Jiang, Yichen; Sun, Jianmin; Molecular catalysis; vol. 450; (2018); p. 39 - 45",2018,valid,metal_halide,ethyl acetate
138,Styrene oxide,"4-phenyl-1,3-dioxolan-2-one",95.0,60.0,,,1-methyl-3-(3-phenylthioureido)pyridinium iodide,,tetra-(n-butyl)ammonium iodide,,pyridinium,,,,,,,,,,"With 1-methyl-3-(3-phenylthioureido)pyridinium iodide, tetra-(n-butyl)ammonium iodide, T= 60 °C , Sealed tube, Re‐ agent/catalyst Fan, Yang; Tiffner, Maximilian; Sch?rgenhumer, Johannes; Robiette, Rapha?l; Waser, Mario; Kass, Steven R.; Journal of Organic Chemistry; vol. 83; nb. 17; (2018); p. 9991 - 10000",2018,valid,ionic_liquid,
139,Styrene oxide,"4-phenyl-1,3-dioxolan-2-one",95.0,120.0,1.00001,1.0,tetrabutylammonium bromide,,,,,,,,,,无溶剂,,,,"Catalytic behavior, Mechanism, Temperature, Reagent/catalyst, Concentration, Time, Pressure Wang, Gang; Xu, Cong; Wang, Li; Liu, Weisheng; Dalton Transactions; vol. 47; nb. 36; (2018); p. 12711 - 12717",2018,valid,ionic_liquid,无溶剂
140,Styrene oxide,"4-phenyl-1,3-dioxolan-2-one",95.0,50.0,1.70003,12.0,tetra-(n-butyl)ammonium iodide,,,,,,,,,,无溶剂,,,,"Reagent/catalyst, Temperature Takaishi, Kazuto; Nath, Bikash Dev; Yamada, Yuya; Kosugi, Hiroyasu; Ema, Tadashi; Angewandte Chemie - International Edition; vol. 58; nb. 29; (2019); p. 9984 - 9988; Angew. Chem.; vol. 131; nb. 29; (2019); p. 10089 - 10093,5",2019,valid,unknown,无溶剂
141,Styrene oxide,"4-phenyl-1,3-dioxolan-2-one",95.1,120.0,1.00001,10.0,potassium iodide,,,,,,,,,,,,,,Enzymatic reaction PatentUNIV WUHAN SCIENCE and TECH; WUHAN UNIVERSITY OF SCIENCE AND TECHNOLOGYWuhan Uni‐ versity of Science and Technology; CN110003162; (2019); (A) EnglishWUHAN UNIVERSITY OF SCIENCE AND TECHNOLOGY,2019,valid,metal_halide,
142,Styrene oxide,"4-phenyl-1,3-dioxolan-2-one",95.0,90.0,0.25,9.0,tetrabutylammonium bromide,,,,,,,,,,,,,,"Hussain, Md. Waseem;Bhardwaj, Vipin;Giri, Arkaprabha;Chande, Ajit;Patra, Abhijit; Chemical Science; vol. 11; nb. 30; (2020); p. 7910 - 7920",2020,valid,ionic_liquid,
145,Styrene oxide,"4-phenyl-1,3-dioxolan-2-one",95.0,60.0,0.2,6.0,tetrabutylammonium bromide,,,,,,,,,,,,,,"Cata‐ lytic behavior, Time Jiang, Xiaolin;Zhang, Liguang;Jiang, Shenglong;Sun, Liwei;Zou, Yaru;Li, Yuehui; Applied Catalysis A: Gener‐ al; vol. 695; (2025); Art.No: 120170",2025,valid,ionic_liquid,
146,Styrene oxide,"4-phenyl-1,3-dioxolan-2-one",95.0,80.0,0.10133,12.0,tetrabutylammonium bromide,,,,,,,,,,acetonitrile,,,,"Tem‐ perature, Solvent Heydari, Neda;Bikas, Rahman;Lis, Tadeusz; RSC Advances; vol. 15; nb. 8; (2025); p. 5977 - 5988",2025,valid,ionic_liquid,acetonitrile
148,Styrene oxide,"4-phenyl-1,3-dioxolan-2-one",95.0,80.0,0.25,2.0,ethylpyridinium bromide,,,,,,,,,,无溶剂,,,,"Autoclave, Catalytic behavior, Reagent/catalyst, Temperature, Time Torabi, Saeed;Ghafari Tirabadi, Golnoosh;Nazeri, Mohammad Taghi;Shaabani, Ahmad; Journal of Physics and Chemistry of Solids; vol. 211; (2026); Art.No: 113481",2026,valid,unknown,无溶剂
149,Styrene oxide,"4-phenyl-1,3-dioxolan-2-one",95.0,80.0,0.1,12.0,potassium iodide,,,,,,,,,,acetonitrile,,,,"Reagent/catalyst, Pressure Xu, Li-Feng;Xie, Wen-Jun;Chen, Shan-Shan;Terent'ev, Alexander O.;Li, Hong-Ru;He, Liang-Nian; Green Chemistry; vol. 28; nb. 7; (2026); p. 3279 - 3285",2026,valid,metal_halide,acetonitrile
150,Styrene oxide,"4-phenyl-1,3-dioxolan-2-one",95.0,20.0,,12.0,tetrabutylammonium bromide,,,,,,,,,,,,,,"With tetrabutylammomium bromide, cerium(IV) bis(phenylphosphonate) in polyethylene glycol, Time= 12h, T= 20 °C , Irradiation, Catalytic behavior, Reagent/catalyst, Solvent Banerjee, Soumalya;Sarkar, Soumita;Ali, Sk Afsar;Sarkar, Sunny;Rasool, Anjumun;Dar, Manzoor Ahmad;Da‐ lapati, Sasanka;Patra, Astam K.; Dalton Transactions; vol. 55; nb. 5; (2026); p. 2167 - 2180",2026,valid,ionic_liquid,
151,Styrene oxide,"4-phenyl-1,3-dioxolan-2-one",94.0,120.0,,1.0,tetrabutylammonium bromide,,nickel(II) chloride,,triphenylphosphine,,,,,,,,,,"With tetrabutylammomium bromide, triphenylphosphine, zinc, bis(triphenylphosphine)nickel(II) chloride, Time= 1h, T= 120 °C Li, Fuwei; Xia, Chungu; Xu, Liwen; Sun, Wei; Chen, Gexin; Chemical Communications; nb. 16; (2003); p. 2042 - 2043",2003,valid,mixed_system,
152,Styrene oxide,"4-phenyl-1,3-dioxolan-2-one",94.0,80.0,1.50002,2.0,1-methyl-1-N-propylpyrrolidinium bromide,,pyridine,,,,,,,,,,,,"Wong, Wing-Leung; Cheung, Kwong-Chak; Chan, Pak-Ho; Zhou, Zhong-Yuan; Lee, Kam-Han; Wong, Kwok- Yin; Chemical Communications; nb. 21; (2007); p. 2175 - 2177",2007,valid,organic_base,
153,Styrene oxide,"4-phenyl-1,3-dioxolan-2-one",94.0,120.0,3.00005,4.0,pyridine,,,,,,,,,,dichloromethane,,,,"Lu, Jinni; Toy, Patrick H.; Synlett; nb. 5; (2011); p. 659 - 662; Art.No: W19910ST",2011,valid,organic_base,dichloromethane
154,Styrene oxide,"4-phenyl-1,3-dioxolan-2-one",94.0,50.0,2.00003,4.5,tetrabutylammonium bromide,,,,,,,,,,,,,,"Pressure, Reagent/catalyst, Temperature, Time Kumar, Subodh; Jain, Suman L.; Sain, Bir; Catalysis Today; vol. 198; nb. 1; (2012); p. 204 - 208",2012,valid,ionic_liquid,
155,Styrene oxide,"4-phenyl-1,3-dioxolan-2-one",94.0,105.0,0.10133,4.0,tetrabutylammonium bromide,,,,,,,,,,methanol,,,,"Schlenk techni‐ que, Inert atmosphere, Catalytic behavior, Reagent/catalyst, Temperature, Time Vignesh Babu, Heeralal; Muralidharan, Krishnamurthi; Dalton Transactions; vol. 42; nb. 4; (2013); p. 1238 - 1248",2013,valid,ionic_liquid,methanol
156,Styrene oxide,"4-phenyl-1,3-dioxolan-2-one",94.0,80.0,0.10133,10.0,"1,8-diazabicyclo[5.4.0]undec-7-ene",,zinc dibromide,,,,,,,,,,,,"Catalytic behavior, Solvent, Reagent/catalyst, Temperature Seo, Ue Ryung; Chung, Young Keun; Advanced Synthesis and Catalysis; vol. 356; nb. 9; (2014); p. 1955 - 1961",2014,valid,metal_halide,
157,Styrene oxide,"4-phenyl-1,3-dioxolan-2-one",94.0,100.0,0.40533,24.0,DABCO,,,,,,,,,,,,,,"Catalytic behavior, Reagent/catalyst, Time, Temperature, Pressure Hajipour, Abdol R.; Heidari, Yasaman; Kozehgary, Gholamreza; RSC Advances; vol. 5; nb. 29; (2015); p. 22373 -22379",2015,valid,mixed_system,
159,Styrene oxide,"4-phenyl-1,3-dioxolan-2-one",94.0,110.0,1.50002,3.0,imidazolium,,,,,,,,,,water,toluene,hexane,,"Au‐ toclave Liu, Mengshuai; Liang, Lin; Liang, Tao; Lin, Xiaoli; Shi, Lei; Wang, Fangxiao; Sun, Jianmin; Journal of Molecu‐ lar Catalysis A: Chemical; vol. 408; (2015); p. 242 - 249; Art.No: 9583",2015,valid,ionic_liquid,water; toluene; hexane
161,Styrene oxide,"4-phenyl-1,3-dioxolan-2-one",94.0,80.0,3.50005,8.0,tetrabutylammonium bromide,,,,,,,,,,,,,,"Reagent/catalyst Mandal, Mrinmay; Chakraborty, Debashis; Journal of Polymer Science, Part A: Polymer Chemistry; vol. 54; nb. 6; (2016); p. 809 - 824",2016,valid,ionic_liquid,
164,Styrene oxide,"4-phenyl-1,3-dioxolan-2-one",94.0,60.0,0.10133,8.0,tetrabutylammonium bromide,,,,,,,,,,无溶剂,,,,"Catalyt‐ ic behavior, Reagent/catalyst, Temperature, Time Tiffner, Maximilian; Gonglach, Sabrina; Haas, Michael; Sch?fberger, Wolfgang; Waser, Mario; Chemistry - An Asian Journal; vol. 12; nb. 10; (2017); p. 1048 - 1051",2017,valid,ionic_liquid,无溶剂
165,Styrene oxide,"4-phenyl-1,3-dioxolan-2-one",94.0,90.0,0.1,3.0,imidazolium bromide,,imidazolium,,,,,,,,,,,,"Inert at‐ mosphere Ji, Liangzheng; Luo, Zhoujie; Zhang, Yongya; Wang, Rong; Ji, Yayan; Xia, Fei; Gao, Guohua; Molecular cataly‐ sis; vol. 446; (2018); p. 124 - 130",2018,valid,ionic_liquid,
167,Styrene oxide,"4-phenyl-1,3-dioxolan-2-one",94.6,100.0,2.00003,24.0,tetrabutylammonium bromide,,,,,,,,,,无溶剂,,,,"Cho, Kyoungil; Lee, Sang Moon; Kim, Hae Jin; Ko, Yoon-Joo; Kang, Eun Joo; Son, Seung Uk; Chemistry - A European Journal; vol. 26; nb. 4; (2020); p. 788 - 794",2020,valid,ionic_liquid,无溶剂
168,Styrene oxide,"4-phenyl-1,3-dioxolan-2-one",94.0,80.0,0.20266,,tetrabutylammonium bromide,,,,,,,,,,,,,,"Reagent/catalyst, Temperature Ganina;Bondarenko;Isaeva;Kustov;Beletskaya; Russian Journal of Organic Chemistry; vol. 55; nb. 12; (2019); p. 1813 - 1820; Zh. Org. Khim.; vol. 55; nb. 12; (2019); p. 1813 - 1821",2019,valid,ionic_liquid,
169,Styrene oxide,"4-phenyl-1,3-dioxolan-2-one",94.0,50.0,0.10133,24.0,tetra-(n-butyl)ammonium iodide,,,,,,,,,,,,,,"Catalytic behavior Guo, Zhiqiang;Xu, Yuan;Chao, Jianbin;Wei, Xuehong; European Journal of Inorganic Chemistry; vol. 2020; nb. 29; (2020); p. 2835 - 2841",2020,valid,unknown,
170,Styrene oxide,"4-phenyl-1,3-dioxolan-2-one",94.0,100.0,,12.0,tetrabutylammonium bromide,,,,,,,,,,water,ethyl acetate,,,"The general procedure for the coupling reaction of styreneoxide and CO2 General procedure: In a typical reaction, CO2 (balloon) and styrene oxide (5 mmol)was mixed with rhodamine B (0.5 mmol), TBAB (0.5 mmol) in a 25 mL in a glass tubular reactor equipped with a magnetic stir bar.And then, the mix‐ ture was stirred at 100 C for 12 h. After the reaction,the mixture was diluted with H2O (10 mL), and extractedwith ethyl acetate (3x20 mL). The combined organic phases werewashed with water and brine, dried over anhydrous Na2SO4, andconcentrated in vacuo. The residue was purified by flash columnchromatograph on silica gel to afford the target product 2a. Synthesisof other compounds 2b-2o was performed by an analogousprocedure. With tetrabutylammomium bromide, rhodamine B, Time= 12h, T= 100 °C , Catalytic behavior, Reagent/catalyst, Temperature, Pressure Wu, Feng-tian; Wu, Ling; Cui, Chun-na; Tetrahedron; vol. 83; (2021)",2021,valid,ionic_liquid,water; ethyl acetate
171,Styrene oxide,"4-phenyl-1,3-dioxolan-2-one",94.0,120.0,2.00003,6.0,potassium iodide,,,,,,,,,,无溶剂,,,,"Yu, Fang-Yu;Xu, Li-Feng;Wu, An-Guo;Zhao, Man;Li, Hong-Ru;He, Liang-Nian; ChemCatChem; vol. 17; nb. 24; (2025); Art.No: e01364",2025,valid,metal_halide,无溶剂
172,Styrene oxide,"4-phenyl-1,3-dioxolan-2-one",94.6,100.0,1.20002,8.0,tetrabutylammonium bromide,,,,,,,,,,,,,,"Liu, Xiaolan;Lei, Kaiwen;Yang, Ke;Lv, Pei;Liu, Jiyong;Shen, Yudong;Xu, Wei; Inorganic Chemistry; vol. 65; nb. 2; (2026); p. 1621 - 1633",2026,valid,ionic_liquid,
174,Styrene oxide,"4-phenyl-1,3-dioxolan-2-one",93.0,85.0,1.00001,45.0,tetra-(n-butyl)ammonium iodide,,,,,,,,,,,,,,"Reagent/ catalyst Qin, Jie; Wang, Peng; Li, Qingyan; Zhang, Yong; Yuan, Dan; Yao, Yingming; Chemical Communications; vol. 50; nb. 75; (2014); p. 10952 - 10955",2014,valid,unknown,
175,Styrene oxide,"4-phenyl-1,3-dioxolan-2-one",93.0,150.0,3.00005,8.0,"2,4,6-triamino-s-triazine",,,,,,,,,,,,,,"Time Liu, Mengshuai; Liu, Bo; Shi, Lei; Wang, Fangxiao; Liang, Lin; Sun, Jianmin; RSC Advances; vol. 5; nb. 2; (2015); p. 960 - 966",2015,valid,unknown,
176,Styrene oxide,"4-phenyl-1,3-dioxolan-2-one",93.0,120.0,1.70003,9.0,sodium bromide,,,,,,,,,,,,,,"Maeda, Chihiro; Taniguchi, Tomoya; Ogawa, Kanae; Ema, Tadashi; Angewandte Chemie - International Edition; vol. 54; nb. 1; (2015); p. 134 - 138; Angew. Chem.; vol. 127; nb. 1; (2015); p. 136 - 140,5; Angewandte Chemie; vol. 127; nb. 1; (2015); p. 136 - 140,5",2015,valid,metal_halide,
177,Styrene oxide,"4-phenyl-1,3-dioxolan-2-one",93.0,90.0,1.00001,4.0,triethanolammonium iodide,,,,,,,,,,无溶剂,,,,"Green chemistry, Reagent/catalyst Kohrt, Christina; Werner, Thomas; ChemSusChem; vol. 8; nb. 12; (2015); p. 2031 - 2034",2015,valid,ionic_liquid,无溶剂
178,Styrene oxide,"4-phenyl-1,3-dioxolan-2-one",93.1,110.0,2.00003,5.0,tetra-(n-butyl)ammonium iodide,,,,,,,,,,,,,,"Peng, Jing; Yang, Hai-Jian; Wei, Zidong; Guo, Cun-Yue; RSC Advances; vol. 5; nb. 65; (2015); p. 53063 - 53072",2015,valid,unknown,
179,Styrene oxide,"4-phenyl-1,3-dioxolan-2-one",93.0,50.0,1.00001,18.0,tetra-(n-butyl)ammonium iodide,,,,,,,,,,,,,,"Martínez-Rodríguez, Luis; Otalora Garmilla, Javier; Kleij, Arjan W.; ChemSusChem; vol. 9; nb. 7; (2016); p. 749 -755",2016,valid,unknown,
180,Styrene oxide,"4-phenyl-1,3-dioxolan-2-one",93.0,25.0,0.1,24.0,tetrabutylammonium bromide,,,,,,,,,,无溶剂,,,,"Kinetics, Reagent/catalyst, Time, Tem‐ perature Castro-Osma, José A.; Lamb, Katie J.; North, Michael; ACS Catalysis; vol. 6; nb. 8; (2016); p. 5012 - 5025",2016,valid,ionic_liquid,无溶剂
181,Styrene oxide,"4-phenyl-1,3-dioxolan-2-one",93.2,20.0,0.10133,48.0,tetrabutylammonium bromide,,,,,,,,,,,,,,"Wang, Shaolei; Song, Kunpeng; Zhang, Chengxin; Shu, Yu; Li, Tao; Tan, Bien; Journal of Materials Chemistry A; vol. 5; nb. 4; (2017); p. 1509 - 1515",2017,valid,ionic_liquid,
183,Styrene oxide,"4-phenyl-1,3-dioxolan-2-one",93.0,100.0,1.00001,16.0,potassium iodide,,,,,,,,,,,,,,"Reagent/catalyst Luo, Rongchang; Zhang, Wuying; Zhou, Xiantai; Ji, Hongbing; Chinese Journal of Chemistry; vol. 35; nb. 5; (2017); p. 659 - 664",2017,valid,metal_halide,
184,Styrene oxide,"4-phenyl-1,3-dioxolan-2-one",93.0,70.0,1.00001,4.0,tetrabutylammonium bromide,,,,,,,,,,无溶剂,,,,"Reagent/catalyst, Temperature Martínez, Javier; Fernández-Baeza, Juan; Sánchez-Barba, Luis F.; Castro-Osma, José A.; Lara-Sánchez, Agustín; Otero, Antonio; ChemSusChem; vol. 10; nb. 14; (2017); p. 2886 - 2890",2017,valid,ionic_liquid,无溶剂
185,Styrene oxide,"4-phenyl-1,3-dioxolan-2-one",93.0,27.0,,48.0,tetrahexylammonium bromide,,,,,,,,,,,,,,"With tetrahexylammonium bromide, Time= 48h, T= 27 °C , Schlenk technique, Catalytic behavior, Reagent/catalyst, chemoselective reaction Kim, Myung Hyun; Song, Taemoon; Seo, Ue Ryung; Park, Ji Eun; Cho, Kyoungil; Lee, Sang Moon; Kim, Hae Jin; Ko, Yoon-Joo; Chung, Young Keun; Son, Seung Uk; Journal of Materials Chemistry A; vol. 5; nb. 45; (2017); p. 23612 - 23619",2017,valid,ionic_liquid,
186,Styrene oxide,"4-phenyl-1,3-dioxolan-2-one",93.1,25.0,0.10133,24.0,tetrabutylammonium bromide,,,,,,,,,,dichloromethane,,,,"Chen, Jing-Huo; Deng, Cheng-Hua; Fang, Sheng; Ma, Jian-Gong; Cheng, Peng; Green Chemistry; vol. 20; nb. 5; (2018); p. 989 - 996",2018,valid,ionic_liquid,dichloromethane
188,Styrene oxide,"4-phenyl-1,3-dioxolan-2-one",93.0,25.0,0.10133,48.0,tetrabutylammonium bromide,,,,,,,,,,,,,,"Ng, Chee Koon; Toh, Ren Wei; Lin, Ting Ting; Luo, He-Kuan; Hor, T. S. Andy; Wu, Jie; Chemical Science; vol. 10; nb. 5; (2019); p. 1549 - 1554",2019,valid,ionic_liquid,
191,Styrene oxide,"4-phenyl-1,3-dioxolan-2-one",93.0,100.0,0.1,18.0,tetrabutylammonium bromide,,,,,,,,,,无溶剂,,,,"Hua, Linyan; Li, Baoxia; Han, Cuiting; Gao, Pengfei; Wang, Yaorong; Yuan, Dan; Yao, Yingming; Inorganic Chemistry; vol. 58; nb. 13; (2019); p. 8775 - 8786",2019,valid,ionic_liquid,无溶剂
193,Styrene oxide,"4-phenyl-1,3-dioxolan-2-one",93.0,100.0,0.50001,2.0,tetrabutylammonium bromide,,,,,,,,,,无溶剂,,,,"Cui, Xinjiang; Dai, Xingchao; Surkus, Annette-Enrica; Junge, Kathrin; Kreyenschulte, Carsten; Agostini, Gio‐ vanni; Rockstroh, Nils; Beller, Matthias; Cuihua Xuebao/Chinese Journal of Catalysis; vol. 40; nb. 11; (2019); p. 1679 - 1685",2019,valid,ionic_liquid,无溶剂
194,Styrene oxide,"4-phenyl-1,3-dioxolan-2-one",93.0,60.0,0.50001,4.0,tetrabutylammonium bromide,,,,,,,,,,,,,,"Lahkar, Surabhi;Borah, Rakhimoni;Deori, Naranarayan;Brahma, Sanfaori; Polyhedron; vol. 192; (2020); Art.No: 114848",2020,valid,ionic_liquid,
196,Styrene oxide,"4-phenyl-1,3-dioxolan-2-one",93.0,80.0,0.1,24.0,tetra-(n-butyl)ammonium iodide,,,,,,,,,,无溶剂,,,,"Inert atmosphere, Schlenk technique, Glovebox, Catalytic behavior, Reagent/catalyst Saltarini, Sebastián; Villegas-Escobar, Nery; Martínez, Javier; Daniliuc, Constantin G.; Matute, Ricardo A.; Gade, Lutz H.; Rojas, René S.; Inorganic Chemistry; vol. 60; nb. 2; (2021); p. 1172 - 1182",2021,valid,unknown,无溶剂
198,Styrene oxide,"4-phenyl-1,3-dioxolan-2-one",93.0,25.0,0.10133,24.0,tetrabutylammonium bromide,,,,,,,,,,无溶剂,,,,"Yin, Kuan; Hua, Linyan; Qu, Liye; Yao, Quanyou; Wang, Yaorong; Yuan, Dan; You, Hongpeng; Yao, Yingm‐ ing; Dalton Transactions; vol. 50; nb. 4; (2021); p. 1453 - 1464",2021,valid,ionic_liquid,无溶剂
200,Styrene oxide,"4-phenyl-1,3-dioxolan-2-one",93.0,120.0,0.80001,2.0,tetrabutylammonium bromide,,,,,,,,,,无溶剂,,,,"Catalytic behavior, Reagent/catalyst, Temperature, Time, Pressure Chen, Changjuan;Zhang, Aijiang; New Journal of Chemistry; vol. 45; nb. 43; (2021); p. 20155 - 20163",2021,valid,ionic_liquid,无溶剂
201,Styrene oxide,"4-phenyl-1,3-dioxolan-2-one",93.0,120.0,0.60001,12.0,tetrabutylammonium bromide,,,,,,,,,,DMSO,,,,"Green chemistry, Catalytic behavior, Reagent/catalyst, Temperature, Pressure Wu, Ling;Zeng, Qingpeng;Hu, Pinghua;Zong, Taoqi;Wu, Fengtian; Letters in Organic Chemistry; vol. 18; nb. 10; (2021); p. 812 - 816",2021,valid,ionic_liquid,DMSO
202,Styrene oxide,"4-phenyl-1,3-dioxolan-2-one",93.0,90.0,0.70001,3.0,imidazolium,,,,,,,,,,,,,,"Liu, Yang;Hu, Yu Lin; Bulletin of the Chemical Society of Ethiopia; vol. 36; nb. 2; (2022); p. 433 - 450",2022,valid,ionic_liquid,
203,Styrene oxide,"4-phenyl-1,3-dioxolan-2-one",93.0,100.0,,8.0,tetrabutylammonium bromide,,,,,,,,,,无溶剂,,,,"With tetrabutylammomium bromide in neat (no solvent), Time= 8h, T= 100 °C , Catalytic behavior, Reagent/catalyst, Solvent, Temperature Erfani-Ghorbani, Reza;Eshghi, Hossein;Shiri, Ali; RSC Advances; vol. 15; nb. 10; (2025); p. 7236 - 7247",2025,valid,ionic_liquid,无溶剂
204,Styrene oxide,"4-phenyl-1,3-dioxolan-2-one",93.0,20.0,0.1,24.0,tetra-(n-butyl)ammonium iodide,,sodium chloride,,,,,,,,,,,,"Reynes, Javier F.;álvarez-Miguel, Lucia;Winkelmann;Felderhoff;Mosquera, Marta E. G.;Whiteoak, Christo‐ pher J.;García, Felipe; Angewandte Chemie - International Edition; vol. 64; nb. 27; (2025); Art.No: e202502584; Angew. Chem.; vol. 137; nb. 27; (2025)",2025,valid,metal_halide,
206,Styrene oxide,"4-phenyl-1,3-dioxolan-2-one",93.0,45.0,0.10133,12.0,tetrabutylammonium bromide,,,,,,,,,,acetonitrile,,,,"Catalytic behavior, Reagent/catalyst, Temperature Maurya, Mannar R.;Singh, Teenu;Dixit, Tejal;Venkatesh;Avecilla, Fernando;Sankar, Muniappan; Inorganic Chemistry; vol. 65; nb. 1; (2026); p. 372 - 394",2026,valid,ionic_liquid,acetonitrile
207,Styrene oxide,"4-phenyl-1,3-dioxolan-2-one",92.0,50.0,0.1,15.0,tetrabutylammonium bromide,,,,,,,,,,,,,,"Song, Jinliang; Zhang, Zhaofu; Hu, Suqin; Wu, Tianbin; Jiang, Tao; Han, Buxing; Green Chemistry; vol. 11; nb. 7; (2009); p. 1031 - 1036",2009,valid,ionic_liquid,
209,Styrene oxide,"4-phenyl-1,3-dioxolan-2-one",92.0,90.0,0.10133,24.0,triethylamine,,,,,,,,,,,,,,"Gong, Qing; Luo, Huadong; Cao, Di; Zhang, Haibo; Wang, Wenjing; Zhou, Xiaohai; Bulletin of the Korean Chemical Society; vol. 33; nb. 6; (2012); p. 1945 - 1948",2012,valid,organic_base,
210,Styrene oxide,"4-phenyl-1,3-dioxolan-2-one",92.0,100.0,1.50002,2.0,imidazolium,,DMAP,,,,,,,,无溶剂,,,,"Reagent/catalyst Coskun, Senem; Tasci, Zeynep; Ulusoy, Mahmut; Yurdakoc, Mueruevvet; Turkish Journal of Chemistry; vol. 38; nb. 4; (2014); p. 600 - 610",2014,valid,mixed_system,无溶剂
213,Styrene oxide,"4-phenyl-1,3-dioxolan-2-one",92.0,80.0,1.00001,2.5,salen,,,,,,,,,,无溶剂,,,,"Green chemistry Sadeghzadeh, Seyed Mohsen; Research on Chemical Intermediates; vol. 42; nb. 3; (2016); p. 2317 - 2328",2016,valid,unknown,无溶剂
214,Styrene oxide,"4-phenyl-1,3-dioxolan-2-one",92.0,90.0,1.00001,2.0,imidazolium bromide,,,,,,,,,,,,,,"Wu, Shi; Wang, Binshen; Zhang, Yongya; Elageed, Elnazeer H.M.; Wu, Haihong; Gao, Guohua; Journal of Mo‐ lecular Catalysis A: Chemical; vol. 418-419; (2016); p. 1 - 8",2016,valid,ionic_liquid,
216,Styrene oxide,"4-phenyl-1,3-dioxolan-2-one",92.3,120.0,1.00001,2.0,imidazolium bromide,,,,,,,,,,,,,,"Ionic liquid Yue, Shuang; Song, Qian; Zang, Shuliang; Deng, Guichun; Li, Jun; Australian Journal of Chemistry; vol. 71; nb. 6; (2018); p. 407 - 415",2018,valid,ionic_liquid,
220,Styrene oxide,"4-phenyl-1,3-dioxolan-2-one",92.0,110.0,1.80003,4.0,imidazolium,,,,,,,,,,,,,,"Green chemistry Roshan, Kuruppathparambil Roshith; Kim, Juntae; Tharun, Jose; Park, Gyung-Ah; Park, Dae-Won; Mathai, George; Green Chemistry; vol. 14; nb. 10; (2012); p. 2933 - 2940,8",2012,valid,ionic_liquid,
221,Styrene oxide,"4-phenyl-1,3-dioxolan-2-one",92.0,60.0,1.01332,12.0,tetrabutylammonium bromide,,,,,,,,,,,,,,"Temperature, Time Zhang, Tao; Chen, Hongtai; Lv, Hongxiao; Li, Qiaoling; Zhang, Xiutang; RSC Advances; vol. 11; nb. 16; (2021); p. 9731 - 9739",2021,valid,ionic_liquid,
222,Styrene oxide,"4-phenyl-1,3-dioxolan-2-one",92.0,20.0,0.50001,1.0,tetrabutylammonium bromide,,,,,,,,,,,,,,"Catalytic behavior Kanti Das, Sabuj; Ghosh, Anirban; Bhattacharjee, Sudip; Chowdhury, Avik; Mitra, Partha; Bhaumik, Asim; New Journal of Chemistry; vol. 45; nb. 20; (2021); p. 9189 - 9196",2021,valid,ionic_liquid,
223,Styrene oxide,"4-phenyl-1,3-dioxolan-2-one",92.0,60.0,1.00001,12.0,tetrabutylammonium bromide,,,,,,,,,,,,,,PatentINST CHEMISTRY CAS; INSTITUTE OF CHEMISTRY OF CHINESE ACADEMY OF SCIENCES; CN112979606; (2021); (A) EnglishInstitute of Chemistry (in: CAS); CHINESE ACADEMY OF SCIENCES,2021,valid,ionic_liquid,
226,Styrene oxide,"4-phenyl-1,3-dioxolan-2-one",92.0,70.0,0.1,24.0,tetrabutylammonium bromide,,,,,,,,,,,,,,"Temperature, Reagent/catalyst Liu, Nana;Li, Yongfei;Zheng, Jun;Liu, Baojie;Liu, Guang-Ning;Wang, Yong;Wang, Suna; Inorganic Chemistry; vol. 64; nb. 9; (2025); p. 4534 - 4543",2025,valid,ionic_liquid,
228,Styrene oxide,"4-phenyl-1,3-dioxolan-2-one",92.0,80.0,,8.0,tetrabutylammonium bromide,,,,,,,,,,无溶剂,,,,"With tetrabutylammomium bromide, C  (4+)44 H 68 Er N 6 16 O 33 *16H2O in neat (no solvent), Time= 8h, T= 80 °C , Catalytic behavior, Reagent/catalyst, Temperature, Solvent, Time Liu, Bo-Yu;Abdukader, Ablimit;Huang, Jian-Bo;Wang, Lu-Lu;Wang, Duo-Zhi; Dalton Transactions; vol. 55; nb. 5; (2026); p. 2312 - 2317",2026,valid,ionic_liquid,无溶剂
230,Styrene oxide,"4-phenyl-1,3-dioxolan-2-one",91.0,120.0,,0.25,tetraphenylstibonium bromide,,,,,,,,,,,,,,"With tetraphenylstibonium bromide, Time= 0.25h, T= 120 °C , other catalyst. other time, Further byproducts given Nomura, Ryoki; Ninagawa, Akira; Matsuda, Haruo; Journal of Organic Chemistry; vol. 45; nb. 19; (1980); p. 3735 -3738",1980,valid,ionic_liquid,
235,Styrene oxide,"4-phenyl-1,3-dioxolan-2-one",91.0,0.0,0.80001,12.5,tetra-(n-butyl)ammonium iodide,,,,,,,,,,,,,,"Cooling with ice, Autoclave, Green chemistry Bai, Dongsheng; Jing, Huanwang; Wang, Guangjian; Applied Organometallic Chemistry; vol. 26; nb. 11; (2012); p. 600 - 603",2012,valid,unknown,
238,Styrene oxide,"4-phenyl-1,3-dioxolan-2-one",91.7,120.0,2.00003,6.0,imidazolium,,,,,,,,,,无溶剂,,,,"Green chemis‐ try Chen, Qin; Peng, Chang; Xie, Haibo; Zhao, Zongbao Kent; Bao, Ming; RSC Advances; vol. 5; nb. 55; (2015); p. 44598 - 44603",2015,valid,ionic_liquid,无溶剂
239,Styrene oxide,"4-phenyl-1,3-dioxolan-2-one",91.0,80.0,0.50666,6.0,tetra-(n-butyl)ammonium iodide,,,,,,,,,,,,,,"Pressure, Tem‐ perature, Time Mamone, Marius; Milcent, Thierry; Crousse, Benoit; Chemical Communications; vol. 51; nb. 64; (2015); p. 12736 -12739",2015,valid,unknown,
240,Styrene oxide,"4-phenyl-1,3-dioxolan-2-one",91.0,85.0,0.1,24.0,tetrabutylammonium bromide,,,,,,,,,,无溶剂,,,,"Time Gao, Pengfei; Zhao, Zhiwen; Chen, Lijuan; Yuan, Dan; Yao, Yingming; Organometallics; vol. 35; nb. 11; (2016); p. 1707 - 1712",2016,valid,ionic_liquid,无溶剂
241,Styrene oxide,"4-phenyl-1,3-dioxolan-2-one",91.0,40.0,0.1,6.0,tetrabutylammonium bromide,,,,,,,,,,,,,,"Industrial scale, Reagent/ catalyst Chen, Yaju; Luo, Rongchang; Xu, Qihang; Zhang, Wuying; Zhou, Xiantai; Ji, Hongbing; ChemCatChem; vol. 9; nb. 5; (2017); p. 767 - 773",2017,valid,ionic_liquid,
244,Styrene oxide,"4-phenyl-1,3-dioxolan-2-one",91.0,120.0,1.00001,10.0,tetra-(n-butyl)ammonium iodide,,Al-salan complex,,,,,,,,无溶剂,,,,"Green chemistry, Catalytic behavior, Reagent/catalyst, Temperature Ma, Ran; Sun, Haojie; Cui, Yuanzhi; RSC Advances; vol. 8; nb. 20; (2018); p. 11145 - 11149",2018,valid,unknown,无溶剂
245,Styrene oxide,"4-phenyl-1,3-dioxolan-2-one",91.0,70.0,0.10133,12.0,tetrabutylammonium bromide,,,,,,,,,,,,,,"Taniya, Seikh;Khanra, Somnath;Ta, Sabyasachi;Chatterjee, Sudeshna;Salam, Noor;Das, Debasis; RSC Ad‐ vances; vol. 10; nb. 37; (2020); p. 22284 - 22290",2020,valid,ionic_liquid,
247,Styrene oxide,"4-phenyl-1,3-dioxolan-2-one",91.0,60.0,1.00001,16.0,tetrabutylammonium bromide,,,,,,,,,,无溶剂,,,,"Au‐ toclave, Catalytic behavior, Kinetics, Reagent/catalyst, Temperature, Pressure Fernández-Baeza, Juan;Sánchez-Barba, Luis F.;Lara-Sánchez, Agustín;Sobrino, Sonia;Martínez-Ferrer, Jaime;Garcés, Andrés;Navarro, Marta;Rodríguez, Ana M.; Inorganic Chemistry; vol. 59; nb. 17; (2020); p. 12422 -12430",2020,valid,ionic_liquid,无溶剂
248,Styrene oxide,"4-phenyl-1,3-dioxolan-2-one",91.0,45.0,0.30001,24.0,tetrabutylammonium bromide,,,,,,,,,,无溶剂,,,,"Temperature Song, Wen-Yue;Liu, Qiuli;Bu, Qingqing;Wei, Donghui;Dai, Bin;Liu, Ning; Organometallics; vol. 39; nb. 19; (2020); p. 3546 - 3561",2020,valid,ionic_liquid,无溶剂
249,Styrene oxide,"4-phenyl-1,3-dioxolan-2-one",91.0,90.0,1.00001,24.0,tetrabutylammonium bromide,,,,,,,,,,,,,,"Anwander, Reiner;Bayer, Uwe;Liang, Yucang; Inorganic Chemistry; vol. 59; nb. 19; (2020); p. 14605 - 14614",2020,valid,ionic_liquid,
252,Styrene oxide,"4-phenyl-1,3-dioxolan-2-one",91.0,60.0,0.10133,10.0,tetrabutylammonium bromide,,,,,,,,,,无溶剂,,,,"Green chemistry Sarkar, Somnath;Ghosh, Swarbhanu;Islam, Sk. Manirul; Organic and Biomolecular Chemistry; vol. 20; nb. 8; (2022); p. 1707 - 1722",2022,valid,ionic_liquid,无溶剂
254,Styrene oxide,"4-phenyl-1,3-dioxolan-2-one",91.0,120.0,0.1,12.0,tetrabutylammonium bromide,,,,,,,,,,water,dichloromethane,THF,,"Inert atmosphere, Schlenk technique Ju, Pengyao;Qi, Wei;Guo, Bixuan;Liu, Wanting;Wu, Qiaolin;Su, Qing; Catalysis Letters; vol. 153; nb. 7; (2023); p. 2125 - 2136",2023,valid,ionic_liquid,water; dichloromethane; THF
256,Styrene oxide,"4-phenyl-1,3-dioxolan-2-one",91.0,60.0,1.01332,6.0,zinc dibromide,,,,,,,,,,water,ethyl acetate,hexane,,"Temperature, Time Khalaj, Mehdi;Bakhtiari, Maryam;Musavi Safavi, Seyed Mahmoud;Ghashang, Majid; Reactive and Functional Polymers; vol. 220; (2026); Art.No: 106609",2026,valid,metal_halide,water; ethyl acetate; hexane
257,Styrene oxide,"4-phenyl-1,3-dioxolan-2-one",90.0,100.0,3.44745,,triethylamine,,salen,,,,,,,,dichloromethane,,,,"Shen, Yu-Mei; Duan, Wei-Liang; Shi, Min; Journal of Organic Chemistry; vol. 68; nb. 4; (2003); p. 1559 - 1562",2003,valid,organic_base,dichloromethane
259,Styrene oxide,"4-phenyl-1,3-dioxolan-2-one",90.0,130.0,2.50004,6.0,imidazolium bromide,,,,,,,,,,,,,,"Shi, Tian-Yuan; Wang, Jin-Quan; Sun, Jian; Wang, Ming-Hui; Cheng, Wei-Guo; Zhang, Suo-Jiang; RSC Ad‐ vances; vol. 3; nb. 11; (2013); p. 3726 - 3732",2013,valid,ionic_liquid,
261,Styrene oxide,"4-phenyl-1,3-dioxolan-2-one",90.0,80.0,0.101325,24.5,imidazolium chloride,,zinc dibromide,,imidazolium,,,,,,,,,,"With potassium carbonate, zinc dibromide, 1,3-bis[2,6-diisopropylphenyl]imidazolium chloride in dimethyl sulfoxide, Time= 24.5h, T= 80 °C , Schlenk technique, Inert atmosphere Kim, Seung Hyo; Kim, Kwang Hee; Hong, Soon Hyeok; Angewandte Chemie - International Edition; vol. 53; nb. 3; (2014); p. 771 - 774; Angew. Chem.; vol. 126; nb. 3; (2014); p. 790 - 793",2014,valid,mixed_system,
262,Styrene oxide,"4-phenyl-1,3-dioxolan-2-one",90.0,23.0,1.00001,2.0,potassium iodide,,,,,,,,,,无溶剂,,,,"Reagent/catalyst, Temperature Werner, Thomas; Tenhumberg, Nils; Büttner, Hendrik; ChemCatChem; vol. 6; nb. 12; (2014); p. 3493 - 3500",2014,valid,metal_halide,无溶剂
264,Styrene oxide,"4-phenyl-1,3-dioxolan-2-one",90.0,45.0,1.00001,12.0,tetrabutylammonium bromide,,,,,,,,,,,,,,"chemoselective reaction Liu, Mei-Pin; Luo, Yan-Ping; Xu, Lei; Sun, Lin; Du, Hong-Bin; Dalton Transactions; vol. 45; nb. 6; (2016); p. 2369 -2373",2016,valid,ionic_liquid,
269,Styrene oxide,"4-phenyl-1,3-dioxolan-2-one",90.2,100.0,,4.5,tetrabutylammonium bromide,,zinc dibromide,,,,,,,,,,,,"3 : Example 3 To a three-necked flask equipped with a condenser tube, 100 mmol of styrene oxide, 1 mmol of ZnBr2, 2.5 mmol of tetrabutylammonium bromide, and 10 mL of N,N-dimethylformamide were successively added.Introduce carbon di‐ oxide into the flask.Replace the air for 0.5 h, stir and heat up to 100 oC, and continue the reaction for 4 h. After the reaction is completed, cool to room temperature and collect the liquid phase product in the flask.After centrifugation, a small amount of supernatant was taken and the liquid product composition was analyzed by GC. The yield of styr‐ ene cyclic carbonate was 90.2%. With tetrabutylammomium bromide, zinc dibromide in N,N-dimethyl-formamide, Time= 4.5h, T= 100 °C , Reagent/ catalyst PatentUNIV WUHAN POLYTECHNIC; WUHAN POLYTECHNIC UNIVERSITYWuhan Polytechnic University; CN107417659; (2017); (A) EnglishWUHAN POLYTECHNIC UNIVERSITY",2017,valid,mixed_system,
271,Styrene oxide,"4-phenyl-1,3-dioxolan-2-one",90.0,80.0,0.10133,12.0,tetrabutylammonium bromide,,,,,,,,,,无溶剂,,,,"Catalytic behavior, Pressure Yao, Cheng; Zhou, Shaolin; Kang, Xiaojing; Zhao, Yang; Yan, Rui; Zhang, Yan; Wen, Lili; Inorganic Chemistry; vol. 57; nb. 17; (2018); p. 11157 - 11164",2018,valid,ionic_liquid,无溶剂
272,Styrene oxide,"4-phenyl-1,3-dioxolan-2-one",90.0,99.8,1.00001,12.0,tetrabutylammonium bromide,,lithium bromide,,,,,,,,无溶剂,,,,"Catalytic behavior Yang, Yang; Guo, Zhenli; Chen, Xiao-Hong; Liu, Jinglin; Journal of Solid State Chemistry; vol. 276; (2019); p. 190 - 193",2019,valid,mixed_system,无溶剂
273,Styrene oxide,"4-phenyl-1,3-dioxolan-2-one",90.0,25.0,0.1,24.0,tetrabutylammonium bromide,,,,,,,,,,无溶剂,,,,"Cat‐ alytic behavior, Reagent/catalyst, Time Gaona, Miguel A.; De La Cruz-Martínez, Felipe; Fernández-Baeza, Juan; Sánchez-Barba, Luis F.; Alonso-Mor‐ eno, Carlos; Rodríguez, Ana M.; Rodríguez-Diéguez, Antonio; Castro-Osma, José A.; Otero, Antonio; Lara- Sánchez, Agustín; Dalton Transactions; vol. 48; nb. 13; (2019); p. 4218 - 4227",2019,valid,ionic_liquid,无溶剂
275,Styrene oxide,"4-phenyl-1,3-dioxolan-2-one",90.0,120.0,0.1,8.0,tetrabutylammonium chloride,,tetrabutylammonium bromide,,tetra-(n-butyl)ammonium iodide,,pyridine,,,,ethyl acetate,,,,"Suleman, Suleman; Younus, Hussein A.; Ahmad, Nazir; Khattak, Zafar A.K.; Ullah, Habib; Park, Jihae; Han, Taejun; Yu, Baoyi; Verpoort, Francis; Applied Catalysis A: General; vol. 591; (2020); Art.No: 117384",2020,valid,mixed_system,ethyl acetate
276,Styrene oxide,"4-phenyl-1,3-dioxolan-2-one",90.0,110.0,1.00001,3.0,tetrabutylammonium bromide,,,,,,,,,,,,,,"Xiong, Xingquan; Zhang, Hui; Lai, Shi Lin; Gao, Jinbin; Gao, Lizhu; Reactive and functional polymers; vol. 149; (2020); Art.No: 104502",2020,valid,ionic_liquid,
277,Styrene oxide,"4-phenyl-1,3-dioxolan-2-one",90.0,40.0,0.10133,18.0,tetrabutylammonium bromide,,,,,,,,,,,,,,"Carrasco, Sergio;Sanz-Marco, Amparo;Martín-Matute, Belén; Organometallics; vol. 38; nb. 18; (2019); p. 3429 - 3435",2019,valid,ionic_liquid,
278,Styrene oxide,"4-phenyl-1,3-dioxolan-2-one",90.1,80.0,0.10133,,tetrabutylammonium bromide,,,,,,,,,,,,,,"Jin, Jing;Xue, Juanjuan;Wu, Dan;Yang, Guoping;Wang, Yaoyu; Chemical Communications; vol. 58; nb. 56; (2022); p. 7749 - 7752",2022,valid,ionic_liquid,
279,Styrene oxide,"4-phenyl-1,3-dioxolan-2-one",90.0,40.0,0.1,20.0,tetrabutylammonium bromide,,,,,,,,,,,,,,PatentGUANGDONG TANYU NEW MAT CO LTD; GUANGDONG TANYU NEW MAT; CN119285598; (2025); (A) ChineseGUANGDONG TANYU NEW MAT,2025,valid,ionic_liquid,
281,Styrene oxide,"4-phenyl-1,3-dioxolan-2-one",90.0,25.0,,6.0,tetrabutylammonium bromide,,,,,,,,,,无溶剂,,,,"With tetrabutylammomium bromide, C40H36N10Zn in neat (no solvent), Time= 6h, T= 25 °C , Catalytic behavior, Re‐ agent/catalyst, Temperature Das, Anindita;Das, Surajit;Das, Dhiraj;Sarkar, Sayan;Pal, Kuntal; Chemistry - An Asian Journal; vol. 20; nb. 20; (2025); Art.No: e00823",2025,valid,ionic_liquid,无溶剂
282,Styrene oxide,"4-phenyl-1,3-dioxolan-2-one",89.0,100.0,4.50007,24.0,imidazolium,,,,,,,,,,,,,,"Inert atmosphere Kayaki, Yoshihito; Yamamoto, Masafumi; Ikariya, Takao; Angewandte Chemie - International Edition; vol. 48; nb. 23; (2009); p. 4194 - 4197",2009,valid,ionic_liquid,
286,Styrene oxide,"4-phenyl-1,3-dioxolan-2-one",89.0,18.0,0.1,24.0,tetrabutylammonium bromide,,,,,,,,,,,,,,"Pressure Castro-Osma, Jose A.; Alonso-Moreno, Carlos; Lara-Sanchez, Agustin; Martinez, Javier; North, Michael; Otero, Antonio; Catalysis science and technology; vol. 4; nb. 6; (2014); p. 1674 - 1684",2014,valid,ionic_liquid,
288,Styrene oxide,"4-phenyl-1,3-dioxolan-2-one",89.0,20.0,0.10133,30.0,tetrabutylammonium bromide,,,,,,,,,,无溶剂,,,,"Reagent/catalyst Dutta, Gargi; Jana, Ajay Kumar; Natarajan, Srinivasan; Chemistry - An Asian Journal; vol. 13; nb. 1; (2018); p. 66 - 72",2018,valid,ionic_liquid,无溶剂
289,Styrene oxide,"4-phenyl-1,3-dioxolan-2-one",89.0,24.8,0.1,8.0,tetrabutylammonium bromide,,,,,,,,,,,,,,"Schlenk tech‐ nique Sharma, Vivekanand; De, Dinesh; Saha, Ranajit; Das, Ranjita; Chattaraj, Pratim Kumar; Bharadwaj, Parimal K.; Chemical Communications; vol. 53; nb. 100; (2017); p. 13371 - 13374",2017,valid,ionic_liquid,
292,Styrene oxide,"4-phenyl-1,3-dioxolan-2-one",89.0,100.0,0.50001,16.0,imidazolium,,,,,,,,,,无溶剂,,,,"Auto‐ clave, Sealed tube Grollier, Kevin; Vu, Nam Duc; Onida, Killian; Akhdar, Ayman; Norsic, Sébastien; D'Agosto, Franck; Boisson, Christophe; Duguet, Nicolas; Advanced Synthesis and Catalysis; vol. 362; nb. 8; (2020); p. 1696 - 1705",2020,valid,ionic_liquid,无溶剂
293,Styrene oxide,"4-phenyl-1,3-dioxolan-2-one",89.0,120.0,5.20008,16.0,18-crown-6 ether,,,,,,,,,,,,,,"Motokucho, Suguru; Morikawa, Hiroshi; Chemical Communications; vol. 56; nb. 73; (2020); p. 10678 - 10681",2020,valid,unknown,
295,Styrene oxide,"4-phenyl-1,3-dioxolan-2-one",89.0,80.0,0.50666,20.0,tetrabutylammonium bromide,,,,,,,,,,,,,,"Belousov, Yu. A.;Goncharenko;Bondarenko;Ganina;Bezzubov;Taidakov; Russian Journal of Coordination Chemistry; vol. 46; nb. 12; (2020); p. 805 - 811; Koord. Khim.; vol. 46; nb. 8; (2020); p. 477 - 486",2020,valid,ionic_liquid,
296,Styrene oxide,"4-phenyl-1,3-dioxolan-2-one",89.0,80.0,0.50001,20.0,tetra-(n-butyl)ammonium iodide,,tetrabutylammonium iodide,,,,,,,,无溶剂,,,,"Chen, Fei;Tao, Sheng;Liu, Ning;Dai, Bin; Polyhedron; vol. 196; (2021); Art.No: 114990",2021,valid,ionic_liquid,无溶剂
297,Styrene oxide,"4-phenyl-1,3-dioxolan-2-one",89.0,70.0,0.1,24.0,tetra-(n-butyl)ammonium iodide,,,,,,,,,,无溶剂,,,,"Glovebox, Reagent/catalyst Rios Yepes, Yersica; Mesías-Salazar, ángela; Becerra, Alexandra; Daniliuc, Constantin G.; Ramos, Alberto; Fernández-Galán, Rafael; Rodríguez-Diéguez, Antonio; Anti?olo, Antonio; Carrillo-Hermosilla, Fernando; Ro‐ jas, René S.; Organometallics; vol. 40; nb. 16; (2021); p. 2859 - 2869",2021,valid,unknown,无溶剂
298,Styrene oxide,"4-phenyl-1,3-dioxolan-2-one",89.0,50.0,0.1,24.0,tetrabutylammonium bromide,,,,,,,,,,,,,,"Inert atmosphere, Schlenk technique Gaona, Miguel A.;de la Cruz-Martínez, Felipe;Caballero, María P.;Francés-Poveda, Enrique;Rodríguez, Ana M.;Rodríguez-Diéguez, Antonio;North, Michael;Castro-Osma, José A.;Lara-Sánchez, Agustín; Dalton Transac‐ tions; vol. 51; nb. 30; (2022); p. 11302 - 11315",2022,valid,ionic_liquid,
299,Styrene oxide,"4-phenyl-1,3-dioxolan-2-one",89.09,80.0,0.10133,17.0,tetrabutylammonium bromide,,,,,,,,,,"1,4-dioxane",,,,"Reagent/catalyst Li, Linlin;Bai, Xiaojue;Shao, Lei;Zhai, Xu;Fan, Fuqiang;Li, Yunong;Fu, Yu; Bulletin of the Chemical Society of Japan; vol. 94; nb. 10; (2021); p. 2477 - 2483",2021,valid,ionic_liquid,"1,4-dioxane"
300,Styrene oxide,"4-phenyl-1,3-dioxolan-2-one",89.0,80.0,0.1,12.0,tetrabutylammonium bromide,,,,,,,,,,,,,,"Cat‐ alytic behavior, Reagent/catalyst, Temperature Liang, Ze-Long;Wang, Yong-Wei;Ai, Xin-Min;Lv, Jia-Can;Yu, Ying-Ying;Shao, Hong-Xia;Xu, Hang;Zhao, Bin; Dalton Transactions; vol. 54; nb. 48; (2025); p. 17888 - 17895",2025,valid,ionic_liquid,
303,Styrene oxide,"4-phenyl-1,3-dioxolan-2-one",88.0,120.0,1.00001,24.0,tetra-(n-butyl)ammonium hydroxide,,,,,,,,,,,,,,"Ema, Tadashi; Fukuhara, Kazuki; Sakai, Takashi; Ohbo, Masaki; Bai, Fu-Quan; Hasegawa, Jun-Ya; Catalysis science and technology; vol. 5; nb. 4; (2015); p. 2314 - 2321",2015,valid,unknown,
306,Styrene oxide,"4-phenyl-1,3-dioxolan-2-one",88.0,80.0,3.50005,8.0,tetrabutylammonium bromide,,,,,,,,,,无溶剂,,,,"Inert atmosphere, Autoclave, Catalytic behavior, Reagent/catalyst, Temperature Mandal, Mrinmay; Monkowius, Uwe; Chakraborty, Debashis; New Journal of Chemistry; vol. 40; nb. 11; (2016); p. 9824 - 9839",2016,valid,ionic_liquid,无溶剂
308,Styrene oxide,"4-phenyl-1,3-dioxolan-2-one",88.0,100.0,0.10133,24.0,tetrabutylammonium bromide,,,,,,,,,,,,,,"Liu, Jiewei; Fan, Yan-Zhong; Li, Xin; Xu, Yao-Wei; Zhang, Li; Su, Cheng-Yong; ChemSusChem; vol. 11; nb. 14; (2018); p. 2340 - 2347",2018,valid,ionic_liquid,
309,Styrene oxide,"4-phenyl-1,3-dioxolan-2-one",88.0,80.0,0.80001,8.0,tetrabutylammonium bromide,,,,,,,,,,无溶剂,,,,"Catalytic behavior, Pressure, Reagent/ catalyst, Temperature, Time, Concentration Patel, Parth; Parmar, Bhavesh; Kureshy, Rukhsana I.; Khan, Noor-Ul H.; Suresh, Eringathodi; Dalton Transac‐ tions; vol. 47; nb. 24; (2018); p. 8041 - 8051",2018,valid,ionic_liquid,无溶剂
310,Styrene oxide,"4-phenyl-1,3-dioxolan-2-one",88.0,70.0,0.1,24.0,tetra-(n-butyl)ammonium iodide,,,,,,,,,,无溶剂,,,,"Mechanism, Reagent/catalyst Mesías-Salazar, ángela; Martínez, Javier; Rojas, René S.; Carrillo-Hermosilla, Fernando; Ramos, Alberto; Fernández-Galán, Rafael; Anti?olo, Antonio; Catalysis science and technology; vol. 9; nb. 15; (2019); p. 3879 - 3886",2019,valid,unknown,无溶剂
311,Styrene oxide,"4-phenyl-1,3-dioxolan-2-one",88.0,25.0,1.00001,24.0,1-hexyl-3-methylimidazolium hydrogencarbonate,,imidazolium,,,,,,,,,,,,"Au‐ toclave, Green chemistry, Catalytic behavior, Reagent/catalyst, Pressure, Temperature Liu, Jia;Yang, Guoqiang;Liu, Ying;Zhang, Dejin;Hu, Xingbang;Zhang, Zhibing; Green Chemistry; vol. 22; nb. 14; (2020); p. 4509 - 4515",2020,valid,ionic_liquid,
312,Styrene oxide,"4-phenyl-1,3-dioxolan-2-one",88.2,130.0,2.20004,7.0,tetrabutylammonium bromide,,,,,,,,,,,,,,"Huang, Kai; Zhang, Xiaomeng; Australian Journal of Chemistry; vol. 74; nb. 4; (2021); p. 282 - 289",2021,valid,ionic_liquid,
313,Styrene oxide,"4-phenyl-1,3-dioxolan-2-one",88.0,100.0,,6.0,imidazolium,,,,,,,,,,,,,,"With imidazolium-functionalized calix[4]arene-based cobalt organic cage, Time= 6h, T= 100 °C , Schlenk technique, Sealed tube Tong, Hui-Ying; Liang, Jun; Wu, Qiu-Jin; Zou, Yu-Huang; Huang, Yuan-Biao; Cao, Rong; Chemical Communi‐ cations; vol. 57; nb. 17; (2021); p. 2140 - 2143",2021,valid,ionic_liquid,
314,Styrene oxide,"4-phenyl-1,3-dioxolan-2-one",88.0,80.0,2.00003,3.0,tetra-(n-butyl)ammonium iodide,,copper cobaltite,,,,,,,,ethanol,,,,PatentJAIN UNIVERSITY; JAIN UNIV; WO2021/28946; (2021); (A1) EnglishJAIN UNIV,2021,valid,metal_halide,ethanol
315,Styrene oxide,"4-phenyl-1,3-dioxolan-2-one",88.0,130.0,0.10133,5.0,tetrabutylammonium bromide,,,,,,,,,,无溶剂,,,,"Reagent/catalyst Lai, Shilin;Gao, Jinbin;Xiong, XingquanS1381514821001681; Reactive and functional polymers; vol. 165; (2021); Art.No: 104976",2021,valid,ionic_liquid,无溶剂
316,Styrene oxide,"4-phenyl-1,3-dioxolan-2-one",88.0,70.0,0.1,24.0,tetrabutylammonium bromide,,,,,,,,,,无溶剂,,,,"Cheng, Jun; Lu, Chengrong; Zhao, Bei; New Journal of Chemistry; vol. 45; nb. 29; (2021); p. 13096 - 13103",2021,valid,ionic_liquid,无溶剂
317,Styrene oxide,"4-phenyl-1,3-dioxolan-2-one",88.0,75.0,0.101325,20.0,tetrabutylammonium bromide,,,,,,,,,,无溶剂,,,,"3 : Example 3: Epoxy addition catalytic reaction of styrene oxide and CO2 Select a 10mL Schlenk tube, add styrene oxide (0.307mmol, 35μL), 10mgtetrabutylammonium bromide and 100mg catalyst Ag14AC respectively under solvent-free conditions,Seal the Schlenk tube with a rubber stopper and vacuum it side by side, tie it with a CO2 balloon, and stir the reaction at 75 for 20 hours; at the end of the reaction,Take out the balloon and add 3mL ethyl acetate to extract the organic matter,Then add 42μL propylbenzene as an internal standard (the gas phase peak area ratio of equimolar product styrene carbonate and internal standard propylben‐ zene is 1.86),Remove the catalyst by centrifugation to obtain the organic matter,Analyze the yield by gas chromatog‐ raphy (GC), and the yield is 88%. With tetrabutylammomium bromide, Time= 20h, T= 75 °C , Schlenk technique, Sealed tube, Temperature PatentUNIV ANHUI;ANHUI TONGYUAN ENV ENERGY SAVING CO LTD; ANHUI UNIVERSITYAnhui University; CN118206591; (2024); (A) ChineseANHUI TONGYUAN ENV ENERGY SAVING; ANHUI UNIVERSITY",2024,valid,ionic_liquid,无溶剂
319,Styrene oxide,"4-phenyl-1,3-dioxolan-2-one",88.0,,0.1,24.0,tetrabutylammonium bromide,,,,,,,,,,,,,,"Zhang, Ying;Ding, Meili;Zhou, Yicheng;Wang, Yang;Ma, Pan;Yao, Jianfeng; Chemical Communications; vol. 61; nb. 52; (2025); p. 9464 - 9467",2025,valid,ionic_liquid,
320,Styrene oxide,"4-phenyl-1,3-dioxolan-2-one",87.0,140.0,4.05326,,tetrabutylammonium bromide,,zinc dibromide,,,,,,,,,,,,"Han, Zhaobin; Rong, Liangce; Wu, Jiang; Zhang, Lei; Wang, Zheng; Ding, Kuiling; Angewandte Chemie - Inter‐ national Edition; vol. 51; nb. 52; (2012); p. 13041 - 13045; Angew. Chem.; vol. 124; nb. 52; (2012)",2012,valid,mixed_system,
321,Styrene oxide,"4-phenyl-1,3-dioxolan-2-one",87.0,80.0,0.10133,12.0,tetrabutylammonium bromide,,,,,,,,,,,,,,"Pressure, Time Lu, Bing-Bing; Yang, Jin; Liu, Ying-Ying; Ma, Jian-Fang; Inorganic Chemistry; vol. 56; nb. 19; (2017); p. 11710 - 11720",2017,valid,ionic_liquid,
322,Styrene oxide,"4-phenyl-1,3-dioxolan-2-one",87.0,25.0,0.1,48.0,tetrabutylammonium bromide,,,,,,,,,,无溶剂,,,,"Inert atmosphere, Schlenk technique, Catalytic behavior, Reagent/catalyst, Time Bresciani, Giulio; Bortoluzzi, Marco; Marchetti, Fabio; Pampaloni, Guido; ChemSusChem; vol. 11; nb. 16; (2018); p. 2737 - 2743",2018,valid,ionic_liquid,无溶剂
324,Styrene oxide,"4-phenyl-1,3-dioxolan-2-one",87.0,50.0,1.00001,15.0,tetrabutylammonium bromide,,,,,,,,,,,,,,"Kinetics, Reagent/catalyst, Pressure, Temperature, Time, Concentration Sobrino, Sonia; Navarro, Marta; Fernández-Baeza, Juan; Sánchez-Barba, Luis F.; Garcés, Andrés; Lara-Sán‐ chez, Agustín; Castro-Osma, José A.; Dalton Transactions; vol. 48; nb. 28; (2019); p. 10733 - 10742",2019,valid,ionic_liquid,
325,Styrene oxide,"4-phenyl-1,3-dioxolan-2-one",87.0,120.0,3.00005,32.0,imidazolium,,,,,,,,,,,,,,"Catalytic behavior Zhang, Wenli; Ma, Fangpei; Ma, Long; Zhou, Yu; Wang, Jun; ChemSusChem; vol. 13; nb. 2; (2020); p. 341 - 350",2020,valid,ionic_liquid,
327,Styrene oxide,"4-phenyl-1,3-dioxolan-2-one",87.0,100.0,1.00001,6.0,tetrabutylammonium bromide,,,,,,,,,,,,,,"Huang, Xuan;Gao, Xian-Ming;Lin, Xue-Lian; Monatshefte fur Chemie; vol. 151; nb. 3; (2020); p. 345 - 352",2020,valid,ionic_liquid,
328,Styrene oxide,"4-phenyl-1,3-dioxolan-2-one",87.0,100.0,0.10133,12.0,sodium iodide,,,,,,,,,,chlorobenzene,,,,"Catalytic behavior, Reagent/catalyst, Solvent, Temperature Shaikh, Aslam C.; Veleta, José M.; Bloch, Jan; Goodman, Hannah J.; Gianetti, Thomas L.; European Journal of Organic Chemistry; vol. 2020; nb. 17; (2020); p. 2553 - 2559",2020,valid,metal_halide,chlorobenzene
329,Styrene oxide,"4-phenyl-1,3-dioxolan-2-one",87.0,50.0,0.10133,24.0,tetra-(n-butyl)ammonium iodide,,,,,,,,,,THF,ethyl acetate,,,"Reagent/catalyst, Solvent, Temperature Guo, Zhiqiang; Yan, Leilei; Liu, Yaoming; Wu, Xiaoqin; Wei, Xuehong; Journal of Organometallic Chemistry; vol. 922; (2020); Art.No: 121365",2020,valid,unknown,THF; ethyl acetate
330,Styrene oxide,"4-phenyl-1,3-dioxolan-2-one",87.8,40.0,0.10133,4.0,tetrabutylammonium bromide,,,,,,,,,,,,,,"Wang, Meng; Liu, Jiao; Jin, Jing; Wu, Dan; Yang, Guoping; Zhang, Wen-Yan; Wang, Yao-Yu; CrystEngComm; vol. 23; nb. 3; (2021); p. 663 - 670",2021,valid,ionic_liquid,
332,Styrene oxide,"4-phenyl-1,3-dioxolan-2-one",87.0,27.0,0.1,24.0,tetra-(n-butyl)ammonium iodide,,,,,,,,,,无溶剂,,,,"Sealed tube, Catalytic behavior Nayak, Prakash;Murali, Anna Chandrasekar;Pal, Pradeep Kumar;Priyakumar, U. Deva;Chandrasekhar, Vada‐ palli;Venkatasubbaiah, Krishnan; Inorganic Chemistry; vol. 61; nb. 37; (2022); p. 14511 - 14516",2022,valid,unknown,无溶剂
333,Styrene oxide,"4-phenyl-1,3-dioxolan-2-one",87.0,65.0,0.10133,4.0,tetrabutylammonium bromide,,,,,,,,,,,,,,"Wang, Xu;Fan, BinBin;Chen, Jing;Du, Jing;Pan, Dahai; RSC Advances; vol. 15; nb. 27; (2025); p. 21914 - 21921",2025,valid,ionic_liquid,
334,Styrene oxide,"4-phenyl-1,3-dioxolan-2-one",86.0,100.0,1.50002,1.0,1-butyl-3-methylimidazolium bromide,,,,,,,,,,,,,,"Li, Fuwei; Xiao, Linfei; Xia, Chungu; Hu, Bin; Tetrahedron Letters; vol. 45; nb. 45; (2004); p. 8307 - 8310",2004,valid,ionic_liquid,
336,Styrene oxide,"4-phenyl-1,3-dioxolan-2-one",86.0,150.0,1.21598,10.0,potassium iodide,,,,,,,,,,,,,,"Bai, Dongsheng; Nian, Guanghui; Wang, Guangjian; Wang, Zhongzhen; Applied Organometallic Chemistry; vol. 27; nb. 3; (2013); p. 184 - 187",2013,valid,metal_halide,
337,Styrene oxide,"4-phenyl-1,3-dioxolan-2-one",86.7,130.0,3.00005,5.0,"1,8-diazabicyclo[5.4.0]undec-7-ene",,,,,,,,,,,,,,"Chen, Angjun; Chen, Chen; Xiu, Yuhe; Liu, Xuerui; Chen, Jizhong; Guo, Li; Zhang, Ran; Hou, Zhenshan; Green Chemistry; vol. 17; nb. 3; (2015); p. 1842 - 1852",2015,valid,unknown,
338,Styrene oxide,"4-phenyl-1,3-dioxolan-2-one",86.0,100.0,1.00001,3.0,potassium iodide,,18-crown-6 ether,,,,,,,,,,,,"Desens, Willi; Werner, Thomas; Advanced Synthesis and Catalysis; vol. 358; nb. 4; (2016); p. 622 - 630",2016,valid,metal_halide,
341,Styrene oxide,"4-phenyl-1,3-dioxolan-2-one",86.0,50.0,0.1,12.0,tetrabutylammonium bromide,,,,,,,,,,无溶剂,,,,"Re‐ agent/catalyst, Temperature, Time Song, Tian-Qun; Dong, Jie; Gao, Hong-Ling; Cui, Jian-Zhong; Zhao, Bin; Dalton Transactions; vol. 46; nb. 40; (2017); p. 13862 - 13868",2017,valid,ionic_liquid,无溶剂
342,Styrene oxide,"4-phenyl-1,3-dioxolan-2-one",86.3,40.0,0.1,,tetrabutylammonium bromide,,,,,,,,,,,,,,"Chen, Di-Ming; Zhang, Xue-Jing; Journal of Solid State Chemistry; vol. 278; (2019); Art.No: 120906",2019,valid,ionic_liquid,
343,Styrene oxide,"4-phenyl-1,3-dioxolan-2-one",85.0,120.0,3.99998,4.0,triphenylphosphine,,sodium iodide,,,,,,,,,,,,"Huang, Jin-Wen; Shi, Min; Journal of Organic Chemistry; vol. 68; nb. 17; (2003); p. 6705 - 6709",2003,valid,metal_halide,
346,Styrene oxide,"4-phenyl-1,3-dioxolan-2-one",85.8,120.0,2.00003,3.0,DMAP,,,,,,,,,,,,,,"Ghosh, Anindya; Ramidi, Punnamchandar; Pulla, Sharon; Sullivan, Shane Z.; Collom, Samuel L.; Gartia, Yashraj; Munshi, Pradip; Biris, Alexandru S.; Noll, Bruce C.; Berry, Brian C.; Catalysis Letters; vol. 137; nb. 1-2; (2010); p. 1 - 7",2010,valid,mixed_system,
347,Styrene oxide,"4-phenyl-1,3-dioxolan-2-one",85.0,120.0,2.00003,2.0,"1,8-diazabicyclo[5.4.0]undec-7-ene",,,,,,,,,,,,,,"Green chem‐ istry Sun, Jian; Cheng, Weiguo; Yang, Zifeng; Wang, Jinquan; Xu, Tingting; Xin, Jiayu; Zhang, Suojiang; Green Chemistry; vol. 16; nb. 6; (2014); p. 3071 - 3078",2014,valid,unknown,
349,Styrene oxide,"4-phenyl-1,3-dioxolan-2-one",85.0,80.0,0.10133,,tetra-(n-butyl)ammonium iodide,,,,,,,,,,,,,,"Lombardo, Vince M.; Dhulst, Elizabeth A.; Leitsch, Emily K.; Wilmot, Nathan; Heath, William H.; Gies, Antho‐ ny P.; Miller, Matthew D.; Torkelson, John M.; Scheidt, Karl A.; European Journal of Organic Chemistry; vol. 2015; nb. 13; (2015); p. 2791 - 2795",2015,valid,unknown,
350,Styrene oxide,"4-phenyl-1,3-dioxolan-2-one",85.0,50.0,0.1,24.0,tetrabutylammonium bromide,,,,,,,,,,,,,,"Inert atmosphere, Schlenk technique, Catalytic behavior, Reagent/catalyst, Temperature Martínez, Javier; Castro-Osma, José A.; Earlam, Amy; Alonso-Moreno, Carlos; Otero, Antonio; Lara-Sán‐ chez, Agustín; North, Michael; Rodríguez-Diéguez, Antonio; Chemistry - A European Journal; vol. 21; nb. 27; (2015); p. 9850 - 9862",2015,valid,ionic_liquid,
352,Styrene oxide,"4-phenyl-1,3-dioxolan-2-one",85.0,25.0,0.1,24.0,tetrabutylammonium bromide,,,,,,,,,,无溶剂,,,,"Wu, Xiao; North, Michael; ChemSusChem; vol. 10; nb. 1; (2017); p. 74 - 78",2017,valid,ionic_liquid,无溶剂
353,Styrene oxide,"4-phenyl-1,3-dioxolan-2-one",85.0,70.0,1.00001,3.0,tetra-(n-butyl)ammonium iodide,,,,,,,,,,无溶剂,,,,"Catalytic behavior, Reagent/catalyst, Temperature Alaji; Safaei; Wojtczak; New Journal of Chemistry; vol. 41; nb. 18; (2017); p. 10121 - 10131",2017,valid,unknown,无溶剂
354,Styrene oxide,"4-phenyl-1,3-dioxolan-2-one",85.0,50.0,0.1,24.0,tetra-(n-butyl)ammonium iodide,,,,,,,,,,无溶剂,,,,"Glovebox, Reagent/catalyst Rios Yepes, Yersica; Quintero, Celso; Osorio Meléndez, Danay; Daniliuc, Constantin G.; Martínez, Javier; Ro‐ jas, René S.; Organometallics; vol. 38; nb. 2; (2019); p. 469 - 478",2019,valid,unknown,无溶剂
355,Styrene oxide,"4-phenyl-1,3-dioxolan-2-one",85.5,80.0,2.00003,6.0,tetrabutylammonium bromide,,,,,,,,,,,,,,"Lu, Yu-Ke;Wang, Hai-Hua;Hu, Qi-Xuan;Ma, Yao-Yu;Hou, Lei;Wang, Yao-YuS0022459620307210; Journal of Sol‐ id State Chemistry; vol. 295; (2021); Art.No: 121890",2021,valid,ionic_liquid,
357,Styrene oxide,"4-phenyl-1,3-dioxolan-2-one",85.0,80.0,,,tetrabutylammonium bromide,,,,,,,,,,,,,,"With tetrabutylammomium bromide, 2H(1+)*C3H7NO*4H2O*2C6H15N*C64H36N16O11S8Zn4 (2-), T= 80 °C , Catalytic be‐ havior, Reagent/catalyst Kumar, Raman;Sahoo, Subash C.;Nanda, Prasant K.; European Journal of Inorganic Chemistry; vol. 2021; nb. 11; (2021); p. 1057 - 1064",2021,valid,ionic_liquid,
359,Styrene oxide,"4-phenyl-1,3-dioxolan-2-one",85.0,70.0,0.6,8.0,imidazolium bromide,,imidazolium,,,,,,,,,,,,PatentNANJING UNIVERSITY OF TECHNOLOGY; NANJING TECH UNIVERSITYNanjing Tech University; CN113045533; (2021); (A) ChineseNANJING TECH UNIVERSITY,2021,valid,ionic_liquid,
360,Styrene oxide,"4-phenyl-1,3-dioxolan-2-one",85.0,25.0,0.1,24.0,tetrabutylammonium bromide,,,,,,,,,,无溶剂,,,,"Microwave irradia‐ tion, Sealed tube, Reagent/catalyst Phan, Ha;de la Cruz-Sánchez, Pol;Cabrera-Afonso, María Jesús;Martín-Matute, Belén; Green Chemistry; vol. 27; nb. 9; (2025); p. 2439 - 2448",2025,valid,ionic_liquid,无溶剂
361,Styrene oxide,"4-phenyl-1,3-dioxolan-2-one",85.0,100.0,0.101325,6.0,tetra-(n-butyl)ammonium iodide,,,,,,,,,,dichloromethane,,,,"With (N,N'-phenylenebis(3,5-di-tert-butylsalicylideneimine))zinc, tetra-(n-butyl)ammonium iodide in dichloromethane, Time= 6h, T= 100 °C , Schlenk technique, Inert atmosphere, Glovebox, Autoclave, Catalytic behavior, Reagent/cata‐ lyst Nguyen, Thu-Van;Théron, Benjamin;Vlk, Luká?;Vaillant-Coindard, Valentin;Balan, Cédric;Bayardon, Jér‐ ?me;Plasseraud, Laurent;Rousselin, Yoann;Fleurat-Lessard, Paul;Malacea-Kabbara, Raluca;Le Gendre, Pierre; ACS Catalysis; vol. 15; (2025); p. 14087 - 14099",2025,valid,unknown,dichloromethane
367,Styrene oxide,"4-phenyl-1,3-dioxolan-2-one",84.7,120.0,1.50002,2.0,imidazolium,,,,,,,,,,,,,,"Yue, Chengtao; Su, Dan; Zhang, Xu; Wu, Wei; Xiao, Linfei; Catalysis Letters; vol. 144; nb. 7; (2014); p. 1313 - 1321",2014,valid,ionic_liquid,
368,Styrene oxide,"4-phenyl-1,3-dioxolan-2-one",84.0,25.0,0.1,24.0,tetrabutylammonium bromide,,,,,,,,,,无溶剂,,,,"Reagent/catalyst Castro-Osma, José A.; North, Michael; Wu, Xiao; Chemistry - A European Journal; vol. 22; nb. 6; (2016); p. 2100 -2107",2016,valid,ionic_liquid,无溶剂
369,Styrene oxide,"4-phenyl-1,3-dioxolan-2-one",84.0,25.0,,24.0,tetrabutylammonium bromide,,,,,,,,,,THF,,,,"14 : 1% ZnYL (THF) and 3% tetrabutylammonium bromide catalyze the reaction of styrene oxide with carbon dioxide: In the reaction flask, add 1 ml of epoxy styrene (0.0084 mol).0.0992 g ZnYL (THF) (8.40 x 10-5 mol) and 0.0835 gTetrabutylammonium bromide (2.52 x 10-4 moles), connected to an airbag filled with carbon dioxide, reacted in an oil bath at 25°C for 24 hours to release excess carbon dioxide gas,The reaction solution was dissolved in dichloro‐ methane (3 ml), and the catalyst was removed by flash column and tetrabutylammonium bromide, and the solvent was evaporated to give 1.16 g of colorless oil.Yield 84%. With C68H105N2O5YZn, tetrabutylammomium bromide, Time= 24h, T= 25 °C , Temperature PatentUNIV SUZHOU; SOOCHOW UNIVERSITY SUZHOUSoochow University; CN107827855; (2018); (A) Eng‐ lishSOOCHOW UNIVERSITY (SUZHOU)",2018,valid,ionic_liquid,THF
372,Styrene oxide,"4-phenyl-1,3-dioxolan-2-one",84.0,70.0,0.1,12.0,tetrabutylammonium bromide,,,,,,,,,,acetonitrile,,,,"Re‐ agent/catalyst Kong, Xianghe; Hu, Kongqiu; Mei, Lei; Wu, Qunyan; Huang, Zhiwei; Liu, Kang; Chai, Zhifang; Nie, Changm‐ ing; Shi, Weiqun; Chemistry - A European Journal; vol. 27; nb. 6; (2021); p. 2124 - 2130",2021,valid,ionic_liquid,acetonitrile
373,Styrene oxide,"4-phenyl-1,3-dioxolan-2-one",84.0,60.0,0.10133,3.0,tetrabutylammonium bromide,,,,,,,,,,,,,,"Abazari, Reza; Sanati, Soheila; Morsali, Ali; Kirillov, Alexander M.; Slawin, Alexandra M. Z.; Carpenter-War‐ ren, Cameron L.; Inorganic Chemistry; vol. 60; nb. 3; (2021); p. 2056 - 2067",2021,valid,ionic_liquid,
375,Styrene oxide,"4-phenyl-1,3-dioxolan-2-one",83.0,120.0,0.1,4.0,tetra-(n-butyl)ammonium iodide,,tetrabutylammonium bromide,,,,,,,,,,,,"Calo, Vincenzo; Nacci, Angelo; Monopoli, Antonio; Fanizzi, Antonello; Organic Letters; vol. 4; nb. 15; (2002); p. 2561 - 2563",2002,valid,ionic_liquid,
377,Styrene oxide,"4-phenyl-1,3-dioxolan-2-one",83.0,80.0,2.00003,12.0,lithium bromide,,,,,,,,,,,,,,Blain; Jean-Gerard; Auvergne; Benazet; Caillol; Andrioletti; Green Chemistry; vol. 16; nb. 9; (2014); p. 4286 - 4291,2014,valid,metal_halide,
379,Styrene oxide,"4-phenyl-1,3-dioxolan-2-one",83.0,85.0,0.1,24.0,tetrabutylammonium bromide,,,,,,,,,,无溶剂,,,,"Xu, Bin; Wang, Peng; Lv, Min; Yuan, Dan; Yao, Yingming; ChemCatChem; vol. 8; nb. 15; (2016); p. 2466 - 2471",2016,valid,ionic_liquid,无溶剂
381,Styrene oxide,"4-phenyl-1,3-dioxolan-2-one",83.0,100.0,,24.0,imidazolium,,,,,,,,,,,,,,"With zinc(II) and imidazolium salt ionic liquid grafted on bimodal mesoporous silica, Time= 24h, T= 100 °C , High pressure Shang, Hui; Bai, Shiyang; Yao, Jie; Ma, Shuangshuang; Sun, Jihong; Su, Hongjing; Wu, Xia; Chemistry - An Asian Journal; vol. 16; nb. 3; (2021); p. 224 - 231",2021,valid,ionic_liquid,
382,Styrene oxide,"4-phenyl-1,3-dioxolan-2-one",83.0,60.0,0.1,6.0,tetrabutylammonium bromide,,,,,,,,,,无溶剂,,,,"Reagent/catalyst Dolai, Malay;Saha, Urmila;Goswami, Juli Nanda;Bhattacharya, Biswajit;Emmerling, Franziska;Ifseisi, Ahmad A.;Biswas, Surajit; New Journal of Chemistry; vol. 49; nb. 11; (2025); p. 4451 - 4463",2025,valid,ionic_liquid,无溶剂
383,Styrene oxide,"4-phenyl-1,3-dioxolan-2-one",83.5,25.0,0.1,12.0,tetrabutylammonium bromide,,,,,,,,,,acetonitrile,,,,"Gao, Haiyun;Du, Longchao;Wei, Yongwang; Inorganic Chemistry; vol. 64; nb. 15; (2025); p. 7508 - 7520",2025,valid,ionic_liquid,acetonitrile
384,Styrene oxide,"4-phenyl-1,3-dioxolan-2-one",83.2,25.0,0.1,,tetrabutylammonium bromide,,,,,,,,,,acetonitrile,,,,"Catalytic behavior Xu, Chaohua;Du, Longchao; Inorganic Chemistry; vol. 65; nb. 5; (2026); p. 3061 - 3071",2026,valid,ionic_liquid,acetonitrile
385,Styrene oxide,"4-phenyl-1,3-dioxolan-2-one",82.0,100.0,1.60002,2.0,DMAP,,,,,,,,,,,,,,"Ulusoy, Mahmut; Kilic, Ahmet; Durgun, Mustafa; Tasci, Zeynep; Cetinkaya, Bekir; Journal of Organometallic Chemistry; vol. 696; nb. 7; (2011); p. 1372 - 1379",2011,valid,mixed_system,
386,Styrene oxide,"4-phenyl-1,3-dioxolan-2-one",82.3,100.0,0.1,12.0,tetrabutylammonium bromide,,pyridine,,,,,,,,,,,,"Reagent/catalyst, Pressure, Temperature Kathalikkattil, Amal Cherian; Roshan, Roshith; Tharun, Jose; Soek, Han-Geul; Ryu, Hyeong-Seok; Park, Dae- Won; ChemCatChem; vol. 6; nb. 1; (2014); p. 284 - 292",2014,valid,mixed_system,
389,Styrene oxide,"4-phenyl-1,3-dioxolan-2-one",82.0,65.0,0.10133,22.0,"1,8-diazabicyclo[5.4.0]undec-7-ene",,,,,,,,,,无溶剂,,,,"Inert atmosphere, Green chemistry Wang, Lin; Kodama, Koichi; Hirose, Takuji; Catalysis science and technology; vol. 6; nb. 11; (2016); p. 3872 - 3877",2016,valid,unknown,无溶剂
390,Styrene oxide,"4-phenyl-1,3-dioxolan-2-one",82.0,80.0,2.00003,18.0,tetra-(n-butyl)ammonium iodide,,,,,,,,,,,,,,"Zhang, Xiao; Lv, Yan-Zong; Liu, Xiao-Liang; Du, Guo-Jing; Yan, Shi-Hao; Liu, Jian; Zhao, Zhen; RSC Advan‐ ces; vol. 6; nb. 80; (2016); p. 76957 - 76963",2016,valid,unknown,
391,Styrene oxide,"4-phenyl-1,3-dioxolan-2-one",82.0,23.0,0.10133,24.0,18-crown-6 ether,,,,,,,,,,无溶剂,,,,Steinbauer; Spannenberg; Werner; Green Chemistry; vol. 19; nb. 16; (2017); p. 3769 - 3779,2017,valid,unknown,无溶剂
392,Styrene oxide,"4-phenyl-1,3-dioxolan-2-one",82.0,100.0,0.10133,7.0,DMAP,,,,,,,,,,,,,,"Temperature Mu, Qiu-Chao; Lv, Ji-Yuan; Chen, Mu-Yi; Bai, Xing-Feng; Chen, Jing; Xia, Chun-Gu; Xu, Li-Wen; RSC Advan‐ ces; vol. 7; nb. 59; (2017); p. 37208 - 37213",2017,valid,mixed_system,
393,Styrene oxide,"4-phenyl-1,3-dioxolan-2-one",82.3,150.0,0.80001,5.0,choline chloride-PEG600,,,,,,,,,,无溶剂,,,,"Au‐ toclave Wu, Kai; Su, Ting; Hao, Dongmei; Liao, Weiping; Zhao, Yuchao; Ren, Wanzhong; Deng, Changliang; Lü, Hon‐ gying; Chemical Communications; vol. 54; nb. 69; (2018); p. 9579 - 9582",2018,valid,ionic_liquid,无溶剂
395,Styrene oxide,"4-phenyl-1,3-dioxolan-2-one",82.0,120.0,1.50002,2.0,imidazolium,,,,,,,,,,,,,,"Wang, Tengfei; Zhu, Xinrui; Mao, Lemin; Liu, Yi; Ren, Tiegang; Wang, Li; Zhang, Jinglai; Journal of Molecular Liquids; vol. 296; (2019); Art.No: 111936",2019,valid,ionic_liquid,
397,Styrene oxide,"4-phenyl-1,3-dioxolan-2-one",82.0,100.0,1.00001,3.0,tetrabutylammonium bromide,,,,,,,,,,,,,,"Catalytic behavior Zhang, Zhuxiu; Lei, Yifan; Zhou, Jie; Cui, Mifen; Chen, Xian; Fei, Zhaoyang; Liu, Qing; Tang, Jihai; Qiao, Xu; Chemical Communications; vol. 56; nb. 94; (2020); p. 14833 - 14836",2020,valid,ionic_liquid,
399,Styrene oxide,"4-phenyl-1,3-dioxolan-2-one",82.0,90.0,0.90001,4.0,potassium iodide,,,,,,,,,,cyclohexane,,,,PatentNORTHWEST UNIVERSITY; NORTHWESTERN UNIVERSITY ILLINOISNorthwestern University (Illinois); CN113185490; (2021); (A) EnglishNORTHWESTERN UNIVERSITY (ILLINOIS),2021,valid,metal_halide,cyclohexane
400,Styrene oxide,"4-phenyl-1,3-dioxolan-2-one",82.0,75.0,0.10342,8.0,tetra-(n-butyl)ammonium iodide,,,,,,,,,,acetonitrile,,,,PatentUniversity of Cincinnati; UNIVERSITY OF CINCINNATI; US2022/135508; (2022); (A1) EnglishUNIVERSITY SYSTEM OF OHIO,2022,valid,unknown,acetonitrile
401,Styrene oxide,"4-phenyl-1,3-dioxolan-2-one",81.0,80.0,2.00003,4.0,tetrabutylammonium bromide,,,,,,,,,,,,,,"Ren, Yanwei; Shi, Yanchao; Chen, Junxian; Yang, Shaorong; Qi, Chaorong; Jiang, Huanfeng; RSC Advances; vol. 3; nb. 7; (2013); p. 2167 - 2170",2013,valid,ionic_liquid,
402,Styrene oxide,"4-phenyl-1,3-dioxolan-2-one",81.0,,0.96001,0.25,potassium iodide,,,,,,,,,,,,,,"Microwave irradiation, Green chemistry Tharun, Jose; Mathai, George; Kathalikkattil, Amal Cherian; Roshan, Roshith; Kwak, Joo-Young; Park, Dae- Won; Green Chemistry; vol. 15; nb. 6; (2013); p. 1673 - 1677",2013,valid,metal_halide,
405,Styrene oxide,"4-phenyl-1,3-dioxolan-2-one",81.0,24.8,0.1,96.0,tetrabutylammonium bromide,,,,,,,,,,,,,,"Catalytic behavior Ding, Shunmin; Sun, Ling; Ma, Xiaohua; Cheng, Dan; Wu, Shaohua; Zeng, Rong; Deng, Shengjun; Chen, Chao; Zhang, Ning; Catalysis Letters; vol. 150; nb. 10; (2020); p. 2970 - 2977",2020,valid,ionic_liquid,
406,Styrene oxide,"4-phenyl-1,3-dioxolan-2-one",81.0,110.0,0.50666,10.0,tetra-(n-butyl)ammonium iodide,,tetrabutylammonium bromide,5.0,,,,,,,无溶剂,,,,"Reagent/catalyst, Solvent, Temperature, Pressure Alavijeh, Masoumeh Karimi; Amini, Mostafa M.; Notash, Behrouz; Mohammadnezhad, Gholamhossein; Jour‐ nal of Molecular Structure; vol. 1232; (2021); Art.No: 130045",2021,valid,ionic_liquid,无溶剂
407,Styrene oxide,"4-phenyl-1,3-dioxolan-2-one",81.0,50.0,0.1,24.0,tetrabutylammonium bromide,,,,,,,,,,无溶剂,,,,"Reagent/catalyst Zhang, Kuikui; Liu, Zhenbang; Liu, Ning; Applied Organometallic Chemistry; vol. 35; nb. 10; (2021); Art.No: E6347",2021,valid,ionic_liquid,无溶剂
410,Styrene oxide,"4-phenyl-1,3-dioxolan-2-one",80.0,25.0,0.1,24.0,tetra-(n-butyl)ammonium iodide,,,,,,,,,,无溶剂,,,,"Cat‐ alytic behavior, Kinetics, Reagent/catalyst, Temperature Meléndez, Danay Osorio; Lara-Sánchez, Agustín; Martínez, Javier; Wu, Xiao; Otero, Antonio; Castro-Osma, José A.; North, Michael; Rojas, René S.; ChemCatChem; vol. 10; nb. 10; (2018); p. 2271 - 2277",2018,valid,unknown,无溶剂
411,Styrene oxide,"4-phenyl-1,3-dioxolan-2-one",80.0,80.0,1.50002,1.0,tetrabutylammonium bromide,,,,,,,,,,无溶剂,,,,"Catalytic behavior Wang, Wenzhen; Fan, Wei; Jia, Xingang; Li, Leilei; Journal of the Chinese Chemical Society; vol. 67; nb. 8; (2020); p. 1380 - 1386",2020,valid,ionic_liquid,无溶剂
412,Styrene oxide,"4-phenyl-1,3-dioxolan-2-one",80.0,40.0,,16.0,tetra-(n-butyl)ammonium iodide,,,,,,,,,,acetonitrile,,,,"2.1.2. Synthesis of cyclic carbonates General procedure: Propylene oxide (2 mmol), L-Serine(at)ZnO (10 wt%), TBAI (10 mol%), Acetonitrile (5 mL) were taken in Schlenk tube and CO2 (balloon)was introduced and reaction was heated to desired temperature thenstirred for 16 h, cooled it to the room temperature, the AAs(at)ZnO wasregained by centrifugation, dried and reused for next recycled run. Theremaining solvent was concentrated in vacuo and product was separatedby column chromatogra‐ phy and analysed by using the GC as wellas GCMS and NMR analysis. With tetra-(n-butyl)ammonium iodide in acetonitrile, Time= 16h, T= 40 °C , Schlenk technique Phatake, Vishal V.;Ahire, Jayendra P.;Bhanage, Bhalchandra M.S2468823120302613; Molecular catalysis; vol. 492; (2020); Art.No: 111000",2020,valid,unknown,acetonitrile
413,Styrene oxide,"4-phenyl-1,3-dioxolan-2-one",80.0,80.0,0.1,6.0,tetrabutylammonium bromide,,,,,,,,,,,,,,"Yang, Xiao-Li; Yan, Yang-Tian; Wang, Wen-Juan; Hao, Ze-Ze; Zhang, Wen-Yan; Huang, Wenhuan; Wang, Yao- Yu; Inorganic Chemistry; vol. 60; nb. 5; (2021); p. 3156 - 3164",2021,valid,ionic_liquid,
414,Styrene oxide,"4-phenyl-1,3-dioxolan-2-one",79.1,109.8,6.00009,7.0,imidazolium,,,,,,,,,,,,,,"Xie, Ye; Zhang, Zhaofu; Jiang, Tao; He, Jinling; Han, Buxing; Wu, Tianbin; Ding, Kunlun; Angewandte Chemie - International Edition; vol. 46; nb. 38; (2007); p. 7255 - 7258",2007,valid,ionic_liquid,
415,Styrene oxide,"4-phenyl-1,3-dioxolan-2-one",79.0,50.0,2.53329,0.17,lithium bromide,,,,,,,,,,,,,,"Yu, Tao; Weiss, Richard G.; Green Chemistry; vol. 14; nb. 1; (2012); p. 209 - 216",2012,valid,metal_halide,
417,Styrene oxide,"4-phenyl-1,3-dioxolan-2-one",79.0,100.0,0.1,6.0,tetrabutylammonium bromide,,,,,,,,,,,,,,"Time, Pressure, Temperature Zhao, Dan; Liu, Xiao-Hui; Shi, Zhuang-Zhi; Zhu, Chen-Dan; Zhao, Yue; Wang, Peng; Sun, Wei-Yin; Dalton Transactions; vol. 45; nb. 36; (2016); p. 14184 - 14190",2016,valid,ionic_liquid,
419,Styrene oxide,"4-phenyl-1,3-dioxolan-2-one",78.9,120.0,2.00003,8.0,tetra-(n-butyl)ammonium iodide,,,,,,,,,,无溶剂,,,,"Green chemistry Liu, Jing; Wang, Anqi; Jing, Huanwang; Chinese Journal of Catalysis; vol. 35; nb. 10; (2014); p. 1669 - 1675",2014,valid,unknown,无溶剂
420,Styrene oxide,"4-phenyl-1,3-dioxolan-2-one",78.0,80.0,3.00005,16.0,tetra-(n-butyl)ammonium iodide,,,,,,,,,,,,,,"Inert at‐ mosphere, Schlenk technique Mercad, Elisabet; Zangrando, Ennio; Claver, Carmen; Godard, Cyril; ChemCatChem; vol. 8; nb. 1; (2016); p. 234 - 243",2016,valid,unknown,
421,Styrene oxide,"4-phenyl-1,3-dioxolan-2-one",78.0,140.0,1.00001,6.0,imidazolium,,,,,,,,,,,,,,"Qin, Li; Wang, Binshen; Zhang, Yongya; Chen, Li; Gao, Guohua; Chemical Communications; vol. 53; nb. 26; (2017); p. 3785 - 3788",2017,valid,ionic_liquid,
422,Styrene oxide,"4-phenyl-1,3-dioxolan-2-one",78.0,70.0,1.00001,2.0,imidazolium,,,,,,,,,,ethyl acetate,hexane,,,"Green chemistry Zhang, Pu; Zhiani, Rahele; Catalysis Letters; vol. 150; nb. 8; (2020); p. 2254 - 2266",2020,valid,ionic_liquid,ethyl acetate; hexane
424,Styrene oxide,"4-phenyl-1,3-dioxolan-2-one",78.0,80.0,0.10133,12.0,tetra-(n-butyl)ammonium iodide,,,,,,,,,,,,,,"Re‐ agent/catalyst, Temperature Sperandio, Céline;Rodriguez, Jean;Quintard, Adrien; Organic and Biomolecular Chemistry; vol. 18; nb. 14; (2020); p. 2637 - 2640",2020,valid,unknown,
425,Styrene oxide,"4-phenyl-1,3-dioxolan-2-one",78.0,20.0,0.1,24.0,tetrabutylammonium bromide,,,,,,,,,,,,,,"Das, Rajesh;Muthukumar;Pillai, Renjith S.;Nagaraja, C. Mallaiah; Chemistry - A European Journal; vol. 26; nb. 72; (2020); p. 17445 - 17454",2020,valid,ionic_liquid,
426,Styrene oxide,"4-phenyl-1,3-dioxolan-2-one",78.0,120.0,2.00003,4.0,tetrabutylammonium bromide,,,,,,,,,,,,,,"He, Wenfang;Wen, Mingshan;Shi, Lijun;Wang, Rongmin;Li, FuweiS0022459622000895; Journal of Solid State Chemistry; vol. 309; (2022); Art.No: 122965",2022,valid,ionic_liquid,
427,Styrene oxide,"4-phenyl-1,3-dioxolan-2-one",78.0,120.0,0.1,6.0,"tetrahydrofuran-2,5-dimethanol",,sodium bromide,,,,,,,,,,,,"Catalytic behavior, Time, Temperature, Pressure Bragato, Nicola;Annatelli, Mattia;Bernardi, Alessandro;Bortoluzzi, Marco;Calmanti, Roberto;Perosa, Al‐ vise;Selva, Maurizio;Fiorani, Giulia; European Journal of Organic Chemistry; vol. 28; nb. 26; (2025); Art.No: e202500119",2025,valid,metal_halide,
429,Styrene oxide,"4-phenyl-1,3-dioxolan-2-one",77.0,90.0,0.10133,24.0,triethylamine,,,,,,,,,,,,,,"Gong, Qing; Luo, Huadong; Cao, Jin; Shang, Yuhan; Zhang, Haibo; Wang, Wenjing; Zhou, Xiaohai; Australian Journal of Chemistry; vol. 65; nb. 4; (2012); p. 381 - 386",2012,valid,organic_base,
430,Styrene oxide,"4-phenyl-1,3-dioxolan-2-one",77.0,5.0,2.50004,48.0,tetrabutylammonium bromide,,,,,,,,,,无溶剂,,,,"Re‐ agent/catalyst, Pressure Murayama, Tsukasa; Asano, Masayuki; Ohmura, Tetsushi; Usuki, Arimitsu; Yasui, Takeshi; Yamamoto, Yosh‐ ihiko; Bulletin of the Chemical Society of Japan; vol. 91; nb. 3; (2018); p. 383 - 390",2018,valid,ionic_liquid,无溶剂
431,Styrene oxide,"4-phenyl-1,3-dioxolan-2-one",77.0,100.0,0.60001,5.0,"2,5-dihydroxyterephthalohydrazide",,cobalt(II) nitrate,,,,,,,,,,,,"Pressure Wu, Fengtian; Lin, Yu; Applied Organometallic Chemistry; vol. 34; nb. 3; (2020); Art.No: E5427",2020,valid,metal_halide,
432,Styrene oxide,"4-phenyl-1,3-dioxolan-2-one",77.0,80.0,0.1,5.0,tetrabutylammonium bromide,,,,,,,,,,,,,,"Re‐ agent/catalyst Ghanghas, Manisha;Rom, Tanmay;Paul, Avijit Kumar; Inorganic Chemistry; vol. 64; nb. 29; (2025); p. 15027 - 15038",2025,valid,ionic_liquid,
434,Styrene oxide,"4-phenyl-1,3-dioxolan-2-one",76.0,120.0,1.20002,14.0,tetrabutylammonium bromide,,,,,,,,,,dichloromethane,,,,"Auto‐ clave Bai, Dongsheng; Wang, Guangjian; Ma, Fang; Wang, Juangang; Wang, Kuai; Yang, Zijing; Journal of Pharma‐ cy and Pharmacology; vol. 28; nb. 11; (2014); p. 814 - 817",2014,valid,ionic_liquid,dichloromethane
435,Styrene oxide,"4-phenyl-1,3-dioxolan-2-one",76.0,120.0,1.20002,14.0,tetrabutylammonium bromide,,,,,,,,,,,,,,"Catalyt‐ ic behavior Bai, Dongsheng; Wang, Guangjian; Ma, Fang; Wang, Juangang; Wang, Kuai; Yang, Zijing; Applied Organome‐ tallic Chemistry; vol. 28; nb. 11; (2014); p. 814 - 817",2014,valid,ionic_liquid,
437,Styrene oxide,"4-phenyl-1,3-dioxolan-2-one",76.0,80.0,1.00001,18.0,tetra-(n-butyl)ammonium iodide,,,,,,,,,,,,,,"Catalytic behavior Sope?a, Sergio; Fiorani, Giulia; Martín, Carmen; Kleij, Arjan W.; ChemSusChem; vol. 8; nb. 19; (2015); p. 3248 -3254",2015,valid,unknown,
438,Styrene oxide,"4-phenyl-1,3-dioxolan-2-one",76.1,60.0,2.00003,4.0,tetrabutylammonium bromide,,,,,,,,,,,,,,"Yuan, Rongrong;He, HongmingS138770032030825X; Inorganic Chemistry Communications; vol. 121; (2020); Art.No: 108235",2020,valid,ionic_liquid,
440,Styrene oxide,"4-phenyl-1,3-dioxolan-2-one",76.0,100.0,0.10133,24.0,tetrabutylammonium bromide,,,,,,,,,,无溶剂,,,,"Chand, Hushan;Allasia, Nicolò;Cipriano, Luis A.;Liberto, Giovanni Di;Kwon, Ik Seon;Zhang, Min;Pacchioni, Gianfranco;Krishnan, Venkata;Vilé, Gianvito; ChemCatChem; vol. 17; nb. 5; (2025); Art.No: e202401768",2025,valid,ionic_liquid,无溶剂
442,Styrene oxide,"4-phenyl-1,3-dioxolan-2-one",75.0,100.0,1.50002,2.0,lithium bromide,,DMAP,,,,,,,,,,,,"Catalytic behavior, Reagent/cata‐ lyst Kilic, Ahmet; Palali, Ahmet Arif; Durgun, Mustafa; Tasci, Zeynep; Ulusoy, Mahmut; Spectrochimica Acta Part A: Molecular and Biomolecular Spectroscopy; vol. 113; (2013); p. 432 - 438",2013,valid,mixed_system,
445,Styrene oxide,"4-phenyl-1,3-dioxolan-2-one",74.5,80.0,1.20002,6.0,tetrabutylammonium chloride,0.3,tetrabutylammonium bromide,0.3,tetra-(n-butyl)ammonium iodide,0.3,tetrabutylammonium iodide,0.3,,,methanol,toluene,,,"Reagent/catalyst Kim, Han-Ung; Babu, Robin; Roshan, Roshith; Park, Dae-Won; Applied Catalysis A: General; vol. 538; (2017); p. 59 - 65",2017,valid,ionic_liquid,methanol; toluene
446,Styrene oxide,"4-phenyl-1,3-dioxolan-2-one",74.5,80.0,1.00001,,tetrabutylammonium bromide,,,,,,,,,,,,,,"Ke, Shan-Chao;Luo, Ting-Ting;Chang, Gang-Gang;Huang, Ke-Xin;Li, Jia-Xin;Ma, Xiao-Chen;Wu, Jian;Chen, Jian;Yang, Xiao-Yu; Inorganic Chemistry; vol. 59; nb. 3; (2020); p. 1736 - 1745",2020,valid,ionic_liquid,
447,Styrene oxide,"4-phenyl-1,3-dioxolan-2-one",73.0,45.0,0.10133,20.0,tetra-(n-butyl)ammonium iodide,,pyridine,,,,,,,,,,,,"Tempera‐ ture Wang, Lin; Zhang, Guangyou; Kodama, Koichi; Hirose, Takuji; Green Chemistry; vol. 18; nb. 5; (2016); p. 1229 - 1233",2016,valid,organic_base,
449,Styrene oxide,"4-phenyl-1,3-dioxolan-2-one",73.0,90.0,1.00001,3.0,tetrabutylammonium bromide,,,,,,,,,,,,,,"Khan, Munir Ullah;Khan, Safir Ullah;Kiriratnikom, Jiraya;Zareen, Shah;Zhang, Xing- HongS0277538721006227; Polyhedron; vol. 214; (2022); Art.No: 115640",2022,valid,ionic_liquid,
451,Styrene oxide,"4-phenyl-1,3-dioxolan-2-one",72.0,120.0,0.68949,,N-bromosuccinimide,,dibenzoyl peroxide,,,,,,,,,,,,"Inert atmosphere Kozak, Jennifer A.; Wu, Jie; Su, Xiao; Simeon, Fritz; Hatton, T. Alan; Jamison, Timothy F.; Journal of the Amer‐ ican Chemical Society; vol. 135; nb. 49; (2013); p. 18497 - 18501",2013,valid,unknown,
453,Styrene oxide,"4-phenyl-1,3-dioxolan-2-one",72.0,80.0,1.01332,5.0,potassium iodide,,18-crown-6 ether,,,,,,,,无溶剂,,,,"Souleymanou, Myriam Y.; El-Ouahabi, Fatima; Masdeu-Bultó, Anna M.; Godard, Cyril; ChemCatChem; vol. 13; nb. 7; (2021); p. 1706 - 1710",2021,valid,metal_halide,无溶剂
454,Styrene oxide,"4-phenyl-1,3-dioxolan-2-one",72.0,55.0,0.1,18.0,tetra-(n-butyl)ammonium iodide,,,,,,,,,,THF,,,,"álvarez-Ruiz, Elena;Navarro, Marta;Sancho, Ignacio;Fernández, Israel;Santamaría, Cristina;Hernán-Gómez, Alberto; Advanced Synthesis and Catalysis; vol. 367; nb. 18; (2025); Art.No: e70057",2025,valid,unknown,THF
455,Styrene oxide,"4-phenyl-1,3-dioxolan-2-one",71.0,130.0,2.1698,5.0,DMAP,,,,,,,,,,,,,,"Heating, Catalytic behavior Ramidi, Punnamchandar; Gerasimchuk, Nikolay; Gartia, Yashraj; Felton, Charlette M.; Ghosh, Anindya; Dal‐ ton Transactions; vol. 42; nb. 36; (2013); p. 13151 - 13160",2013,valid,mixed_system,
456,Styrene oxide,"4-phenyl-1,3-dioxolan-2-one",71.0,150.0,1.40003,12.0,tetrabutylammonium bromide,,,,,,,,,,dichloromethane,,,,"Bai, Dongsheng; Zhang, Zhiyong; Wang, Guangjian; Ma, Fang; Applied Organometallic Chemistry; vol. 29; nb. 4; (2015); p. 240 - 243",2015,valid,ionic_liquid,dichloromethane
457,Styrene oxide,"4-phenyl-1,3-dioxolan-2-one",71.8,20.0,0.15,3.0,1-ethyl-1-methylpyrrolidinium bromide,,,,,,,,,,,,,,"Catalytic behavior Lu, Jingkun; Ma, Xinyi; Singh, Vikram; Zhang, Yujiao; Wang, Ping; Feng, Junwei; Ma, Pengtao; Niu, Jin‐ gyang; Wang, Jingping; Inorganic Chemistry; vol. 57; nb. 23; (2018); p. 14632 - 14643",2018,valid,unknown,
459,Styrene oxide,"4-phenyl-1,3-dioxolan-2-one",70.0,60.0,0.10133,12.0,tetrabutylammonium bromide,,,,,,,,,,,,,,"Reagent/ catalyst Dong, Jie; Cui, Ping; Shi, Peng-Fei; Cheng, Peng; Zhao, Bin; Journal of the American Chemical Society; vol. 137; nb. 51; (2015); p. 15988 - 15991",2015,valid,ionic_liquid,
462,Styrene oxide,"4-phenyl-1,3-dioxolan-2-one",69.0,119.8,0.1,4.0,tetrabutylammonium bromide,,,,,,,,,,无溶剂,,,,"Reflux Maity, Kartik; Karan, Chandan Kumar; Biradha, Kumar; Chemistry - A European Journal; vol. 24; nb. 43; (2018); p. 10988 - 10993",2018,valid,ionic_liquid,无溶剂
463,Styrene oxide,"4-phenyl-1,3-dioxolan-2-one",69.0,100.0,0.50666,24.0,tetrabutylammonium bromide,,,,,,,,,,无溶剂,,,,"Kumar, Yogesh;Panday, Rishukumar;Banerjee, Shaibal; Dalton Transactions; vol. 54; nb. 29; (2025); p. 11306 - 11314",2025,valid,ionic_liquid,无溶剂
464,Styrene oxide,"4-phenyl-1,3-dioxolan-2-one",68.0,120.0,4.05299,4.0,potassium iodide,,18-crown-6 ether,,,,,,,,,,,,"Rokicki, Gabriel; Kuran, Witold; Pogorzelska-Marciniak, Barbara; Monatshefte fur Chemie; vol. 115; (1984); p. 205 - 214",1984,valid,metal_halide,
465,Styrene oxide,"4-phenyl-1,3-dioxolan-2-one",68.0,100.0,0.10133,18.0,magnesium chloride,,,,,,,,,,DMF,hexane,,,"Fujihara, Tetsuaki; Inokuchi, Masaki; Mizoe, Taiga; Nogi, Keisuke; Terao, Jun; Tsuji, Yasushi; Chemistry Let‐ ters; vol. 46; nb. 7; (2017); p. 968 - 969",2017,valid,metal_halide,DMF; hexane
467,Styrene oxide,"4-phenyl-1,3-dioxolan-2-one",68.0,,0.10133,8.0,tetrabutylammonium bromide,,,,,,,,,,无溶剂,,,,"Patel, Parth; Parmar, Bhavesh; Kureshy, Rukhsana I.; Khan, Noor-Ul; Suresh, Eringathodi; ChemCatChem; vol. 10; nb. 11; (2018); p. 2401 - 2408",2018,valid,ionic_liquid,无溶剂
473,Styrene oxide,"4-phenyl-1,3-dioxolan-2-one",65.0,80.0,4.50007,18.0,triphenylphosphine,,,,,,,,,,,,,,"Auto‐ clave, Catalytic behavior, Reagent/catalyst, Temperature, Pressure Dean, Rebecca K.; Devaine-Pressing, Katalin; Dawe, Louise N.; Kozak, Christopher M.; Dalton Transactions; vol. 42; nb. 25; (2013); p. 9233 - 9244",2013,valid,unknown,
474,Styrene oxide,"4-phenyl-1,3-dioxolan-2-one",65.0,110.0,0.90001,2.0,zinc diiodide,,,,,,,,,,water,,,,"Siewniak, Agnieszka; Jasiak, Katarzyna; Baj, Stefan; Applied Catalysis A: General; vol. 482; (2014); p. 266 - 274",2014,valid,metal_halide,water
475,Styrene oxide,"4-phenyl-1,3-dioxolan-2-one",65.0,90.0,0.1,16.0,tetrabutylammonium bromide,,,,,,,,,,,,,,"Dolai, Malay;Saha, Urmila;Islam, Sk Safikul;Haque, Najirul;Panja, Anangamohan;Ifseisi, Ahmad A.;Zangran‐ do, Ennio;Biswas, Surajit; Molecular Catalysis; vol. 576; (2025); Art.No: 114923",2025,valid,ionic_liquid,
476,Styrene oxide,"4-phenyl-1,3-dioxolan-2-one",64.8,24.8,1.00001,48.0,tetrabutylammonium bromide,,,,,,,,,,,,,,"Catalytic behavior Zhang, Xiaofeng; Ding, Junhao; Qiu, Bo; Li, Dajian; Bian, Yunpeng; Zhu, Dandan; Wang, Shimin; Mai, Wen‐ peng; Ming, Shujun; Chen, Jian; Li, Tao; ChemCatChem; vol. 13; nb. 11; (2021); p. 2664 - 2673",2021,valid,ionic_liquid,
477,Styrene oxide,"4-phenyl-1,3-dioxolan-2-one",64.0,20.0,,12.0,tetrabutylammonium bromide,,,,,,,,,,无溶剂,,,,"With tetrabutylammomium bromide in neat (no solvent), Time= 12h, T= 20 °C , Irradiation, Catalytic behavior Rana, Pooja;Kaushik, Bhawna;Gaur, Rashmi;Dutta, Sriparna;Yadav, Sneha;Solanki, Kanika;Arora, Bha‐ vya;Biradar, Ankush V.;Gawande, Manoj B.;Sharma; Dalton Transactions; vol. 51; nb. 6; (2022); p. 2452 - 2463",2022,valid,ionic_liquid,无溶剂
478,Styrene oxide,"4-phenyl-1,3-dioxolan-2-one",63.0,20.0,1.00001,24.0,tetrabutylammonium bromide,,,,,,,,,,无溶剂,,,,"Jiang, Hong; Chen, Kai-Jie; Zheng, Fan-Fan; Chen, Xu; Liu, Yan; Cui, Yong; Chemical Communications; vol. 55; nb. 59; (2019); p. 8639 - 8642",2019,valid,ionic_liquid,无溶剂
479,Styrene oxide,"4-phenyl-1,3-dioxolan-2-one",63.0,100.0,0.1,8.0,triethylamine,,,,,,,,,,acetonitrile,,,,"Catalytic behav‐ ior, Temperature, Reagent/catalyst Muthuramalingam, Sethuraman; Sankaralingam, Muniyandi; Velusamy, Marappan; Mayilmurugan, Ramasa‐ my; Inorganic Chemistry; vol. 58; nb. 19; (2019); p. 12975 - 12985",2019,valid,organic_base,acetonitrile
480,Styrene oxide,"4-phenyl-1,3-dioxolan-2-one",63.0,50.0,0.1,3.0,tetrabutylammonium bromide,,,,,,,,,,无溶剂,,,,"Kang, Yanrui;Wang, Beining;Nan, Runxia;Li, Yiwen;Zhu, Zhouli;Xiao, Xu-Qiong; Inorganic Chemistry; vol. 61; nb. 23; (2022); p. 8806 - 8814",2022,valid,ionic_liquid,无溶剂
481,Styrene oxide,"4-phenyl-1,3-dioxolan-2-one",62.0,120.0,0.68947,1.0,imidazolium,,,,,,,,,,,,,,"Kim, Yong Jin; Varma, Rajender S.; Journal of Organic Chemistry; vol. 70; nb. 20; (2005); p. 7882 - 7891",2005,valid,ionic_liquid,
484,Styrene oxide,"4-phenyl-1,3-dioxolan-2-one",61.0,69.8,0.10133,24.0,tetra-(n-butyl)ammonium iodide,,,,,,,,,,,,,,"Ghosh, Anindya;Reddy, G. Naaresh;Siddhique P. K., Mohammed;Chatterjee, Sauvik;Bhattacharjee, Su‐ dip;Maitra, Rahul;Lyubimov, Sergey E.;Arzumanyan, Ashot V.;Naumkin, Alexander;Bhaumik, Asim;Chowd‐ hury, Biswajit; Green Chemistry; vol. 24; nb. 4; (2022); p. 1673 - 1692",2022,valid,unknown,
485,Styrene oxide,"4-phenyl-1,3-dioxolan-2-one",60.0,135.0,1.96119,12.0,magnesium oxide,,,,,,,,,,,,,,"Yano, Takashi; Matsui, Hideo; Koike, Takahiro; Ishiguro, Hiroyasu; Fujihara, Hisashi; Yoshihara, Masakuni; Maeshima, Toshihisa; Chemical Communications; nb. 12; (1997); p. 1129 - 1130",1997,valid,metal_halide,
488,Styrene oxide,"4-phenyl-1,3-dioxolan-2-one",59.3,110.0,1.50002,1.0,zinc dibromide,,,,,,,,,,,,,,"Xiao, Linfei; Lv, Dongwei; Wu, Wei; Catalysis Letters; vol. 141; nb. 12; (2011); p. 1838 - 1844",2011,valid,metal_halide,
489,Styrene oxide,"4-phenyl-1,3-dioxolan-2-one",59.0,30.0,0.1,20.0,pyridine,,,,,,,,,,,,,,"Yuan, Guangfeng; Zhao, Yanfei; Wu, Yunyan; Li, Ruipeng; Chen, Yu; Xu, Dongmei; Liu, Zhimin; Science China Chemistry; vol. 60; nb. 7; (2017); p. 958 - 963",2017,valid,organic_base,
491,Styrene oxide,"4-phenyl-1,3-dioxolan-2-one",59.0,,0.10133,24.0,imidazolium,,,,,,,,,,无溶剂,,,,"Ding, Luo-Gang; Yao, Bing-Jian; Wu, Wen-Xiu; Yu, Zhi-Gao; Wang, Xiao-Yu; Kan, Jing-Lan; Dong, Yu-Bin; In‐ organic Chemistry; vol. 60; nb. 16; (2021); p. 12591 - 12601",2021,valid,ionic_liquid,无溶剂
492,Styrene oxide,"4-phenyl-1,3-dioxolan-2-one",59.0,60.0,4.00006,24.0,tetra-(n-butyl)ammonium iodide,,,,,,,,,,DMF,dichloromethane,,,"Reagent/ catalyst, Temperature, Pressure Javadzade, Tahir A.;Hajiyeva, Sevinc R.;Chyragov, Famil M.;Nunes, Ana V.M.;Lasri, Jamal;Hamidov, Sahil Z.;Hasanov, Khudayar I.;Mahmudov, Kamran T.; Journal of Organometallic Chemistry; vol. 1046; (2026); Art.No: 123901",2026,valid,unknown,DMF; dichloromethane
493,Styrene oxide,"4-phenyl-1,3-dioxolan-2-one",58.0,25.0,1.20002,24.0,tetrabutylammonium bromide,,,,,,,,,,,,,,"Tapiador, Jesús;Leo, Pedro;Rodríguez-Diéguez, Antonio;Choquesillo-Lazarte, Duane;Calleja, Guillermo;Or‐ cajo, GiselaS0920586121005046; Catalysis Today; vol. 390-391; (2022); p. 230 - 236",2022,valid,ionic_liquid,
494,Styrene oxide,"4-phenyl-1,3-dioxolan-2-one",57.0,25.0,0.10133,3.0,tetrabutylammonium bromide,,,,,,,,,,,,,,"Meléndez, Jaisiel;North, Michael;Pasquale, Riccardo; European Journal of Inorganic Chemistry; vol. 21; (2007); p. 3323 - 3326",2007,valid,ionic_liquid,
495,Styrene oxide,"4-phenyl-1,3-dioxolan-2-one",57.0,25.0,0.10133,3.0,tetrabutylammonium bromide,2.5,,,,,,,,,hexane,cyclohexane,,,"Product distribution / selectivity PatentUNIVERSITY OF NEWCASTLE UPON TYNE;NORTH, Michael; UNIVERSITY OF YORKUniversity of York; WO2008/132474; (2008); (A1) EnglishUNIVERSITY OF YORK",2008,valid,ionic_liquid,hexane; cyclohexane
496,Styrene oxide,"4-phenyl-1,3-dioxolan-2-one",57.0,25.0,,3.0,tetrabutylammonium bromide,,salen,,,,,,,,,,,,"With {Al(salen)}2O, tetrabutylammomium bromide, Time= 3h, T= 25 °C , Kinetics Clegg, William; Harrington, Ross W.; North, Michael; Pasquale, Riccardo; Chemistry - A European Journal; vol. 16; nb. 23; (2010); p. 6828 - 6843",2010,valid,ionic_liquid,
502,Styrene oxide,"4-phenyl-1,3-dioxolan-2-one",54.0,45.0,1.00001,18.0,tetra-(n-butyl)ammonium iodide,,,,,,,,,,,,,,"Whiteoak, Christopher J.; Nova, Ainara; Maseras, Feliu; Kleij, Arjan W.; ChemSusChem; vol. 5; nb. 10; (2012); p. 2032 - 2038",2012,valid,unknown,
503,Styrene oxide,"4-phenyl-1,3-dioxolan-2-one",54.0,120.0,1.00001,24.0,imidazolium,,,,,,,,,,无溶剂,,,,"Zhang, Yan; Hu, Hui; Ju, Jia; Yan, Qianqian; Arumugam, Vasanthakumar; Jing, Xuechao; Cai, Huaqiang; Gao, Yanan; Cuihua Xuebao/Chinese Journal of Catalysis; vol. 41; nb. 3; (2020); p. 485 - 493",2020,valid,ionic_liquid,无溶剂
504,Styrene oxide,"4-phenyl-1,3-dioxolan-2-one",53.9,100.0,1.60002,2.0,lithium bromide,,,,,,,,,,无溶剂,,,,"Kilic, Ahmet; Durgun, Mustafa; Aytar, Emine; Yavuz, Rahime; Journal of Organometallic Chemistry; vol. 858; (2018); p. 78 - 88",2018,valid,metal_halide,无溶剂
506,Styrene oxide,"4-phenyl-1,3-dioxolan-2-one",53.0,100.0,,12.0,tetrabutylammonium bromide,,,,,,,,,,acetonitrile,ethanol,,,"2.4.2 Cycloaddition of CO2 with SO General procedure: The catalyst (10 wt% of SO), feedstock SO (3 mmol), cocatalystTBAB (5 mol%-20 mol% of SO), and solvent acetonitrile(3 ml) were loaded into a 25 ml double-neck flaskand passed through carbon dioxide by a bubbling processusing a condensing tube with ethanol condensation refluxand a gas-intaking tube with a rotameter. The reaction wascarried out in an oil bath at desired temperature for a specifictime. At the end of the reaction, the catalyst separation processand the analysis of the SC product were the same as inthe case of epoxidation reactions. With tetrabutylammomium bromide in acetonitrile, Time= 12h, T= 100 °C , Reagent/catalyst Wei, Ruiping;Wang, Ziqi;Yao, Mingzhu;Xia, Rongying;Liu, Huijun;Yang, Lei;Ma, Guanghui;Gao, Lijing;Xiao, Guomin; Catalysis Letters; vol. 155; nb. 1; (2025); Art.No: 41",2025,valid,ionic_liquid,acetonitrile; ethanol
507,Styrene oxide,"4-phenyl-1,3-dioxolan-2-one",53.0,120.0,3.00005,2.0,zinc diiodide,0.07,,,,,,,,,ethyl acetate,,,,PatentLANZHOU INST CHEMICAL PHYSICS CAS; LANZHOU INSTITUTE OF CHEMICAL PHYSICS CAS; CN118255789; (2024); (A) ChineseCHINESE ACADEMY OF SCIENCES,2024,valid,metal_halide,ethyl acetate
508,Styrene oxide,"4-phenyl-1,3-dioxolan-2-one",53.8,100.0,1.60002,2.0,DMAP,,,,,,,,,,,,,,"Sogukomerogullari, Hatice Gamze;Aytar, Emine; Polyhedron; vol. 267; (2025); Art.No: 117316",2025,valid,mixed_system,
512,Styrene oxide,"4-phenyl-1,3-dioxolan-2-one",49.0,130.0,1.00001,4.0,pyridine,,,,,,,,,,无溶剂,,,,"Li, Yi-Meng; Yang, Li; Sun, Lei; Ma, Lei; Deng, Wei-Qiao; Li, Zhen; Journal of Materials Chemistry A; vol. 7; nb. 45; (2019); p. 26071 - 26076",2019,valid,organic_base,无溶剂
513,Styrene oxide,"4-phenyl-1,3-dioxolan-2-one",49.0,80.0,0.10133,6.0,tetrabutylammonium bromide,,,,,,,,,,,,,,"Wang, Wen-Juan; Liu, Jiao; Yan, Yang-Tian; Yang, Xiao-Li; Zhang, Wen-Yan; Yang, Guo-Ping; Wang, Yao-Yu; CrystEngComm; vol. 23; nb. 6; (2021); p. 1447 - 1454",2021,valid,ionic_liquid,
514,Styrene oxide,"4-phenyl-1,3-dioxolan-2-one",49.0,100.0,0.10133,5.0,tetrabutylammonium bromide,,,,,,,,,,无溶剂,,,,"Pratap, Rajesh;Sahani, Raj Kumar;Maddeshiya, Tarkeshwar;Tripathi, Himanshu Shekhar;Pandey, Mrituanjay D.;Bhattacharya, Subrato; Dalton Transactions; vol. 54; nb. 11; (2025); p. 4518 - 4529",2025,valid,ionic_liquid,无溶剂
515,Styrene oxide,"4-phenyl-1,3-dioxolan-2-one",48.7,25.0,1.00001,36.0,phenyltrimethylammonium tribromide,,,,,,,,,,dichloromethane,,,,"Bai, Dongsheng; Wang, Qiong; Song, Yingying; Li, Bo; Jing, Huanwang; Catalysis Communications; vol. 12; nb. 7; (2011); p. 684 - 688",2011,valid,unknown,dichloromethane
516,Styrene oxide,"4-phenyl-1,3-dioxolan-2-one",46.0,75.0,2.00003,16.0,pyridine,,,,,,,,,,无溶剂,,,,"Autoclave Azzouz, Rabah;Contreras Moreno, Viviana;Herasme-Grullon, Clara;Levacher, Vincent;Estel, Lionel;Ledoux, Alain;Derrouiche, Salim;Marsais, Francis;Bischoff, Laurent; Synlett; vol. 31; nb. 2; (2020); p. 183 - 188; Art.No: st-2019-d0454-l",2020,valid,organic_base,无溶剂
517,Styrene oxide,"4-phenyl-1,3-dioxolan-2-one",45.0,20.0,1.20002,18.0,tetrabutylammonium bromide,,,,,,,,,,toluene,,,,"Babu, Robin; Kim, Seol-Hee; Kathalikkattil, Amal Cherian; Kuruppathparambil, Roshith Roshan; Kim, Dong Woo; Cho, Sung June; Park, Dae-Won; Applied Catalysis A: General; vol. 544; (2017); p. 126 - 136",2017,valid,ionic_liquid,toluene
518,Styrene oxide,"4-phenyl-1,3-dioxolan-2-one",45.0,70.0,0.10133,12.0,tetrabutylammonium bromide,,,,,,,,,,无溶剂,,,,"Routh, Kousik;Kumar Swain, Rajesha;Kumar, Gaurav;Pradeep, Chullikkattil P.; Dalton Transactions; vol. 54; nb. 32; (2025); p. 12324 - 12339",2025,valid,ionic_liquid,无溶剂
520,Styrene oxide,"4-phenyl-1,3-dioxolan-2-one",40.0,80.0,2.00003,4.0,tetrabutylammonium bromide,,,,,,,,,,,,,,"Li, Yong-Zhi; Wang, Hai-Hua; Yang, Hong-Yun; Hou, Lei; Wang, Yao-Yu; Zhu, Zhonghua; Chemistry - A Europe‐ an Journal; vol. 24; nb. 4; (2018); p. 865 - 871",2018,valid,ionic_liquid,
522,Styrene oxide,"4-phenyl-1,3-dioxolan-2-one",40.0,60.0,1.00001,4.0,tetrabutylammonium bromide,,,,,,,,,,,,,,"Sun, Xiao-Yan;Li, Jun-Nan;Dong, Gui-Mei;Tao, Yan-Li;Chen, Yao;Yang, Shu-Qin; Journal of the Iranian Chemi‐ cal Society; vol. 18; nb. 6; (2021); p. 1303 - 1309",2021,valid,ionic_liquid,
525,Styrene oxide,"4-phenyl-1,3-dioxolan-2-one",35.6,25.0,1.00001,140.0,tetrabutylammonium chloride,,,,,,,,,,dichloromethane,,,,"Reagent/catalyst Fu, Xiying; Jing, Xinyao; Jin, Lili; Zhang, Lilong; Zhang, Xiaofeng; Hu, Bin; Jing, Huanwang; Cuihua Xuebao/ Chinese Journal of Catalysis; vol. 39; nb. 5; (2018); p. 997 - 1003",2018,valid,ionic_liquid,dichloromethane
526,Styrene oxide,"4-phenyl-1,3-dioxolan-2-one",35.0,25.0,0.1,48.0,tetrabutylammonium bromide,,,,,,,,,,,,,,"Yu, Wenguang; Gu, Shuai; Fu, Yu; Xiong, Shaohui; Pan, Chunyue; Liu, Younian; Yu, Guipeng; Journal of Cat‐ alysis; vol. 362; (2018); p. 1 - 9",2018,valid,ionic_liquid,
527,Styrene oxide,"4-phenyl-1,3-dioxolan-2-one",34.5,100.0,1.60002,2.0,tetrabutylammonium bromide,,,,,,,,,,无溶剂,,,,"Green chemistry, Solvent Shao, Dan; Shi, Jinbiao; Zhang, Jianling; Tan, Xiuniang; Luo, Tian; Cheng, Xiuyan; Zhang, Bingxing; Han, Buxing; Chemistry - An Asian Journal; vol. 13; nb. 4; (2018); p. 386 - 389",2018,valid,ionic_liquid,无溶剂
528,Styrene oxide,"4-phenyl-1,3-dioxolan-2-one",32.0,20.0,0.1,24.0,tetrabutylammonium bromide,,,,,,,,,,无溶剂,,,,"De, Dinesh; Bhattacharyya, Aditya; Bharadwaj, Parimal K.; Inorganic Chemistry; vol. 56; nb. 18; (2017); p. 11443 - 11449",2017,valid,ionic_liquid,无溶剂
529,Styrene oxide,"4-phenyl-1,3-dioxolan-2-one",32.0,70.0,0.10133,12.0,tetrabutylammonium bromide,,,,,,,,,,acetonitrile,,,,"Zhang, Bin;Guo, Pan-Yue;Ma, Li-Na;Liu, Bo;Hou, Lei;Wang, Yao-Yu; Inorganic Chemistry; vol. 59; nb. 7; (2020); p. 5231 - 5239",2020,valid,ionic_liquid,acetonitrile
530,Styrene oxide,"4-phenyl-1,3-dioxolan-2-one",30.0,60.0,0.10133,24.0,tetraethylammonium bromide,,,,,,,,,,无溶剂,,,,"Gabov;Kuznetsov;Puzyrev;Pestov; Russian Chemical Bulletin; vol. 70; nb. 6; (2021); p. 1118 - 1123; Izv. Akad. Nauk, Ser. Khim.; nb. 6; (2021); p. 1118 - 1123",2021,valid,ionic_liquid,无溶剂
531,Styrene oxide,"4-phenyl-1,3-dioxolan-2-one",27.0,,0.11767,,tetra-(n-butyl)ammonium iodide,,,,,,,,,,,,,,"Ambient temperature Kisch, Horst; Millini, Roberto; Wang, Ing-Jing; Chemische Berichte; vol. 119; nb. 3; (1986); p. 1090 - 1094",1986,valid,unknown,
532,Styrene oxide,"4-phenyl-1,3-dioxolan-2-one",26.0,25.0,0.1,12.0,tetrabutylammonium bromide,,,,,,,,,,无溶剂,,,,"Liu, Jiao; Zhao, Ying; Dang, Li-Long; Yang, Guoping; Ma, Lu-Fang; Li, Dong-Sheng; Wang, Yaoyu; Chemical Communications; vol. 56; nb. 62; (2020); p. 8758 - 8761",2020,valid,ionic_liquid,无溶剂
533,Styrene oxide,"4-phenyl-1,3-dioxolan-2-one",26.6,90.0,1.00001,22.0,tetrabutylammonium bromide,,,,,,,,,,无溶剂,,,,Reagent/catalyst PatentUNIWERSYTET WARSZAWSKI; UNIVERSITY OF WARSAWUniversity of Warsaw; WO2025/120614; (2025); (A1) EnglishUNIVERSITY OF WARSAW,2025,valid,ionic_liquid,无溶剂
534,Styrene oxide,"4-phenyl-1,3-dioxolan-2-one",25.0,100.0,0.1,24.0,salen,,,,,,,,,,,,,,"Reagent/catalyst, Temperature Carvalho, Patricia A.; Comerford, James W.; Lamb, Katie J.; North, Michael; Reiss, Paul S.; Advanced Synthe‐ sis and Catalysis; vol. 361; nb. 2; (2019); p. 345 - 354",2019,valid,unknown,
535,Styrene oxide,"4-phenyl-1,3-dioxolan-2-one",22.0,50.0,0.60001,5.0,tetrabutylammonium bromide,,,,,,,,,,,,,,"High pressure Zhang, Liangliang; Feng, Yang; He, Huihui; Liu, Yang; Weng, Jiena; Zhang, Peng; Huang, Wei; Catalysis To‐ day; vol. 374; (2021); p. 38 - 43",2021,valid,ionic_liquid,
536,Styrene oxide,"4-phenyl-1,3-dioxolan-2-one",20.0,120.0,3.00005,1.0,imidazolium bromide,,,,,,,,,,,,,,"Catalytic behavior Wang, Wenlong; Li, Cunyao; Yan, Li; Wang, Yuqing; Jiang, Miao; Ding, Yunjie; ACS Catalysis; vol. 6; nb. 9; (2016); p. 6091 - 6100",2016,valid,ionic_liquid,
537,Styrene oxide,"4-phenyl-1,3-dioxolan-2-one",11.0,28.0,0.10133,24.0,tetrabutylammonium bromide,,,,,,,,,,无溶剂,,,,"Chakraborty, Gouri; Das, Prasenjit; Mandal, Sanjay K.; Inorganic Chemistry; vol. 60; nb. 7; (2021); p. 5071 - 5080",2021,valid,ionic_liquid,无溶剂
538,Styrene oxide,"4-phenyl-1,3-dioxolan-2-one",9.0,120.0,3.00005,1.0,triphenylphosphine,,,,,,,,,,,,,,"Catalytic behavior Li, Cunyao; Wang, Wenlong; Yan, Li; Wang, Yuqing; Jiang, Miao; Ding, Yunjie; Journal of Materials Chemistry A; vol. 4; nb. 41; (2016); p. 16017 - 16027",2016,valid,unknown,
540,Styrene oxide,"4-phenyl-1,3-dioxolan-2-one",94.0,50.0,0.10132,24.0,lithium bromide,,,,,,,,,,,,,,"other rela‐ tion ZnCl2/I(1-); other catalysts; other temp.; other epoxides, ΔS(excit.), ΔH(excit.), <β-D>-,α,β-Epoxystyrol, Rate constant, Equilibrium constant, Mechanism Duemler, Walter; Kisch, Horst; Chemische Berichte; vol. 123; nb. 2; (1990); p. 277 - 283 With lithium bromide in 1-methyl-pyrrolidin-2-one, Time= 24h, T= 100 °C , p= 760Torr , Cyclization Iwasaki, Takeshi; Kihara, Nobuhiro; Endo, Takeshi; Bulletin of the Chemical Society of Japan; vol. 73; nb. 3; (2000); p. 713 - 719",1990,valid,metal_halide,
541,Styrene oxide,"4-phenyl-1,3-dioxolan-2-one",85.0,110.0,,20.0,bromopentacarbonylrhenium,,,,,,,,,,,,,,"With bromopentacarbonylrhenium, Time= 20h, T= 110 °C , high pressure",,valid,unknown,
543,Styrene oxide,"4-phenyl-1,3-dioxolan-2-one",98.0,100.0,2.06841,1.5,salen,,,,,,,,,,dichloromethane,,,,"Paddock, Robert L.; Nguyen, Sonbinh T.; Chemical Communications; nb. 14; (2004); p. 1622 - 1623",2004,valid,unknown,dichloromethane
544,Styrene oxide,"4-phenyl-1,3-dioxolan-2-one",94.0,119.8,7.99996,6.0,PEG6000(NBu3Br)2,,,,,,,,,,,,,,Unknown reference,,valid,unknown,
550,Styrene oxide,"4-phenyl-1,3-dioxolan-2-one",99.0,85.0,0.34475,7.0,DMAP,,,,,,,,,,dichloromethane,,,,Paddock; Nguyen; Journal of the American Chemical Society; vol. 123; nb. 46; (2001); p. 11498 - 11499,2001,valid,mixed_system,dichloromethane
553,Styrene oxide,"4-phenyl-1,3-dioxolan-2-one",97.0,120.0,,4.0,DMAP,,,,,,,,,,dichloromethane,,,,"With dmap, CoTPP(Cl) in dichloromethane, Time= 4h, T= 120 °C Paddock, Robert L.; Hiyama, Yaeko; McKay, Jonathan M.; Nguyen, SonBinh T.; Tetrahedron Letters; vol. 45; nb. 9; (2004); p. 2023 - 2026",2004,valid,mixed_system,dichloromethane
554,Styrene oxide,"4-phenyl-1,3-dioxolan-2-one",97.0,110.0,4.00006,4.0,polyethylene glycol-supported hexaalkylguanidinium bromide,,,,,,,,,,,,,,"Dou, Xiao-Yong; Wang, Jin-Quan; Du, Ya; Wang, Er; He, Liang-Nian; Synlett; nb. 19; (2007); p. 3058 - 3062",2007,valid,unknown,
555,Styrene oxide,"4-phenyl-1,3-dioxolan-2-one",99.0,125.0,2.00003,1.0,imidazolium bromide,,,,,,,,,,,,,,Unknown reference,,valid,ionic_liquid,
557,Styrene oxide,"4-phenyl-1,3-dioxolan-2-one",94.0,140.0,1.00001,10.0,1-butyl-3-methylimidazolium bromide,,,,,,,,,,,,,,"Zheng, Xiaoxi; Luo, Sanzhong; Zhang, Long; Cheng, Jin-Pei; Green Chemistry; vol. 11; nb. 4; (2009); p. 455 - 458",2009,valid,ionic_liquid,
558,Styrene oxide,"4-phenyl-1,3-dioxolan-2-one",69.0,130.0,4.00006,18.0,1-butyl-3-methylimidazolium alanine,,,,,,,,,,无溶剂,,,,"neat (no solvent) Wu, Fang; Dou, Xiao-Yong; He, Liang-Nian; Miao, Cheng-Xia; Letters in Organic Chemistry; vol. 7; nb. 1; (2010); p. 73 - 78",2010,valid,ionic_liquid,无溶剂
559,Styrene oxide,"4-phenyl-1,3-dioxolan-2-one",99.6,120.0,2.00003,2.0,imidazolium bromide,,,,,,,,,,,,,,"Dai, Wei-Li; Chen, Lang; Yin, Shuang-Feng; Luo, Sheng-Lian; Au, Chak-Tong; Catalysis Letters; vol. 135; nb. 3-4; (2010); p. 295 - 304",2010,valid,ionic_liquid,
561,Styrene oxide,"4-phenyl-1,3-dioxolan-2-one",62.7,100.0,1.60002,2.0,DMAP,,,,,,,,,,,,,,"Kilic, Ahmet; Ulusoya, Mahmut; Durgun, Mustafa; Tasci, Zeynep; Yilmaz, Ismail; Cetinkaya, Bekir; Applied Or‐ ganometallic Chemistry; vol. 24; nb. 6; (2010); p. 446 - 453",2010,valid,mixed_system,
563,Styrene oxide,"4-phenyl-1,3-dioxolan-2-one",81.0,140.0,1.00001,2.0,"1,8-diazabicyclo[5.4.0]undec-7-ene",,,,,,,,,,,,,,"cycload‐ dition, chemoselective reaction Yang, Zhen-Zhen; He, Liang-Nian; Miao, Cheng-Xia; Chanfreau, Sebastien; Advanced Synthesis and Catalysis; vol. 352; nb. 13; (2010); p. 2233 - 2240",2010,valid,unknown,
564,Styrene oxide,"4-phenyl-1,3-dioxolan-2-one",92.0,120.0,1.00001,2.0,sodium iodide,,,,,,,,,,,,,,"Zhou, Xi; Zhang, Yi; Yang, Xiangui; Yao, Jie; Wang, Gongying; Cuihua Xuebao/Chinese Journal of Catalysis; vol. 31; nb. 7; (2010); p. 765 - 768",2010,valid,metal_halide,
565,Styrene oxide,"4-phenyl-1,3-dioxolan-2-one",66.0,45.0,1.00001,18.0,tetra-(n-butyl)ammonium iodide,,,,,,,,,,dichloromethane,,,,"Decortes, Antonello; Martinez Belmonte, Marta; Benet-Buchholz, Jordi; Kleij, Arjan W.; Chemical Communica‐ tions; vol. 46; nb. 25; (2010); p. 4580 - 4582",2010,valid,unknown,dichloromethane
567,Styrene oxide,"4-phenyl-1,3-dioxolan-2-one",97.0,120.0,0.34001,6.0,tetrabutylammonium bromide,,,,,,,,,,,,,,"Dharman, Manju Mamparambath; Yu, Jeong-In; Ahn, Ji-Yeon; Park, Dae-Won; Green Chemistry; vol. 11; nb. 11; (2009); p. 1754 - 1757",2009,valid,ionic_liquid,
568,Styrene oxide,"4-phenyl-1,3-dioxolan-2-one",81.0,20.0,0.1,10.0,triphenylphosphine,,,,,,,,,,无溶剂,,,,"neat (no solvent), chemoselec‐ tive reaction Shibata, Ikuya; Mitani, Ikuko; Imakuni, Akira; Baba, Akio; Tetrahedron Letters; vol. 52; nb. 6; (2011); p. 721 - 723",2011,valid,unknown,无溶剂
569,Styrene oxide,"4-phenyl-1,3-dioxolan-2-one",75.0,100.0,1.60002,2.0,DMAP,,,,,,,,,,,,,,"Kilic, Ahmet; Durgun, Mustafa; Ulusoy, Mahmut; Tas, Esref; Journal of Chemical Research; nb. 11; (2010); p. 622 - 626",2010,valid,mixed_system,
572,Styrene oxide,"4-phenyl-1,3-dioxolan-2-one",95.0,100.0,1.60002,4.0,DMAP,,,,,,,,,,,,,,"Ulusoy, Mahmut; Sahin, Onur; Kilic, Ahmet; Bueyuekguengoer, Orhan; Catalysis Letters; vol. 141; nb. 5; (2011); p. 717 - 725",2011,valid,mixed_system,
574,Styrene oxide,"4-phenyl-1,3-dioxolan-2-one",94.0,120.0,1.00001,3.0,BrTBDPEG150TBDBr,,,,,,,,,,无溶剂,,,,"Neat (no solvent) Yang, Zhen-Zhen; Zhao, Ya-Nan; He, Liang-Nian; Gao, Jian; Yin, Zhong-Shu; Green Chemistry; vol. 14; nb. 2; (2012); p. 519 - 527",2012,valid,unknown,无溶剂
575,Styrene oxide,"4-phenyl-1,3-dioxolan-2-one",56.0,25.0,,18.0,tetrabutylammonium bromide,,,,,,,,,,,,,,"With C54H60Fe2N2O6, tetrabutylammomium bromide in butanone, Time= 18h, T= 25 °C Whiteoak, Christopher J.; Martin, Eddy; Belmonte, Marta Martinez; Benet-Buchholz, Jordi; Kleij, Arjan W.; Advanced Synthesis and Catalysis; vol. 354; nb. 2-3; (2012); p. 469 - 476",2012,valid,ionic_liquid,
576,Styrene oxide,"4-phenyl-1,3-dioxolan-2-one",29.0,45.0,1.00001,18.0,tetra-(n-butyl)ammonium iodide,,,,,,,,,,,,,,"Anselmo, Daniele; Bocokic, Vladica; Decortes, Antonello; Escudero-Adan, Eduardo C.; Benet-Buchholz, Jor‐ di; Reek, Joost N.H.; Kleij, Arjan W.; Polyhedron; vol. 32; nb. 1; (2012); p. 49 - 53",2012,valid,unknown,
578,Styrene oxide,"4-phenyl-1,3-dioxolan-2-one",96.0,110.0,1.76002,6.0,imidazolium chloride,,,,,,,,,,无溶剂,,,,"Neat (no solvent) Han, Lina; Park, Moon-Seok; Choi, Soo-Jin; Kim, Yu-Jin; Lee, Seon-Myong; Park, Dae-Won; Catalysis Letters; vol. 142; nb. 2; (2012); p. 259 - 266",2012,valid,ionic_liquid,无溶剂
579,Styrene oxide,"4-phenyl-1,3-dioxolan-2-one",64.0,25.0,0.10133,24.0,"1,8-diazabicyclo[5.4.0]undec-7-ene",,,,,,,,,,,,,,"Aoyagi, Naoto; Furusho, Yoshio; Endo, Takeshi; Chemistry Letters; vol. 41; nb. 3; (2012); p. 240 - 241",2012,valid,unknown,
580,Styrene oxide,"4-phenyl-1,3-dioxolan-2-one",85.0,120.0,2.00003,4.0,1-ethyl-3-methylimidazolium bromide,,,,,,,,,,,,,,"Sun, Jian; Wang, Jinquan; Cheng, Weiguo; Zhang, Jianxin; Li, Xiaohua; Zhang, Suojiang; She, Yuanbin; Green Chemistry; vol. 14; nb. 3; (2012); p. 654 - 660",2012,valid,ionic_liquid,
581,Styrene oxide,"4-phenyl-1,3-dioxolan-2-one",94.3,100.0,2.00003,6.0,potassium iodide,,,,,,,,,,无溶剂,,,,"Neat (no solvent) Song, Jinliang; Zhang, Binbin; Zhang, Peng; Ma, Jun; Liu, Jinli; Fan, Honglei; Jiang, Tao; Han, Buxing; Catal‐ ysis Today; vol. 183; nb. 1; (2012); p. 130 - 135",2012,valid,metal_halide,无溶剂
583,Styrene oxide,"4-phenyl-1,3-dioxolan-2-one",90.0,25.0,1.00001,18.0,tetrabutylammonium bromide,,,,,,,,,,THF,,,,"Reagent/catalyst Whiteoak, Christopher J.; Martin, Eddy; Belmonte, Marta Martinez; Escudero-Adan, Eduardo C.; Kleij, Arjan. W.; Gjoka, Blerina; Zonta, Cristiano; Licini, Giulia; Inorganic Chemistry; vol. 51; nb. 20; (2012); p. 10639 - 10649,11",2012,valid,ionic_liquid,THF
585,Styrene oxide,"4-phenyl-1,3-dioxolan-2-one",91.0,100.0,1.50002,2.0,lithium bromide,,DMAP,,,,,,,,,,,,"Kilic, Ahmet; Palali, Ahmet Arif; Durgun, Mustafa; Tasci, Zeynep; Ulusoy, Mahmut; Dagdevren, Metin; Yilmaz, Ismail; Inorganica Chimica Acta; vol. 394; (2013); p. 635 - 644",2013,valid,mixed_system,
587,Styrene oxide,"4-phenyl-1,3-dioxolan-2-one",95.2,130.0,2.50004,4.0,potassium iodide,,,,,,,,,,,,,,"Zhou, Liang; Liu, Yuanfeng; He, Zhenhong; Luo, Yanping; Zhou, Feng; Yu, Erlei; Hou, Zhenshan; Eli, Wu‐ manjiang; Journal of Chemical Research; vol. 37; nb. 2; (2013); p. 102 - 104",2013,valid,metal_halide,
588,Styrene oxide,"4-phenyl-1,3-dioxolan-2-one",67.0,140.0,5.00008,24.0,imidazolium chloride,,imidazolium,,,,,,,,,,,,"Auto‐ clave, Green chemistry Ghazali-Esfahani, Saeideh; Song, Hongbing; Paunescu, Emilia; Bobbink, Felix D.; Liu, Huizhen; Fei, Zhaofu; Laurenczy, Gabor; Bagherzadeh, Mojtaba; Yan, Ning; Dyson, Paul J.; Green Chemistry; vol. 15; nb. 6; (2013); p. 1584 - 1589",2013,valid,ionic_liquid,
589,Styrene oxide,"4-phenyl-1,3-dioxolan-2-one",100.0,100.0,17.00029,3.0,tetra-(n-butyl)ammonium iodide,,,,,,,,,,,,,,"Catalytic behavior, Re‐ agent/catalyst Cuesta-Aluja, Laia; Djoufak, Mary; Aghmiz, Ali; Rivas, Raquel; Christ, Lorraine; Masdeu-Bultó, Anna M.; Jour‐ nal of Molecular Catalysis A: Chemical; vol. 381; (2014); p. 161 - 170",2014,valid,unknown,
591,Styrene oxide,"4-phenyl-1,3-dioxolan-2-one",99.0,150.0,0.50001,4.0,1-butyl-3-methylimidazolium bromide,,,,,,,,,,,,,,"Reagent/catalyst, Time, Temperature, Pressure Girard, Anne-Lise; Simon, Nathalia; Zanatta, Marcileia; Marmitt, Sandro; Goncalves, Paulo; Dupont, Jairton; Green Chemistry; vol. 16; nb. 5; (2014); p. 2815 - 2825",2014,valid,ionic_liquid,
593,Styrene oxide,"4-phenyl-1,3-dioxolan-2-one",91.0,40.0,0.2,2.0,imidazolium bromide,,imidazolium,,,,,,,,,,,,"Wilhelm, Michael E.; Anthofer, Michael H.; Reich, Robert M.; D'Elia, Valerio; Basset, Jean-Marie; Herrmann, Wolfgang A.; Cokoja, Mirza; Kuehn, Fritz E.; Catalysis science and technology; vol. 4; nb. 6; (2014); p. 1638 - 1643",2014,valid,ionic_liquid,
595,Styrene oxide,"4-phenyl-1,3-dioxolan-2-one",96.0,120.0,1.00001,9.0,imidazolium,,,,,,,,,,无溶剂,,,,"Reagent/catalyst, Time Yang, Zhen-Zhen; Zhao, Yanfei; Ji, Guipeng; Zhang, Hongye; Yu, Bo; Gao, Xiang; Liu, Zhimin; Green Chemis‐ try; vol. 16; nb. 8; (2014); p. 3724 - 3728",2014,valid,ionic_liquid,无溶剂
598,Styrene oxide,"4-phenyl-1,3-dioxolan-2-one",91.0,120.0,2.00003,7.0,potassium iodide,,,,,,,,,,,,,,"Catalytic behavior Sun, Yong-Bin; Cao, Chang-Yan; Yang, Shu-Liang; Huang, Pei-Pei; Wang, Chun-Ru; Song, Wei-Guo; Chemi‐ cal Communications; vol. 50; nb. 71; (2014); p. 10307 - 10310",2014,valid,metal_halide,
599,Styrene oxide,"4-phenyl-1,3-dioxolan-2-one",11.8,100.0,1.60002,2.0,lithium bromide,,DMAP,,,,,,,,,,,,"Kilic, Ahmet; Kilic, Mehmet Veysi; Ulusoy, Mahmut; Durgun, Mustafa; Aytar, Emine; Dagdevren, Metin; Yil‐ maz, Ismail; Journal of Organometallic Chemistry; vol. 767; (2014); p. 150 - 159",2014,valid,mixed_system,
600,Styrene oxide,"4-phenyl-1,3-dioxolan-2-one",96.0,20.0,1.00001,1.5,imidazolium,,,,,,,,,,,,,,"Wang, Jinquan; Leong, Jiayu; Zhang, Yugen; Green Chemistry; vol. 16; nb. 10; (2014); p. 4515 - 4519",2014,valid,ionic_liquid,
601,Styrene oxide,"4-phenyl-1,3-dioxolan-2-one",90.1,70.0,1.00001,3.0,1-ethyl-1-methylpyrrolidinium bromide,,,,,,,,,,,,,,"Catalytic behavior, Time Huo, Zhiyuan; Zhao, Juan; Bu, Zhanwei; Ma, Pengtao; Liu, Qisen; Niu, Jingyang; Wang, Jingping; Chem‐ CatChem; vol. 6; nb. 11; (2014); p. 3096 - 3100",2014,valid,unknown,
603,Styrene oxide,"4-phenyl-1,3-dioxolan-2-one",56.3,150.0,8.00012,3.0,imidazolium bromide,,imidazolium,,,,,,,,,,,,"Solvent, Pressure Buaki-Sogo, Mireia; Garcia, Hermenegildo; Aprile, Carmela; Catalysis science and technology; vol. 5; nb. 2; (2015); p. 1222 - 1230",2015,valid,ionic_liquid,
606,Styrene oxide,"4-phenyl-1,3-dioxolan-2-one",89.0,120.0,1.00001,12.0,imidazolium,,,,,,,,,,ethanol,,,,"Wang, Jinquan; Sng, Waihong; Yi, Guangshun; Zhang, Yugen; Chemical Communications; vol. 51; nb. 60; (2015); p. 12076 - 12079",2015,valid,ionic_liquid,ethanol
607,Styrene oxide,"4-phenyl-1,3-dioxolan-2-one",87.5,,1.00001,,1-ethyl-1-methylpyrrolidinium bromide,,,,,,,,,,,,,,"Time Huo, Zhiyuan; Guo, Jipeng; Lu, Jingkun; Xu, Qiaofei; Ma, Pengtao; Zhao, Juan; Zhang, Dongdi; Niu, Jin‐ gyang; Wang, Jingping; RSC Advances; vol. 5; nb. 84; (2015); p. 69006 - 69009",2015,valid,unknown,
608,Styrene oxide,"4-phenyl-1,3-dioxolan-2-one",97.0,80.0,2.00003,4.0,tetrabutylammonium bromide,,,,,,,,,,dichloromethane,,,,"Reagent/catalyst, Temperature, Pressure Bhunia, Subhajit; Molla, Rostam Ali; Kumari, Vandana; Islam, Sk. Manirul; Bhaumik, Asim; Chemical Commu‐ nications; vol. 51; nb. 86; (2015); p. 15732 - 15735",2015,valid,ionic_liquid,dichloromethane
609,Styrene oxide,"4-phenyl-1,3-dioxolan-2-one",96.0,130.0,1.00001,12.0,zinc dibromide,,,,,,,,,,,,,,"Green chemistry Wang, Jinquan; Wei Yang, Jason Gan; Yi, Guangshun; Zhang, Yugen; Chemical Communications; vol. 51; nb. 86; (2015); p. 15708 - 15711",2015,valid,metal_halide,
610,Styrene oxide,"4-phenyl-1,3-dioxolan-2-one",80.0,80.0,0.60001,4.0,tetrabutylammonium bromide,,,,,,,,,,,,,,"Liu, Fuling; Xu, Yuwen; Zhao, Lianming; Zhang, Liangliang; Guo, Wenyue; Wang, Rongming; Sun, Daofeng; Journal of Materials Chemistry A; vol. 3; nb. 43; (2015); p. 21545 - 21552",2015,valid,ionic_liquid,
611,Styrene oxide,"4-phenyl-1,3-dioxolan-2-one",87.7,140.0,2.00003,4.0,imidazolium,,,,,,,,,,water,,,,"Feng, Miaona; Zhao, Guoying; Gao, Hongling; Zhang, Suojiang; Australian Journal of Chemistry; vol. 68; nb. 10; (2015); p. 1513 - 1517",2015,valid,ionic_liquid,water
615,Styrene oxide,"4-phenyl-1,3-dioxolan-2-one",99.0,99.8,1.00001,12.0,tetrabutylammonium bromide,,,,,,,,,,无溶剂,,,,"Green chemistry, Catalytic behavior, Reagent/catalyst, Pressure, Temperature, Time Zhou, Zhen; He, Cheng; Xiu, Jinghai; Yang, Lu; Duan, Chunying; Journal of the American Chemical Society; vol. 137; nb. 48; (2015); p. 15066 - 15069",2015,valid,ionic_liquid,无溶剂
616,Styrene oxide,"4-phenyl-1,3-dioxolan-2-one",97.0,80.0,1.00001,6.0,tetra-(n-butyl)ammonium iodide,,pyridine,,,,,,,,,,,,"Green chemistry, Reagent/catalyst, Time Ma, Ran; He, Liang-Nian; Zhou, Yue-Biao; Green Chemistry; vol. 18; nb. 1; (2016); p. 226 - 231",2016,valid,organic_base,
618,Styrene oxide,"4-phenyl-1,3-dioxolan-2-one",16.0,100.0,3.00005,12.0,pyridine,,,,,,,,,,,,,,"Inert atmosphere Buyukcakir, Onur; Je, Sang Hyun; Choi, Dong Shin; Talapaneni, Siddulu Naiudu; Seo, Yongbeom; Jung, You‐ sung; Polychronopoulou, Kyriaki; Coskun, Ali; Chemical Communications; vol. 52; nb. 5; (2016); p. 934 - 937",2016,valid,organic_base,
619,Styrene oxide,"4-phenyl-1,3-dioxolan-2-one",98.0,70.0,1.00001,12.0,tetra-(n-butyl)ammonium iodide,,,,,,,,,,无溶剂,,,,"Green chemistry, Reagent/catalyst, Temperature Saptal, Vitthal B.; Sasaki, Takehiko; Harada, Kei; Nishio-Hamane, Daisuke; Bhanage, Bhalchandra M.; Chem‐ SusChem; vol. 9; nb. 6; (2016); p. 644 - 650",2016,valid,unknown,无溶剂
620,Styrene oxide,"4-phenyl-1,3-dioxolan-2-one",99.0,30.0,0.10133,12.0,tetrabutylammonium bromide,,,,,,,,,,无溶剂,,,,"Verma, Shailesh; Si, Mrinal Kanti; Kureshy, Rukhsana I.; Nazish, Mohd; Kumar, Manish; Khan, Noor-Ul H.; Abdi, Sayed H.R.; Bajaj, Hari C.; Ganguly, Bishwajit; Journal of Molecular Catalysis A: Chemical; vol. 417; (2016); p. 135 - 144",2016,valid,ionic_liquid,无溶剂
622,Styrene oxide,"4-phenyl-1,3-dioxolan-2-one",91.5,80.0,2.00003,4.0,tetrabutylammonium bromide,,,,,,,,,,,,,,"Catalytic behavior, Temperature, Pressure Liu, Lin; Wang, Shi-Ming; Han, Zheng-Bo; Ding, Meili; Yuan, Da-Qiang; Jiang, Hai-Long; Inorganic Chemistry; vol. 55; nb. 7; (2016); p. 3558 - 3565",2016,valid,ionic_liquid,
623,Styrene oxide,"4-phenyl-1,3-dioxolan-2-one",90.0,100.0,0.1,12.0,"1,8-diazabicyclo[5.4.0]undec-7-ene",,,,,,,,,,,,,,"Reagent/catalyst, Solvent, Temperature, Time Liu, Xi; Zhang, Shuai; Song, Qing-Wen; Liu, Xiao-Fang; Ma, Ran; He, Liang-Nian; Green Chemistry; vol. 18; nb. 9; (2016); p. 2871 - 2876",2016,valid,unknown,
624,Styrene oxide,"4-phenyl-1,3-dioxolan-2-one",100.0,20.0,0.10133,56.0,tetrabutylammonium bromide,,,,,,,,,,acetonitrile,,,,"Green chemistry, Reagent/catalyst, Pressure, Temperature Beyzavi, M. Hassan; Klet, Rachel C.; Tussupbayev, Samat; Borycz, Joshua; Vermeulen, Nicolaas A.; Cramer, Christopher J.; Stoddart, J. Fraser; Hupp, Joseph T.; Farha, Omar K.; Journal of the American Chemical Soci‐ ety; vol. 136; nb. 45; (2014); p. 15861 - 15864",2014,valid,ionic_liquid,acetonitrile
626,Styrene oxide,"4-phenyl-1,3-dioxolan-2-one",89.0,100.0,0.10133,16.0,DABCO,,,,,,,,,,无溶剂,,,,"Han, Yun-Hu; Zhou, Zhong-Yuan; Tian, Chong-Bin; Du, Shao-Wu; Green Chemistry; vol. 18; nb. 14; (2016); p. 4086 - 4091",2016,valid,mixed_system,无溶剂
627,Styrene oxide,"4-phenyl-1,3-dioxolan-2-one",90.7,50.0,0.10133,8.0,1-butyl-3-methylimidazolium bromide,,,,,,,,,,acetonitrile,water,ethyl acetate,diethyl ether,"Reagent/catalyst, Temperature Niu, Dongfang; Wu, Zhijuan; Zhang, Lipu; Du, Rongbin; Xu, Heng; Zhang, Xinsheng; Cuihua Xuebao/Chinese Journal of Catalysis; vol. 37; nb. 7; (2016); p. 1076 - 1080",2016,valid,ionic_liquid,acetonitrile; water; ethyl acetate; diethyl ether
629,Styrene oxide,"4-phenyl-1,3-dioxolan-2-one",98.0,100.0,1.00001,4.0,tetra-(n-butyl)ammonium iodide,,,,,,,,,,无溶剂,,,,"Reagent/catalyst Saptal, Vitthal; Shinde, Digambar Balaji; Banerjee, Rahul; Bhanage, Bhalchandra M.; Catalysis science and technology; vol. 6; nb. 15; (2016); p. 6152 - 6158",2016,valid,unknown,无溶剂
630,Styrene oxide,"4-phenyl-1,3-dioxolan-2-one",60.0,25.0,0.1,48.0,tetrabutylammonium bromide,,,,,,,,,,,,,,"Ji, Guipeng; Yang, Zhenzhen; Zhang, Hongye; Zhao, Yanfei; Yu, Bo; Ma, Zhishuang; Liu, Zhimin; Angewandte Chemie - International Edition; vol. 55; nb. 33; (2016); p. 9685 - 9689; Angew. Chem.; vol. 128; nb. 33; (2016); p. 9837 - 9841,5",2016,valid,ionic_liquid,
632,Styrene oxide,"4-phenyl-1,3-dioxolan-2-one",96.0,100.0,1.00001,7.0,tetrabutylammonium bromide,,,,,,,,,,无溶剂,,,,"Liu, Liping; Zhang, Jianyong; Fang, Haobin; Chen, Liuping; Su, Cheng-Yong; Chemistry - An Asian Journal; vol. 11; nb. 16; (2016); p. 2278 - 2283",2016,valid,ionic_liquid,无溶剂
633,Styrene oxide,"4-phenyl-1,3-dioxolan-2-one",99.0,70.0,0.1,12.0,tetrabutylammonium bromide,,,,,,,,,,无溶剂,,,,"Temperature Xu, Hang; Zhai, Bin; Cao, Chun-Shuai; Zhao, Bin; Inorganic Chemistry; vol. 55; nb. 19; (2016); p. 9671 - 9676",2016,valid,ionic_liquid,无溶剂
635,Styrene oxide,"4-phenyl-1,3-dioxolan-2-one",69.5,39.8,0.10133,40.0,tetrabutylammonium bromide,,,,,,,,,,无溶剂,,,,"Schlenk techni‐ que, Reagent/catalyst Zhou, Zhen; Yang, Lu; Wang, Yefei; He, Cheng; Liu, Tao; Duan, Chunying; RSC Advances; vol. 6; nb. 109; (2016); p. 108010 - 108016",2016,valid,ionic_liquid,无溶剂
636,Styrene oxide,"4-phenyl-1,3-dioxolan-2-one",63.0,40.0,2.00003,24.0,tetrabutylammonium bromide,,,,,,,,,,,,,,"Catalytic behavior Xu, Lei; Zhai, Meng-Ke; Lu, Xin-Chao; Du, Hong-Bin; Dalton Transactions; vol. 45; nb. 46; (2016); p. 18730 - 18736",2016,valid,ionic_liquid,
637,Styrene oxide,"4-phenyl-1,3-dioxolan-2-one",95.0,99.8,1.00001,12.0,tetrabutylammonium bromide,,,,,,,,,,,,,,"Catalytic be‐ havior, Reagent/catalyst, Temperature, Time Gao, Chao-Ying; Ai, Jing; Tian, Hong-Rui; Wu, Dai; Sun, Zhong-Ming; Chemical Communications; vol. 53; nb. 7; (2017); p. 1293 - 1296",2017,valid,ionic_liquid,
638,Styrene oxide,"4-phenyl-1,3-dioxolan-2-one",89.0,120.0,1.00001,12.0,imidazolium,,,,,,,,,,ethanol,,,,"PatentAGENCY FOR SCIENCE, TECHNOLOGY AND RESEARCH; AGENCY FOR SCIENCE TECHNOLOGY AND RESEARCH; WO2016/167725; (2016); (A1) EnglishAGENCY FOR SCIENCE, TECHNOLOGY AND RE‐ SEARCH",2016,valid,ionic_liquid,ethanol
640,Styrene oxide,"4-phenyl-1,3-dioxolan-2-one",72.0,25.0,1.00001,12.0,tetrabutylammonium bromide,,,,,,,,,,,,,,"Reagent/catalyst Wei, Na; Zuo, Rong-Xia; Zhang, Yu-Yang; Han, Zheng-Bo; Gu, Xue-Jun; Chemical Communications; vol. 53; nb. 22; (2017); p. 3224 - 3227",2017,valid,ionic_liquid,
641,Styrene oxide,"4-phenyl-1,3-dioxolan-2-one",98.0,90.0,0.10133,3.0,tetrabutylammonium bromide,,,,,,,,,,无溶剂,,,,"Ding, Luo-Gang; Yao, Bing-Jian; Jiang, Wei-Ling; Li, Jiang-Tao; Fu, Qi-Juan; Li, Yan-An; Liu, Zhen-Hua; Ma, Jian-Ping; Dong, Yu-Bin; Inorganic Chemistry; vol. 56; nb. 4; (2017); p. 2337 - 2344",2017,valid,ionic_liquid,无溶剂
643,Styrene oxide,"4-phenyl-1,3-dioxolan-2-one",98.3,130.0,2.00003,5.0,imidazolium chloride,,imidazolium,,,,,,,,,,,,"Wang, Tao; Wang, Wenlong; Lyu, Yuan; Chen, Xingkun; Li, Cunyao; Zhang, Yan; Song, Xiangen; Ding, Yun‐ jie; RSC Advances; vol. 7; nb. 5; (2017); p. 2836 - 2841",2017,valid,ionic_liquid,
644,Styrene oxide,"4-phenyl-1,3-dioxolan-2-one",86.2,80.0,0.10133,48.0,tetrabutylammonium bromide,,,,,,,,,,无溶剂,,,,"Sealed tube, Temperature Dai, Zhifeng; Sun, Qi; Liu, Xiaolong; Guo, Liping; Li, Jixue; Pan, Shuxiang; Bian, Chaoqun; Wang, Liang; Hu, Xin; Meng, Xiangju; Zhao, Leihong; Deng, Feng; Xiao, Feng-Shou; ChemSusChem; vol. 10; nb. 6; (2017); p. 1186 - 1192",2017,valid,ionic_liquid,无溶剂
645,Styrene oxide,"4-phenyl-1,3-dioxolan-2-one",24.0,90.0,1.00001,2.0,triphenylphosphine,,,,,,,,,,无溶剂,,,,"Reagent/catalyst Rintjema, Jeroen; Kleij, Arjan W.; ChemSusChem; vol. 10; nb. 6; (2017); p. 1274 - 1282",2017,valid,unknown,无溶剂
646,Styrene oxide,"4-phenyl-1,3-dioxolan-2-one",89.0,100.0,1.50002,5.0,potassium iodide,,,,,,,,,,无溶剂,,,,"High pressure, Tem‐ perature Liu, Mengshuai; Lu, Xingyuan; Shi, Lei; Wang, Fangxiao; Sun, Jianmin; ChemSusChem; vol. 10; nb. 6; (2017); p. 1110 - 1119",2017,valid,metal_halide,无溶剂
649,Styrene oxide,"4-phenyl-1,3-dioxolan-2-one",95.0,60.0,0.1,12.0,tetrabutylammonium bromide,,,,,,,,,,无溶剂,,,,"Reagent/catalyst Dong, Jie; Xu, Hang; Hou, Sheng-Li; Wu, Zhi-Lei; Zhao, Bin; Inorganic Chemistry; vol. 56; nb. 11; (2017); p. 6244 - 6250",2017,valid,ionic_liquid,无溶剂
652,Styrene oxide,"4-phenyl-1,3-dioxolan-2-one",99.0,100.0,2.00003,6.0,tetrabutylammonium bromide,,,,,,,,,,,,,,"High pressure, Catalytic behavior, Temperature, Pressure Verma, Ashish; De, Dinesh; Tomar, Kapil; Bharadwaj, Parimal K.; Inorganic Chemistry; vol. 56; nb. 16; (2017); p. 9765 - 9771",2017,valid,ionic_liquid,
653,Styrene oxide,"4-phenyl-1,3-dioxolan-2-one",95.0,110.0,4.00006,15.0,potassium iodide,,,,,,,,,,无溶剂,,,,"Xue, Zhimin; Zhao, Xinhui; Wang, Jinfang; Mu, Tiancheng; Chemistry - An Asian Journal; vol. 12; nb. 17; (2017); p. 2271 - 2277",2017,valid,metal_halide,无溶剂
654,Styrene oxide,"4-phenyl-1,3-dioxolan-2-one",94.6,120.0,1.50002,4.0,N-trimethylanilinium bromide,,,,,,,,,,acetonitrile,,,,"Catalytic behavior Xu, Kaikai; Dai, Yihu; Ye, Benfei; Wang, Hongming; Dalton Transactions; vol. 46; nb. 33; (2017); p. 10780 - 10785",2017,valid,unknown,acetonitrile
655,Styrene oxide,"4-phenyl-1,3-dioxolan-2-one",84.0,100.0,,12.0,tetrabutylammonium bromide,,,,,,,,,,,,,,"With [(Cu4I4)2((R,R)-N,N’-bis(3-tert-butyl-5-(4-pyridyl)salicylidene)-1,2-diphenylethylenediamine )4] ·20DMF·3CH3CN, tetrabutylammomium bromide, Time= 12h, T= 100 °C , Temperature, Reagent/catalyst Li, Jiawei; Ren, Yanwei; Qi, Chaorong; Jiang, Huanfeng; Dalton Transactions; vol. 46; nb. 24; (2017); p. 7821 - 7832",2017,valid,ionic_liquid,
656,Styrene oxide,"4-phenyl-1,3-dioxolan-2-one",98.0,80.0,0.10133,2.0,tetrabutylammonium bromide,,,,,,,,,,,,,,"Green chemistry, Catalytic behavior Khatun, Resmin; Bhanja, Piyali; Mondal, Paramita; Bhaumik, Asim; Das, Debasis; Manirul Islam; New Journal of Chemistry; vol. 41; nb. 21; (2017); p. 12937 - 12946",2017,valid,ionic_liquid,
659,Styrene oxide,"4-phenyl-1,3-dioxolan-2-one",91.0,80.0,2.00003,3.0,tetra-(n-butyl)ammonium iodide,,,,,,,,,,无溶剂,,,,"Saptal, Vitthal B.; Nanda, Binita; Parida, Kulamani M.; Bhanage, Bhalchandra M.; ChemCatChem; vol. 9; nb. 21; (2017); p. 4105 - 4111",2017,valid,unknown,无溶剂
660,Styrene oxide,"4-phenyl-1,3-dioxolan-2-one",60.9,100.0,1.60002,2.0,lithium bromide,,DMAP,,,,,,,,,,,,"Sogukomerogullari, Hatice Gamze; Aytar, Emine; Ulusoy, Mahmut; Demir, Sibel; Dege, Necmi; Richeson, Darrin S.; S?nmez, Mehmet; Inorganica Chimica Acta; vol. 471; (2018); p. 290 - 296",2018,valid,mixed_system,
663,Styrene oxide,"4-phenyl-1,3-dioxolan-2-one",98.0,80.0,0.10133,30.0,lithium bromide,,,,,,,,,,,,,,"Delavari, Mahbube; Zadehahmadi, Farnaz; Tangestaninejad, Shahram; Moghadam, Majid; Mirkhani, Valiollah; Mohammadpoor-Baltork, Iraj; Kardanpour, Reihaneh; Applied Organometallic Chemistry; vol. 31; nb. 7; (2017); Art.No: E3656",2017,valid,metal_halide,
668,Styrene oxide,"4-phenyl-1,3-dioxolan-2-one",99.0,115.0,1.01332,15.0,imidazolium,,,,,,,,,,无溶剂,,,,"Catalytic behavior, Temperature, Pressure, Reagent/catalyst, Time Zhong, Wei; Bobbink, Felix D.; Fei, Zhaofu; Dyson, Paul J.; ChemSusChem; vol. 10; nb. 13; (2017); p. 2728 - 2735",2017,valid,ionic_liquid,无溶剂
670,Styrene oxide,"4-phenyl-1,3-dioxolan-2-one",95.0,130.0,1.00001,24.0,imidazolium,,,,,,,,,,,,,,"Zhong, Hong; Su, Yanqing; Chen, Xingwei; Li, Xiaoju; Wang, Ruihu; ChemSusChem; vol. 10; nb. 24; (2017); p. 4855 - 4863",2017,valid,ionic_liquid,
671,Styrene oxide,"4-phenyl-1,3-dioxolan-2-one",88.0,40.0,0.10133,12.0,tetrabutylammonium bromide,,,,,,,,,,,,,,"Zhi, Yongfeng; Shao, Pengpeng; Feng, Xiao; Xia, Hong; Zhang, Yumin; Shi, Zhan; Mu, Ying; Liu, Xiaoming; Journal of Materials Chemistry A; vol. 6; nb. 2; (2018); p. 374 - 382",2018,valid,ionic_liquid,
673,Styrene oxide,"4-phenyl-1,3-dioxolan-2-one",97.0,70.0,3.03994,6.0,tetra-(n-butyl)ammonium iodide,,,,,,,,,,,,,,"Tang, Lei; Zhang, Shengbo; Wu, Qilong; Wang, Xinru; Wu, Hong; Jiang, Zhongyi; Journal of Materials Chemis‐ try A; vol. 6; nb. 7; (2018); p. 2964 - 2973",2018,valid,unknown,
675,Styrene oxide,"4-phenyl-1,3-dioxolan-2-one",94.3,50.0,0.10133,36.0,tetrabutylammonium bromide,,,,,,,,,,,,,,"Ji, Xiao-He; Zhu, Ning-Ning; Ma, Jian-Gong; Cheng, Peng; Dalton Transactions; vol. 47; nb. 6; (2018); p. 1768 - 1771",2018,valid,ionic_liquid,
676,Styrene oxide,"4-phenyl-1,3-dioxolan-2-one",99.0,80.0,0.1,12.0,tetrabutylammonium bromide,,,,,,,,,,无溶剂,,,,"Reagent/catalyst, Temperature Song, Tian-Qun; Dong, Jie; Yang, An-Fei; Che, Xue-Jing; Gao, Hong-Ling; Cui, Jian-Zhong; Zhao, Bin; Inor‐ ganic Chemistry; vol. 57; nb. 6; (2018); p. 3144 - 3150",2018,valid,ionic_liquid,无溶剂
678,Styrene oxide,"4-phenyl-1,3-dioxolan-2-one",20.0,25.0,0.10133,48.0,tetrabutylammonium bromide,,,,,,,,,,无溶剂,,,,"Catalytic behavior Chen, Jing-Jing; Gan, Zhi-Liang; Yi, Xiao-Yi; Catalysis Letters; vol. 148; nb. 3; (2018); p. 852 - 856",2018,valid,ionic_liquid,无溶剂
683,Styrene oxide,"4-phenyl-1,3-dioxolan-2-one",99.0,70.0,0.1,12.0,tetrabutylammonium bromide,,,,,,,,,,无溶剂,,,,"Green chemistry Cao, Chun-Shuai; Shi, Ying; Xu, Hang; Zhao, Bin; Dalton Transactions; vol. 47; nb. 13; (2018); p. 4545 - 4553",2018,valid,ionic_liquid,无溶剂
684,Styrene oxide,"4-phenyl-1,3-dioxolan-2-one",97.0,20.0,0.10133,12.0,tetrabutylammonium bromide,,,,,,,,,,,,,,"Ghosh, Swarbhanu; Bhanja, Piyali; Salam, Noor; Khatun, Resmin; Bhaumik, Asim; Islam, Sk. Manirul; Cataly‐ sis Today; vol. 309; (2018); p. 253 - 262",2018,valid,ionic_liquid,
685,Styrene oxide,"4-phenyl-1,3-dioxolan-2-one",89.7,70.0,0.1,12.0,tetrabutylammonium bromide,,,,,,,,,,,,,,"Tempera‐ ture Jing, Tan; Chen, Lian; Jiang, Feilong; Yang, Yan; Zhou, Kang; Yu, Muxin; Cao, Zhen; Li, Shengchang; Hong, Maochun; Crystal Growth and Design; vol. 18; nb. 5; (2018); p. 2956 - 2963",2018,valid,ionic_liquid,
686,Styrene oxide,"4-phenyl-1,3-dioxolan-2-one",97.0,20.0,0.10133,6.0,tetrabutylammonium bromide,,,,,,,,,,,,,,"Reagent/catalyst Ghosh, Swarbhanu; Mondal, Paramita; Das, Debasis; Tuhina, Kazi; Islam, Sk. Manirul; Journal of Organome‐ tallic Chemistry; vol. 866; (2018); p. 1 - 12",2018,valid,ionic_liquid,
687,Styrene oxide,"4-phenyl-1,3-dioxolan-2-one",56.0,120.0,1.00001,11.0,iron(II) chloride,,,,,,,,,,hexane,,,,"Hwang, Joon Young; Shin, Jung Ha; Seong, Eun Young; Kang, Eun Joo; Bulletin of the Korean Chemical Soci‐ ety; vol. 39; nb. 5; (2018); p. 695 - 698",2018,valid,metal_halide,hexane
688,Styrene oxide,"4-phenyl-1,3-dioxolan-2-one",88.0,80.0,2.00003,12.0,tetrabutylammonium bromide,,,,,,,,,,,,,,"Liu, Anhua; Zhang, Jinju; Lv, Xiaobing; Cuihua Xuebao/Chinese Journal of Catalysis; vol. 39; nb. 8; (2018); p. 1320 - 1328",2018,valid,ionic_liquid,
689,Styrene oxide,"4-phenyl-1,3-dioxolan-2-one",99.0,70.0,0.1,12.0,tetrabutylammonium bromide,,,,,,,,,,无溶剂,,,,"Reagent/catalyst, Temperature Kang, Xiao-Min; Wang, Wen-Min; Yao, Lin-Hong; Ren, Hong-Xia; Zhao, Bin; Dalton Transactions; vol. 47; nb. 20; (2018); p. 6986 - 6994",2018,valid,ionic_liquid,无溶剂
692,Styrene oxide,"4-phenyl-1,3-dioxolan-2-one",78.0,80.0,1.00001,18.0,tetra-(n-butyl)ammonium iodide,,,,,,,,,,,,,,"Green chemistry, Catalytic behavior, Reagent/catalyst Mirabaud, Ana?s; Martinez, Alexandre; Bayard, Fran?ois; Dutasta, Jean-Pierre; Dufaud, Véronique; New Jour‐ nal of Chemistry; vol. 42; nb. 20; (2018); p. 16863 - 16874",2018,valid,unknown,
694,Styrene oxide,"4-phenyl-1,3-dioxolan-2-one",99.0,57.0,0.10133,20.0,tetrabutylammonium bromide,,imidazolium,,,,,,,,,,,,"Inert atmosphere, Catalytic behavior, Reagent/catalyst Huang, Zhangjun; Uranga, Jorge G.; Zhou, Shiliu; Jia, Haiyan; Fei, Zhaofu; Wang, Yefeng; Bobbink, Felix D.; Lu, Qinghua; Dyson, Paul J.; Journal of Materials Chemistry A; vol. 6; nb. 42; (2018); p. 20916 - 20925",2018,valid,ionic_liquid,
696,Styrene oxide,"4-phenyl-1,3-dioxolan-2-one",97.0,20.0,0.10133,6.0,tetrabutylammonium bromide,,,,,,,,,,water,ethyl acetate,,,"Mondal, Ranjan Kumar; Riyajuddin, Sk; Ghosh, Aniruddha; Ghosh, Swarbhanu; Ghosh, Kaushik; Islam, Sk.Manirul; Journal of Organometallic Chemistry; vol. 880; (2019); p. 322 - 332",2019,valid,ionic_liquid,water; ethyl acetate
700,Styrene oxide,"4-phenyl-1,3-dioxolan-2-one",99.0,30.0,0.10133,24.0,tetra-(n-butyl)ammonium iodide,,,,,,,,,,无溶剂,,,,"Cat‐ alytic behavior, Reagent/catalyst, Temperature Takaishi, Kazuto; Okuyama, Takafumi; Kadosaki, Shota; Uchiyama, Masanobu; Ema, Tadashi; Organic Let‐ ters; vol. 21; nb. 5; (2019); p. 1397 - 1401",2019,valid,unknown,无溶剂
701,Styrene oxide,"4-phenyl-1,3-dioxolan-2-one",84.0,80.0,,48.0,tetrabutylammonium bromide,,,,,,,,,,,,,,"With tetrabutylammomium bromide, Time= 48h, T= 80 °C , Autoclave, Temperature Kong, Weiping; Liu, Jing; RSC Advances; vol. 9; nb. 9; (2019); p. 4925 - 4931",2019,valid,ionic_liquid,
703,Styrene oxide,"4-phenyl-1,3-dioxolan-2-one",98.0,80.0,0.10133,48.0,imidazolium,,,,,,,,,,无溶剂,,,,"Temperature, Reagent/catalyst Ding, Luo-Gang; Yao, Bing-Jian; Li, Fei; Shi, Shao-Chuan; Huang, Ning; Yin, Hua-Bing; Guan, Qun; Dong, Yu-Bin; Journal of Materials Chemistry A; vol. 7; nb. 9; (2019); p. 4689 - 4698",2019,valid,ionic_liquid,无溶剂
705,Styrene oxide,"4-phenyl-1,3-dioxolan-2-one",92.0,50.0,0.1,12.0,tetrabutylammonium bromide,,,,,,,,,,无溶剂,,,,"Temperature, Reagent/catalyst Qiao, Wanzhen; Song, Tianqun; Zhao, Bin; Chinese Journal of Chemistry; vol. 37; nb. 5; (2019); p. 474 - 478",2019,valid,ionic_liquid,无溶剂
707,Styrene oxide,"4-phenyl-1,3-dioxolan-2-one",99.0,70.0,0.1,12.0,tetrabutylammonium bromide,,,,,,,,,,无溶剂,,,,"Temperature, Reagent/catalyst Xu, Hang; Cao, Chun-Shuai; Hu, Han-Shi; Wang, Shi-Bin; Liu, Jin-Cheng; Cheng, Peng; Kaltsoyannis, Niko‐ las; Li, Jun; Zhao, Bin; Angewandte Chemie - International Edition; vol. 58; nb. 18; (2019); p. 6022 - 6027; Angew. Chem.; vol. 131; nb. 18; (2019); p. 6083 - 6088,6",2019,valid,ionic_liquid,无溶剂
709,Styrene oxide,"4-phenyl-1,3-dioxolan-2-one",99.0,80.0,,8.0,tetrabutylammonium bromide,,,,,,,,,,,,,,"With 2C 21H9NO8 (4-)*5H2O*4C H NO*4Mn(2+)3 7 , tetrabutylammomium bromide, Time= 8h, T= 80 °C , Mechanism Cheng, Shan; Wu, Yunlong; Jin, Jing; Liu, Jiao; Wu, Dan; Yang, Guoping; Wang, Yao-Yu; Dalton Transactions; vol. 48; nb. 22; (2019); p. 7612 - 7618",2019,valid,ionic_liquid,
711,Styrene oxide,"4-phenyl-1,3-dioxolan-2-one",50.7,80.0,1.00001,12.0,tetrabutylammonium bromide,,,,,,,,,,,,,,"Cheng, Weiwei; Xue, Yun-shan; Luo, Xi-Ming; Xu, Yan; Chemical Communications; vol. 54; nb. 91; (2018); p. 12808 - 12811",2018,valid,ionic_liquid,
713,Styrene oxide,"4-phenyl-1,3-dioxolan-2-one",95.0,80.0,0.10133,24.0,tetrabutylammonium bromide,,,,,,,,,,无溶剂,,,,"Sealed tube, Reagent/catalyst Sun, Xiaodong; Gu, Jiaming; Yuan, Yang; Yu, Chengyang; Li, Jiantang; Shan, Hongyan; Li, Guanghua; Liu, Yunling; Inorganic Chemistry; vol. 58; nb. 11; (2019); p. 7480 - 7487",2019,valid,ionic_liquid,无溶剂
716,Styrene oxide,"4-phenyl-1,3-dioxolan-2-one",93.0,80.0,0.1,12.0,tetrabutylammonium bromide,,pyridine,,,,,,,,acetonitrile,,,,"He, Hongming; Zhu, Qian-Qian; Guo, Mei-Tong; Zhou, Qiao-Shu; Chen, Jing; Li, Cheng-Peng; Du, Miao; Crys‐ tal Growth and Design; vol. 19; nb. 9; (2019); p. 5228 - 5236",2019,valid,mixed_system,acetonitrile
717,Styrene oxide,"4-phenyl-1,3-dioxolan-2-one",99.0,120.0,1.70003,3.0,tetrabutylammonium bromide,,,,,,,,,,,,,,"Ge, Yuansheng; Cheng, Guoe; Xu, Nanfeng; Wang, Weizhou; Ke, Hanzhong; Catalysis science and technology; vol. 9; nb. 16; (2019); p. 4255 - 4261",2019,valid,ionic_liquid,
718,Styrene oxide,"4-phenyl-1,3-dioxolan-2-one",90.0,20.0,0.10133,5.0,tetrabutylammonium bromide,,,,,,,,,,water,,,,"Catalytic behavior Biswas, Surajit; Roy, Dipanwita; Ghosh, Swarbhanu; Islam, Sk Manirul; Journal of Organometallic Chemistry; vol. 898; (2019); Art.No: 120877",2019,valid,ionic_liquid,water
719,Styrene oxide,"4-phenyl-1,3-dioxolan-2-one",88.0,80.0,2.00003,3.0,tetra-(n-butyl)ammonium iodide,,copper cobaltite,,,,,,,,无溶剂,,,,"Mechanism, Reagent/catalyst, Concentration, Pressure, Time Prasad, Divya; Patil, Komal N.; Bhanushali, Jayesh T.; Nagaraja, Bhari Mallana; Jadhav, Arvind H.; Catalysis science and technology; vol. 9; nb. 16; (2019); p. 4393 - 4412",2019,valid,metal_halide,无溶剂
720,Styrene oxide,"4-phenyl-1,3-dioxolan-2-one",78.0,90.0,0.50001,6.0,tetrabutylammonium bromide,,,,,,,,,,无溶剂,,,,"Molecular sieve Li, Yixing; Zhang, Xiao; Lan, Jianwen; Xu, Ping; Sun, Jianmin; Inorganic Chemistry; vol. 58; nb. 20; (2019); p. 13917 - 13926",2019,valid,ionic_liquid,无溶剂
721,Styrene oxide,"4-phenyl-1,3-dioxolan-2-one",86.0,130.0,1.00001,,imidazolium,,,,,,,,,,,,,,"High pressure Qin, Li; Ji, Yayan; Ding, Tong; Liu, Bo; Wang, Rong; Ji, Liangzheng; Gao, Guohua; Catalysis Letters; vol. 150; nb. 4; (2020); p. 1196 - 1203",2020,valid,ionic_liquid,
722,Styrene oxide,"4-phenyl-1,3-dioxolan-2-one",58.0,40.0,0.10133,8.0,tetra-(n-butyl)ammonium iodide,,,,,,,,,,,,,,"Catalytic be‐ havior Wang, Hongmei; Zhang, Zulei; Wang, Hailong; Guo, Liping; Li, Lei; Dalton Transactions; vol. 48; nb. 42; (2019); p. 15970 - 15976",2019,valid,unknown,
723,Styrene oxide,"4-phenyl-1,3-dioxolan-2-one",99.0,,2.00003,7.0,imidazolium,,,,,,,,,,water,ethyl acetate,,,"Heating Guan, Ruqun; Zhang, Xiaoming; Chang, Fangfang; Xue, Nan; Yang, Hengquan; Cuihua Xuebao/Chinese Jour‐ nal of Catalysis; vol. 40; nb. 12; (2019); p. 1874 - 1883",2019,valid,ionic_liquid,water; ethyl acetate
724,Styrene oxide,"4-phenyl-1,3-dioxolan-2-one",99.0,100.0,0.10133,3.0,tetrabutylammonium bromide,,,,,,,,,,无溶剂,,,,"Cat‐ alytic behavior, Kinetics, Reagent/catalyst, Temperature Jiang, Pengbo; Ma, Lei; Wang, Kaizhi; Lan, Kai; Zhan, Zhenzhen; Iqbal, Anam; Niu, Fang; Li, Rong; New Jour‐ nal of Chemistry; vol. 43; nb. 44; (2019); p. 17211 - 17219",2019,valid,ionic_liquid,无溶剂
725,Styrene oxide,"4-phenyl-1,3-dioxolan-2-one",72.0,120.0,,30.0,DABCO,,,,,,,,,,ethanol,,,,"The recyclable catalyst for catalyzing the CO2 cycloaddition General procedure: After the CO2 cycloaddition for 30 hours, the Au NP array film catalyst was taken out from the reaction system and washed with ethanol for three times, then dried at 35 oC in the vacuum. The recycled catalyst was then introduced into a new reaction system with co-catalyst [C4DABCO]Br (15 mg), phenyl epoxide (24 mg), anhydrous ethanol (1.5 mL), and gaseous CO2 (0.5 L min-1) in a 25 mL flask, which were continued stirring for 30 h at 120 oC. The recycling operation was repeated for three times under the same reaction conditions. The conversion and yield can be determined by GC. With 1-butyl-4-aza-1-azoniabicyclo[2.2.2]octane bromide in ethanol, Time= 30h, T= 120 °C , Catalytic behavior, Re‐ agent/catalyst, Temperature Li, Yunong; Guo, Yaohui; Xia, Mingjian; Shao, Lei; Zhou, Yuan; Bai, Xiaojue; Li, Linlin; Zhou, Jun; Chen, Dan; Zhang, Xuemin; Wang, Tieqiang; Zhang, Liying; Fu, Yu; Bulletin of the Chemical Society of Japan; vol. 92; nb. 12; (2019); p. 2004 - 2011",2019,valid,mixed_system,ethanol
726,Styrene oxide,"4-phenyl-1,3-dioxolan-2-one",88.1,70.0,1.00001,12.0,tetrabutylammonium bromide,,,,,,,,,,,,,,"Song, Kunpeng; Tang, Cheng; Zou, Zhijuan; Wu, Yundang; Transition Metal Chemistry; vol. 45; nb. 2; (2020); p. 111 - 119",2020,valid,ionic_liquid,
727,Styrene oxide,"4-phenyl-1,3-dioxolan-2-one",66.0,80.0,1.00001,24.0,tetrabutylammonium chloride,,,,,,,,,,,,,,"Glovebox, Schlenk technique, Autoclave, Inert atmosphere, Catalytic behavior Driscoll, Oliver J.; Hafford-Tear, Claudia H.; McKeown, Paul; Stewart, Jack A.; Kociok-K?hn, Gabriele; Ma‐ hon, Mary F.; Jones, Matthew D.; Dalton Transactions; vol. 48; nb. 40; (2019); p. 15049 - 15058",2019,valid,ionic_liquid,
729,Styrene oxide,"4-phenyl-1,3-dioxolan-2-one",93.4,70.0,0.50001,16.0,tetrabutylammonium bromide,,,,,,,,,,,,,,"Cao, Jia-Peng; Xue, Yun-Shan; Li, Ning-Fang; Gong, Jun-Jie; Kang, Run-Kun; Xu, Yan; Journal of the Ameri‐ can Chemical Society; vol. 141; nb. 49; (2019); p. 19487 - 19497",2019,valid,ionic_liquid,
732,Styrene oxide,"4-phenyl-1,3-dioxolan-2-one",91.0,60.0,0.50001,4.0,tetrabutylammonium bromide,,,,,,,,,,,,,,"Catalytic behavior, Reagent/catalyst, Temperature Borah, Rakhimoni; Deori, Naranarayan; Brahma, Sanfaori; New Journal of Chemistry; vol. 44; nb. 6; (2020); p. 2547 - 2554",2020,valid,ionic_liquid,
733,Styrene oxide,"4-phenyl-1,3-dioxolan-2-one",41.2,80.0,,,tetrabutylammonium bromide,,,,,,,,,,无溶剂,,,,"With tetrabutylammomium bromide, Zn(2+)*0.5H2O*0.5C12H12N *C H N O  (2-)2 10 5 3 4  in neat (no solvent), T= 80 °C , Schlenk technique Liu, Jiao;Hang, Ming;Wu, Dan;Jin, Jing;Cheng, Jian-Guo;Yang, Guoping;Wang, Yao-Yu; Inorganic Chemistry; vol. 59; nb. 4; (2020); p. 2450 - 2457",2020,valid,ionic_liquid,无溶剂
734,Styrene oxide,"4-phenyl-1,3-dioxolan-2-one",62.1,80.0,2.00003,3.0,tetrabutylammonium bromide,,,,,,,,,,,,,,"Guo, Feng; Su, Changhua; Fan, Yuhang; Shi, Wenbing; Australian Journal of Chemistry; vol. 73; nb. 11; (2020); p. 1060 - 1064",2020,valid,ionic_liquid,
735,Styrene oxide,"4-phenyl-1,3-dioxolan-2-one",86.0,80.0,0.1,72.0,imidazolium,,,,,,,,,,,,,,"Zhang, Yadong; Chen, Guojian; Wu, Lei; Liu, Ke; Zhong, Hu; Long, Zhouyang; Tong, Minman; Yang, Zhenz‐ hen; Dai, Sheng; Chemical Communications; vol. 56; nb. 22; (2020); p. 3309 - 3312",2020,valid,ionic_liquid,
736,Styrene oxide,"4-phenyl-1,3-dioxolan-2-one",99.0,50.0,0.10133,24.0,tetrabutylammonium bromide,,,,,,,,,,,,,,"Catalytic behavior, Reagent/catalyst Liang, Guang-Ming;Xiong, Peng;Azam, Khan;Ni, Qing-Ling;Zeng, Jian-Qiang;Gui, Liu-Cheng;Wang, Xiu-Jian; Inorganic Chemistry; vol. 59; nb. 3; (2020); p. 1653 - 1659",2020,valid,ionic_liquid,
737,Styrene oxide,"4-phenyl-1,3-dioxolan-2-one",76.0,80.0,1.00001,24.0,tetrabutylammonium chloride,,,,,,,,,,,,,,"Glovebox, Auto‐ clave, Inert atmosphere, Catalytic behavior Driscoll, Oliver J.; Stewart, Jack A.; McKeown, Paul; Jones, Matthew D.; New Journal of Chemistry; vol. 44; nb. 15; (2020); p. 6063 - 6067",2020,valid,ionic_liquid,
738,Styrene oxide,"4-phenyl-1,3-dioxolan-2-one",96.0,20.0,0.1,8.0,tetrabutylammonium bromide,,,,,,,,,,无溶剂,,,,"Reagent/catalyst, Time Liu, Jiao;Wu, Dan;Yang, Guo-Ping;Wu, Yunlong;Zhang, Shuyu;Jin, Jing;Wang, Yao-Yu; Chemistry - A Europe‐ an Journal; vol. 26; nb. 24; (2020); p. 5400 - 5406",2020,valid,ionic_liquid,无溶剂
739,Styrene oxide,"4-phenyl-1,3-dioxolan-2-one",89.3,100.0,1.50002,6.0,lithium bromide,,DMAP,,,,,,,,无溶剂,,,,"Time Pradhan, Harish Chandra; Mantri, Somanath; Maharana, Tungabidya; Sutar, Alekha Kumar; Chemical Papers; vol. 74; nb. 10; (2020); p. 3423 - 3430",2020,valid,mixed_system,无溶剂
740,Styrene oxide,"4-phenyl-1,3-dioxolan-2-one",90.0,80.0,2.00003,24.0,tetrabutylammonium bromide,,,,,,,,,,无溶剂,,,,"Auto‐ clave, Sealed tube You, Li-Xin;Yao, Shan-Xin;Zhao, Bai-Bei;Xiong, Gang;Dragutan, Ileana;Dragutan, Valerian;Liu, Xue-Gui;Ding, Fu;Sun, Ya-Guang; Dalton Transactions; vol. 49; nb. 19; (2020); p. 6368 - 6376",2020,valid,ionic_liquid,无溶剂
741,Styrene oxide,"4-phenyl-1,3-dioxolan-2-one",99.0,70.0,0.1,12.0,tetrabutylammonium bromide,,,,,,,,,,,,,,"Temperature Tong, Shuping;Chen, Hui;Cheng, Gang;Zhang, Yaping;Liu, Jingjun;Liu, Jinsheng;Wen, Jiawei; Journal of Co‐ ordination Chemistry; vol. 73; nb. 7; (2020); p. 1086 - 1096",2020,valid,ionic_liquid,
742,Styrene oxide,"4-phenyl-1,3-dioxolan-2-one",93.0,100.0,3.00005,3.0,tetrabutylammonium bromide,,,,,,,,,,,,,,"Wu, Yunyan;Zuo, Shouwei;Zhao, Yanfei;Wang, Huan;Li, Dongyang;Guo, Shien;Zhao, Zhijuan;Zhang, Jing;Han, Buxing;Liu, Zhimin; Green Chemistry; vol. 22; nb. 9; (2020); p. 2846 - 2851",2020,valid,ionic_liquid,
743,Styrene oxide,"4-phenyl-1,3-dioxolan-2-one",99.0,,,24.0,tetrabutylammonium bromide,,,,,,,,,,无溶剂,,,,"With C NO  (4-)28 H 13 8 *2Co(2+)*3H2O, tetrabutylammonium bromide in neat (no solvent), Time= 24h, Reagent/catalyst Cai, Jin; Zou, Peng-Fei; Australian Journal of Chemistry; vol. 74; nb. 2; (2021); p. 94 - 100",2021,valid,ionic_liquid,无溶剂
744,Styrene oxide,"4-phenyl-1,3-dioxolan-2-one",96.8,80.0,0.50001,5.0,tetrabutylammonium bromide,,,,,,,,,,,,,,"Guo, Feng;Su, Changhua;Fan, Yuhang;Shi, Wenbing;Zhang, Xiuling; Crystal Growth and Design; vol. 20; nb. 6; (2020); p. 4135 - 4143",2020,valid,ionic_liquid,
745,Styrene oxide,"4-phenyl-1,3-dioxolan-2-one",83.3,80.0,0.50001,3.0,tetrabutylammonium bromide,,,,,,,,,,water,,,,PatentUNIV NORTHWESTERN; NORTHWESTERN UNIVERSITY ILLINOISNorthwestern University (Illinois); CN111393402; (2020); (A) ChineseNORTHWESTERN UNIVERSITY (ILLINOIS),2020,valid,ionic_liquid,water
746,Styrene oxide,"4-phenyl-1,3-dioxolan-2-one",96.8,80.0,0.50001,5.0,tetrabutylammonium bromide,,,,,,,,,,,,,,"Ye, Qing;Zhang, Li;Shao, Zhou-Li;Zhang, Wei;Li, Chao;Ye, Xiang-Ming; Inorganica Chimica Acta; vol. 512; (2020); Art.No: 119880",2020,valid,ionic_liquid,
749,Styrene oxide,"4-phenyl-1,3-dioxolan-2-one",99.0,120.0,0.10133,10.0,imidazolium bromide,,,,,,,,,,无溶剂,,,,"Pressure Gao, Jinwei; Sa, Rongjian; Wang, Ruihu; Wu, Zhicheng; Yang, Shuailong; Zhong, Hong; ChemSusChem; -2020",,valid,ionic_liquid,无溶剂
750,Styrene oxide,"4-phenyl-1,3-dioxolan-2-one",94.0,20.0,0.10133,24.0,tetrabutylammonium bromide,,,,,,,,,,无溶剂,,,,"Paul, Priyanka; Salam, Noor; Khan, Aslam; Das, Debasis; Alam, Seikh Mafiz; Islam, Sk. Manirul; New Journal of Chemistry; vol. 44; nb. 32; (2020); p. 13852 - 13862",2020,valid,ionic_liquid,无溶剂
752,Styrene oxide,"4-phenyl-1,3-dioxolan-2-one",99.0,120.0,1.00001,3.0,tetrabutylammonium bromide,,,,,,,,,,无溶剂,,,,"Catalytic behavior, Mechanism, Reagent/catalyst, Temperature, Solvent, Concentration, Pressure, Time Yang, Huan;Gao, Guoshu;Chen, Wanmin;Wang, Li;Liu, Weisheng; Dalton Transactions; vol. 49; nb. 29; (2020); p. 10270 - 10277",2020,valid,ionic_liquid,无溶剂
753,Styrene oxide,"4-phenyl-1,3-dioxolan-2-one",97.8,80.0,1.00001,6.0,tetrabutylammonium bromide,,,,,,,,,,DMF,,,,"Cat‐ alytic behavior Guo, Feng;Su, Changhua;Fan, Yuhang;Shi, Wenbing;Zhang, Xiuling;Xu, Jiakun; Dalton Transactions; vol. 49; nb. 32; (2020); p. 11209 - 11216",2020,valid,ionic_liquid,DMF
755,Styrene oxide,"4-phenyl-1,3-dioxolan-2-one",93.0,80.0,0.10133,24.0,tetrabutylammonium bromide,,,,,,,,,,,,,,"Yuan, Yang;Li, Jiantang;Sun, Xiaodong;Li, Guanghua;Liu, Yunling;Verma, Gaurav;Ma, Shengqian; Chemistry of Materials; vol. 31; nb. 3; (2019); p. 1084 - 1091",2019,valid,ionic_liquid,
756,Styrene oxide,"4-phenyl-1,3-dioxolan-2-one",99.0,70.0,0.10133,24.0,tetrabutylammonium bromide,,,,,,,,,,无溶剂,,,,"Temperature Chen, Hongtai;Fan, Liming;Lv, Hongxiao;Zhang, Xiutang; Inorganic Chemistry; vol. 59; nb. 18; (2020); p. 13407 -13415",2020,valid,ionic_liquid,无溶剂
757,Styrene oxide,"4-phenyl-1,3-dioxolan-2-one",98.0,25.0,0.1,48.0,tetrabutylammonium bromide,,,,,,,,,,methanol,dichloromethane,,,"Catalytic behavior, Reagent/catalyst Guo, Ding;Li, Cheng;Zhang, Juan;Liu, Genyan;Luo, Xiaogang;Wu, FengshouS0022459620306010; Journal of Solid State Chemistry; vol. 293; (2021); Art.No: 121770",2021,valid,ionic_liquid,methanol; dichloromethane
758,Styrene oxide,"4-phenyl-1,3-dioxolan-2-one",99.0,70.0,0.10133,,tetrabutylammonium bromide,,,,,,,,,,无溶剂,,,,"Temperature Lv, Hongxiao;Chen, Hongtai;Fan, Liming;Zhang, Xiutang; Dalton Transactions; vol. 49; nb. 41; (2020); p. 14656 -14664",2020,valid,ionic_liquid,无溶剂
759,Styrene oxide,"4-phenyl-1,3-dioxolan-2-one",93.0,100.0,0.10133,6.0,pyridinium,,,,,,,,,,,,,,"Cata‐ lytic behavior, Reagent/catalyst, Temperature Yan, Rui; Chen, Kai; Li, Zhenjiang; Qu, Yuanyuan; Gao, Luoyu; Tong, Haoying; Li, Yongqiang; Li, Jie; Hu, Yongzhu; Guo, Kai; ChemSusChem; vol. 14; nb. 2; (2021); p. 738 - 744",2021,valid,ionic_liquid,
761,Styrene oxide,"4-phenyl-1,3-dioxolan-2-one",85.0,80.0,0.10133,6.0,tetrabutylammonium bromide,,,,,,,,,,无溶剂,,,,"Inert atmosphere, Schlenk technique, Glovebox, Catalytic behavior, Reagent/catalyst, Time Tran; Nguyen, Phuong T. K.; Luong, Quang T.; Nguyen, Khoi D.; Inorganic Chemistry; vol. 59; nb. 22; (2020); p. 16747 - 16759",2020,valid,ionic_liquid,无溶剂
762,Styrene oxide,"4-phenyl-1,3-dioxolan-2-one",73.0,120.0,0.40001,30.0,imidazolium chloride,,imidazolium,,,,,,,,无溶剂,,,,"Wu, Qiu-Jin;Mao, Min-Jie;Chen, Jian-Xin;Huang, Yuan-Biao;Cao, Rong; Catalysis science and technology; vol. 10; nb. 23; (2020); p. 8026 - 8033",2020,valid,ionic_liquid,无溶剂
763,Styrene oxide,"4-phenyl-1,3-dioxolan-2-one",99.0,90.0,0.1,12.0,tetrabutylammonium bromide,6.0,,,,,,,,,无溶剂,,,,"Lv, Jun-Jie;Cao, Feng-Lin;Wang, Mei-Ling;Zong, Xi-Mei;Kang, Xiao-Min;Wu, Zhi-Lei; Polyhedron; vol. 195; (2021); Art.No: 114982",2021,valid,ionic_liquid,无溶剂
764,Styrene oxide,"4-phenyl-1,3-dioxolan-2-one",89.0,120.0,1.50002,3.0,imidazolium bromide,,imidazolium,,,,,,,,,,,,"High pressure, Green chemistry Gou, Haibin; Ma, Xifei; Su, Qian; Liu, Lei; Ying, Ting; Qian, Wei; Dong, Li; Cheng, Weiguo; Physical Chemistry Chemical Physics; vol. 23; nb. 3; (2021); p. 2005 - 2014",2021,valid,ionic_liquid,
765,Styrene oxide,"4-phenyl-1,3-dioxolan-2-one",92.6,85.0,0.50001,5.0,tetrabutylammonium bromide,,,,,,,,,,,,,,"Yuan, Rongrong; Chen, Hongxu; Zhu, Qian-Qian; He, Hongming; Journal of Solid State Chemistry; vol. 297; (2021); Art.No: 122036",2021,valid,ionic_liquid,
766,Styrene oxide,"4-phenyl-1,3-dioxolan-2-one",99.0,100.0,0.1,3.0,sodium bromide,,,,,,,,,,,,,,"Reagent/catalyst, Tem‐ perature, Pressure, Time Rigo, Davide; Calmanti, Roberto; Perosa, Alvise; Selva, Maurizio; Fiorani, Giulia; ChemCatChem; vol. 13; nb. 8; (2021); p. 2005 - 2016",2021,valid,metal_halide,
767,Styrene oxide,"4-phenyl-1,3-dioxolan-2-one",91.0,100.0,,8.0,tetrabutylammonium bromide,,,,,,,,,,,,,,"With tetrabutylammomium bromide, Ca3(tris[(4-carboxyl)phenylduryl]amine)2(N,N-dimethylacetamide)2(H2O)2, Time= 8h, T= 100 °C , Schlenk technique, Catalytic behavior, Concentration, Reagent/catalyst, Time Wang, Ying-Xia; Wang, Hui-Min; Meng, Pan; Song, Dong-Xia; Hou, Juan-Juan; Zhang, Xian-Ming; Dalton Transactions; vol. 50; nb. 5; (2021); p. 1740 - 1745",2021,valid,ionic_liquid,
768,Styrene oxide,"4-phenyl-1,3-dioxolan-2-one",98.0,60.0,0.10133,8.0,tetrabutylammonium bromide,,,,,,,,,,无溶剂,,,,"Chen, Hongtai; Fan, Liming; Hu, Tuoping; Zhang, Xiutang; Inorganic Chemistry; vol. 60; nb. 5; (2021); p. 3384 - 3392",2021,valid,ionic_liquid,无溶剂
769,Styrene oxide,"4-phenyl-1,3-dioxolan-2-one",98.0,100.0,0.1,24.0,tetrabutylammonium bromide,,,,,,,,,,无溶剂,,,,"Reagent/catalyst, Temperature, Pressure Kuznetsova, Svetlana A.; Gorodishch, Ilia V.; Gak, Alexander S.; Zherebtsova, Valeria V.; Gerasimov, Igor S.; Medvedev, Michael G.; Kitaeva, Dinara Kh.; Khakina, Ekaterina A.; North, Michael; Belokon, Yuri N.; Tetrahe‐ dron; vol. 82; (2021)",2021,valid,ionic_liquid,无溶剂
770,Styrene oxide,"4-phenyl-1,3-dioxolan-2-one",39.0,75.0,0.10133,8.0,tetrabutylammonium bromide,,,,,,,,,,无溶剂,,,,"Knoevenagel Condensation, Catalytic behavior, Temperature Chen, Hongtai; Hu, Tuoping; Fan, Liming; Zhang, Xiutang; Inorganic Chemistry; vol. 60; nb. 2; (2021); p. 1028 - 1036",2021,valid,ionic_liquid,无溶剂
771,Styrene oxide,"4-phenyl-1,3-dioxolan-2-one",47.0,60.0,,12.0,tetrabutylammonium bromide,,,,,,,,,,acetonitrile,,,,"With tetrabutylammomium bromide in acetonitrile, Time= 12h, T= 60 °C , Catalytic behavior Liu, Yong-Liang; Di, Yanqing; Chen, Fengying; Zhou, Chunsheng; Liu, Bo; Dalton Transactions; vol. 50; nb. 11; (2021); p. 3848 - 3853",2021,valid,ionic_liquid,acetonitrile
772,Styrene oxide,"4-phenyl-1,3-dioxolan-2-one",99.0,80.0,1.00001,8.0,tetrabutylammonium bromide,,,,,,,,,,无溶剂,,,,"Tempera‐ ture, Time, Reagent/catalyst Patel, Unnati; Patel, Parth; Parmar, Bhavesh; Dadhania, Abhishek; Suresh, Eringathodi; Crystal Growth and Design; vol. 21; nb. 3; (2021); p. 1833 - 1842",2021,valid,ionic_liquid,无溶剂
773,Styrene oxide,"4-phenyl-1,3-dioxolan-2-one",55.0,80.0,2.06848,1.0,tetrabutylammonium bromide,,,,,,,,,,无溶剂,,,,"Inert atmosphere, Schlenk technique, Glovebox Kiriratnikom, Jiraya; Laiwattanapaisarn, Nattiya; Vongnam, Kunnigar; Thavornsin, Nopparat; Sae-Ung, Pornpen; Kaeothip, Sophon; Euapermkiati, Anucha; Namuangruk, Supawadee; Phomphrai, Khamphee; Inor‐ ganic Chemistry; vol. 60; nb. 9; (2021); p. 6147 - 6151",2021,valid,ionic_liquid,无溶剂
774,Styrene oxide,"4-phenyl-1,3-dioxolan-2-one",58.0,20.0,0.1,2.0,tetrabutylammonium bromide,,,,,,,,,,无溶剂,,,,"Baalbaki, Hassan A.; Roshandel, Hootan; Hein, Jason E.; Mehrkhodavandi, Parisa; Catalysis science and tech‐ nology; vol. 11; nb. 6; (2021); p. 2119 - 2129",2021,valid,ionic_liquid,无溶剂
775,Styrene oxide,"4-phenyl-1,3-dioxolan-2-one",81.0,80.0,0.10133,4.0,tetrabutylammonium bromide,,,,,,,,,,,,,,"Wang, Yao; Yang, Guo-Ping; Zhang, Peng-Feng; Ma, Lu-Lu; Wang, Jiao-Min; Li, Gao-Peng; Wang, Yao-Yu; Crystal Growth and Design; vol. 21; nb. 5; (2021); p. 2734 - 2743",2021,valid,ionic_liquid,
776,Styrene oxide,"4-phenyl-1,3-dioxolan-2-one",50.3,70.0,0.10133,3.0,tetrabutylammonium bromide,,,,,,,,,,,,,,"Yu, Wei-Dong; Zhang, Yin; Han, Yu-Yang; Li, Bin; Shao, Sai; Zhang, Le-Ping; Xie, Hong-Ke; Yan, Jun; Inorgan‐ ic Chemistry; vol. 60; nb. 6; (2021); p. 3980 - 3987",2021,valid,ionic_liquid,
778,Styrene oxide,"4-phenyl-1,3-dioxolan-2-one",93.0,,0.10133,6.0,tetrabutylammonium bromide,,,,,,,,,,无溶剂,,,,"Heating, Catalytic behavior Chen, Hongtai; Fan, Liming; Hu, Tuoping; Zhang, Xiutang; Inorganic Chemistry; vol. 60; nb. 7; (2021); p. 5005 - 5013",2021,valid,ionic_liquid,无溶剂
779,Styrene oxide,"4-phenyl-1,3-dioxolan-2-one",96.0,65.0,0.1,8.0,tetrabutylammonium bromide,,,,,,,,,,,,,,"Catalytic behavior Chen, Hongtai; Fan, Liming; Hu, Tuoping; Zhang, Xiutang; Inorganic Chemistry; vol. 60; nb. 10; (2021); p. 7276 - 7283",2021,valid,ionic_liquid,
780,Styrene oxide,"4-phenyl-1,3-dioxolan-2-one",99.0,100.0,0.1,24.0,tetra-(n-butyl)ammonium iodide,,,,,,,,,,无溶剂,,,,"Inert atmosphere, Schlenk technique, Reagent/catalyst, Concentration, Solvent Rago, Aurélie;Framery, Eric;Andrioletti, Bruno; Journal of Porphyrins and Phthalocyanines; vol. 26; nb. 6-7; (2022); p. 443 - 451",2022,valid,unknown,无溶剂
781,Styrene oxide,"4-phenyl-1,3-dioxolan-2-one",83.3,80.0,0.40001,3.0,tetrabutylammonium bromide,,,,,,,,,,,,,,"Wang, Zheng; Wang, Yajun; Xie, Qianjie; Fan, Zhiying; Shen, Yehua; New Journal of Chemistry; vol. 45; nb. 21; (2021); p. 9403 - 9408",2021,valid,ionic_liquid,
782,Styrene oxide,"4-phenyl-1,3-dioxolan-2-one",96.4,80.0,0.80001,24.0,tetrabutylammonium bromide,,iron(II) chloride,,,,,,,,THF,,,,"Ionic liq‐ uid, Autoclave, Catalytic behavior Ribeiro, Ana P. C.;Goodrich, Peter;Martins, Luísa M. D. R. S.; Molecules; vol. 26; nb. 4; (2021); Art.No: 1089",2021,valid,mixed_system,THF
783,Styrene oxide,"4-phenyl-1,3-dioxolan-2-one",99.0,100.0,0.1,8.0,"1,1,3,3-tetramethylguanidine",,,,,,,,,,,,,,"Re‐ agent/catalyst, Pressure, Temperature, Time Hui, Wei; Wang, Xiang; Li, Xiao-Ning; Wang, Hai-Jun; He, Xue-Mei; Xu, Xin-Yi; New Journal of Chemistry; vol. 45; nb. 24; (2021); p. 10741 - 10748",2021,valid,ionic_liquid,
784,Styrene oxide,"4-phenyl-1,3-dioxolan-2-one",99.0,60.0,0.1,12.0,tetrabutylammonium bromide,,,,,,,,,,无溶剂,,,,"Reagent/catalyst, Temperature, Pressure Wang, Wen-Min; Wang, Wan-Ting; Wang, Mei-Ying; Gu, Ai-Ling; Hu, Tian-Ding; Zhang, Ya-Xin; Wu, Zhi-Lei; Inorganic Chemistry; vol. 60; nb. 12; (2021); p. 9122 - 9131",2021,valid,ionic_liquid,无溶剂
785,Styrene oxide,"4-phenyl-1,3-dioxolan-2-one",68.0,100.0,0.10133,8.0,triethylamine,,,,,,,,,,acetonitrile,,,,"Muthuramalingam, Sethuraman;Velusamy, Marappan;Mayilmurugan, Ramasamy; Dalton Transactions; vol. 50; nb. 23; (2021); p. 7984 - 7994",2021,valid,organic_base,acetonitrile
786,Styrene oxide,"4-phenyl-1,3-dioxolan-2-one",53.4,100.0,1.00001,2.5,imidazolium,,,,,,,,,,hexane,,,,"Sealed tube Jiang, Yichen; Wang, Zhijiang; Xu, Ping; Sun, Jianmin; Crystal Growth and Design; vol. 21; nb. 7; (2021); p. 3689 - 3698",2021,valid,ionic_liquid,hexane
787,Styrene oxide,"4-phenyl-1,3-dioxolan-2-one",72.0,80.0,0.10133,8.0,triethylamine,,,,,,,,,,,,,,"Temperature Ajaykamal, Tamilarasan;Sharma, Mitu;Islam, Nasreen S.;Palaniandavar, Mallayan; Dalton Transactions; vol. 50; nb. 23; (2021); p. 8045 - 8056",2021,valid,organic_base,
788,Styrene oxide,"4-phenyl-1,3-dioxolan-2-one",48.0,70.0,0.1,12.0,tetrabutylammonium bromide,,,,,,,,,,acetonitrile,,,,"Kong, Xiang-He; Hu, Kong-Qiu; Mei, Lei; Li, Ailin; Liu, Kang; Zeng, Li-Wen; Wu, Qun-Yan; Chai, Zhi-Fang; Nie, Chang-Ming; Shi, Wei-Qun; Inorganic Chemistry; vol. 60; nb. 15; (2021); p. 11485 - 11495",2021,valid,ionic_liquid,acetonitrile
789,Styrene oxide,"4-phenyl-1,3-dioxolan-2-one",95.0,60.0,0.1,24.0,2-morpholinoethanol hydriodide,,,,,,,,,,无溶剂,,,,"Schlenk techni‐ que, Reagent/catalyst, Temperature, Time, Concentration Li, Cheng;Liu, Fei;Zhao, Tianxiang;Gu, Jiarui;Chen, Peng;Chen, TengS2468823121003734; Molecular catalysis; vol. 511; (2021); Art.No: 111756",2021,valid,unknown,无溶剂
790,Styrene oxide,"4-phenyl-1,3-dioxolan-2-one",85.0,15.0,0.80001,18.0,tetra-(n-butyl)ammonium iodide,,,,,,,,,,,,,,"álvarez-Miguel, Lucía; Burgoa, Jesús Damián; Mosquera, Marta E. G.; Hamilton, Alex; Whiteoak, Christopher J.; ChemCatChem; vol. 13; nb. 19; (2021); p. 4099 - 4110",2021,valid,unknown,
792,Styrene oxide,"4-phenyl-1,3-dioxolan-2-one",92.6,80.0,0.10133,24.0,tetrabutylammonium bromide,,,,,,,,,,无溶剂,,,,"Catalytic behavior, Reagent/catalyst, Solvent, Temperature Tang, Jia;Wei, Fen;Ding, Shujiang;Wang, Xiaoxia;Xie, Guanqun;Fan, Hongbo; Chemistry - A European Journal; vol. 27; nb. 50; (2021); p. 12890 - 12899",2021,valid,ionic_liquid,无溶剂
793,Styrene oxide,"4-phenyl-1,3-dioxolan-2-one",95.0,80.0,0.1,60.0,imidazolium,,,,,,,,,,,,,,"Zhang, Yadong; Liu, Ke; Wu, Lei; Huang, He; Xu, Zixuan; Long, Zhouyang; Tong, Minman; Gu, Yingqiu; Qin, Zhenglong; Chen, Guojian; Dalton Transactions; vol. 50; nb. 34; (2021); p. 11878 - 11888",2021,valid,ionic_liquid,
794,Styrene oxide,"4-phenyl-1,3-dioxolan-2-one",93.5,80.0,0.1,32.0,"N,N-dimethyl-N(pyrenyl-1-methyl) dodecan-1-ammonium bromide",,,,,,,,,,,,,,"Chang, Tao;Li, Xiaopeng;Hao, Yongjing;Kang, Lianwei;Tian, Tian;Fu, Xiying;Zhu, Zheng;Panchal, Balaji;Qin, Shenjun; RSC Advances; vol. 11; nb. 48; (2021); p. 30222 - 30228",2021,valid,unknown,
795,Styrene oxide,"4-phenyl-1,3-dioxolan-2-one",99.0,70.0,0.1,12.0,tetrabutylammonium bromide,,,,,,,,,,无溶剂,,,,"Temperature, Reagent/catalyst Cao, Chun-Shuai;Shi, Ying;Xu, Hang;Zhao, Bin; Chemical Communications; vol. 57; nb. 61; (2021); p. 7537 - 7540",2021,valid,ionic_liquid,无溶剂
796,Styrene oxide,"4-phenyl-1,3-dioxolan-2-one",97.0,60.0,0.1,4.0,tetrabutylammonium bromide,,,,,,,,,,无溶剂,,,,"Catalytic behavior, Reagent/catalyst, Temperature Chen, Hongtai; Zhang, Zhengguo; Hu, Tuoping; Zhang, Xiutang; Inorganic Chemistry; vol. 60; nb. 21; (2021); p. 16429 - 16438",2021,valid,ionic_liquid,无溶剂
797,Styrene oxide,"4-phenyl-1,3-dioxolan-2-one",64.0,65.0,1.00001,7.0,tetrabutylammonium bromide,,,,,,,,,,,,,,"Khan, Munir Ullah; Khan, Safir Ullah; Kiriratnikom, Jiraya; Zareen, Shah; Zhang, Xinghong; Chinese Chemical Letters; vol. 33; nb. 2; (2022); p. 1081 - 1086",2022,valid,ionic_liquid,
798,Styrene oxide,"4-phenyl-1,3-dioxolan-2-one",76.8,90.0,0.90001,3.5,potassium iodide,,,,,,,,,,,,,,"Wang, Yajun; Shen, Yehua; Wang, Zheng; New Journal of Chemistry; vol. 45; nb. 43; (2021); p. 20323 - 20328",2021,valid,metal_halide,
800,Styrene oxide,"4-phenyl-1,3-dioxolan-2-one",31.0,60.0,0.10133,6.0,tetrabutylammonium bromide,,,,,,,,,,,,,,"Meng, Xiao-Yun;Wang, Wen-Juan;Ding, Ze-Yu;Luo, Shu-Xuan;Zhang, Wen-Yan;Yan, Yang-Tian;Yang, Guo- Ping;Wang, Yao-YuS0022459621008586; Journal of Solid State Chemistry; vol. 307; (2022); Art.No: 122813",2022,valid,ionic_liquid,
801,Styrene oxide,"4-phenyl-1,3-dioxolan-2-one",82.0,60.0,0.10133,6.0,tetrabutylammonium bromide,,,,,,,,,,无溶剂,,,,"Zhang, Tao; Zhang, Zhengguo; Chen, Hongtai; Zhang, Xiutang; Li, Qiaoling; Crystal Growth and Design; vol. 22; nb. 1; (2022); p. 304 - 312",2022,valid,ionic_liquid,无溶剂
802,Styrene oxide,"4-phenyl-1,3-dioxolan-2-one",31.0,60.0,0.10133,6.0,tetrabutylammonium bromide,,,,,,,,,,,,,,"Meng, Xiao-Yun;Wang, Wen-Juan;Ding, Ze-Yu;Luo, Shu-Xuan;Zhang, Wen-Yan;Yan, Yang-Tian;Yang, Guo- Ping;Wang, Yao-YuS0022459621008586; Journal of Solid State Chemistry; vol. 307; (2022); Art.No: 122813",2022,valid,ionic_liquid,
805,Styrene oxide,"4-phenyl-1,3-dioxolan-2-one",97.0,55.0,0.10133,6.0,tetrabutylammonium bromide,,,,,,,,,,无溶剂,,,,"Reagent/catalyst, Temperature Lv, Hongxiao;Fan, Liming;Chen, Hongtai;Zhang, Xiutang;Gao, Yanpeng; Dalton Transactions; vol. 51; nb. 9; (2022); p. 3546 - 3556",2022,valid,ionic_liquid,无溶剂
808,Styrene oxide,"4-phenyl-1,3-dioxolan-2-one",60.0,20.0,0.10133,24.0,tetrabutylammonium bromide,,,,,,,,,,,,,,"Ding, Qing-Rong;Yu, Yinghua;Cao, Changsheng;Zhang, Jian;Zhang, Lei; Chemical Science; vol. 13; nb. 12; (2022); p. 3395 - 3401",2022,valid,ionic_liquid,
810,Styrene oxide,"4-phenyl-1,3-dioxolan-2-one",94.0,120.0,1.00001,5.0,tetrabutylammonium bromide,,,,,,,,,,water,,,,"Li, Lei-Lei; Fang, Yi-Fan; Liu, Shuang; Chen, Shuang-Shuang; Wang, Wen-Zhen; Inorganica Chimica Acta; vol. 538; (2022); Art.No: 120979",2022,valid,ionic_liquid,water
811,Styrene oxide,"4-phenyl-1,3-dioxolan-2-one",83.0,80.0,0.10133,12.0,tetrabutylammonium bromide,,,,,,,,,,无溶剂,,,,"Li, He-Juan;Zhang, Xiang-Yu;Huang, Kun;Qin, Da-BinS0277538722002029; Polyhedron; vol. 220; (2022); Art.No: 115850",2022,valid,ionic_liquid,无溶剂
812,Styrene oxide,"4-phenyl-1,3-dioxolan-2-one",100.0,50.0,2.00003,20.0,tetramethylammonium bromide,,,,,,,,,,,,,,"Reagent/catalyst Gharib, Maniya;Esrafili, Leili;Morsali, Ali;Vande Velde, Christophe M.L.;Guo, Zhifang;Junk, Peter C.; Inorganic Chemistry; vol. 61; nb. 18; (2022); p. 6725 - 6732",2022,valid,ionic_liquid,
813,Styrene oxide,"4-phenyl-1,3-dioxolan-2-one",96.0,45.0,,24.0,tetrabutylammonium bromide,,,,,,,,,,无溶剂,,,,"With tetrabutylammomium bromide, C24H20N4O2*C14H8O  (2-)5 *Zn(2+)*4H2O in neat (no solvent), Time= 24h, T= 45 °C , Sealed tube, Catalytic behavior, Reagent/catalyst, Temperature Rani, Pooja;Husain, Ahmad;Bhasin;Kumar, Girijesh; Inorganic Chemistry; vol. 61; nb. 18; (2022); p. 6977 - 6994",2022,valid,ionic_liquid,无溶剂
814,Styrene oxide,"4-phenyl-1,3-dioxolan-2-one",46.0,100.0,1.60002,2.0,pyridine,,lithium bromide,,DMAP,,,,,,,,,,"Sogukomerogullari, Hatice Gamze;Zirek, Ay?e Gül;Aytar, Emine;K?se, Muhammet;S?nmez, Meh‐ metS0022286022007347; Journal of Molecular Structure; vol. 1263; (2022); Art.No: 133074",2022,valid,mixed_system,
816,Styrene oxide,"4-phenyl-1,3-dioxolan-2-one",81.0,80.0,0.1,36.0,tetrabutylammonium bromide,,,,,,,,,,ethyl acetate,hexane,,,"Ge, Yuansheng;Liu, Wei;Zou, Yizhen;Cheng, Guoe;Ke, Hanzhong; Tetrahedron; vol. 119; (2022); Art.No: 132857",2022,valid,ionic_liquid,ethyl acetate; hexane
817,Styrene oxide,"4-phenyl-1,3-dioxolan-2-one",71.4,25.0,0.1,48.0,tetrabutylammonium bromide,,,,,,,,,,无溶剂,,,,"Liu, Li-Hua;Liu, Lin;Chi, Hao-Ran;Li, Chen-Ning;Han, Zheng-Bo; Chemical Communications; vol. 58; nb. 44; (2022); p. 6417 - 6420",2022,valid,ionic_liquid,无溶剂
820,Styrene oxide,"4-phenyl-1,3-dioxolan-2-one",95.0,65.0,0.10133,6.0,tetrabutylammonium bromide,,,,,,,,,,,,,,"Temperature Liu, Shurong;Chen, Hongtai;Zhang, Xiutang; ACS Catalysis; vol. 12; nb. 16; (2022); p. 10373 - 10383",2022,valid,ionic_liquid,
821,Styrene oxide,"4-phenyl-1,3-dioxolan-2-one",98.0,60.0,0.10133,6.0,tetrabutylammonium bromide,,,,,,,,,,无溶剂,,,,"Catalytic behavior, Reagent/catalyst, Temperature Chen, Hongtai;Zhang, Tao;Liu, Shurong;Lv, Hongxiao;Fan, Liming;Zhang, Xiutang; Inorganic Chemistry; vol. 61; nb. 30; (2022); p. 11949 - 11958",2022,valid,ionic_liquid,无溶剂
822,Styrene oxide,"4-phenyl-1,3-dioxolan-2-one",96.0,60.0,0.10133,18.0,tetrabutylammonium bromide,,,,,,,,,,,,,,"Yang, Yuting;Tu, Changzheng;Shi, Junyou;Yang, Xiaoli;Liu, Jian-Jun;Cheng, Feixiang; Crystal Growth and De‐ sign; vol. 22; nb. 8; (2022); p. 4813 - 4820",2022,valid,ionic_liquid,
823,Styrene oxide,"4-phenyl-1,3-dioxolan-2-one",42.0,150.0,0.60001,2.0,tetra-(n-butyl)ammonium iodide,,,,,,,,,,无溶剂,,,,"Cata‐ lytic behavior, Reagent/catalyst Sonzini, Paolo;Berthet, Nicolas;Damiano, Caterina;Dufaud, Véronique;Gallo, Emma; Journal of Catalysis; vol. 414; (2022); p. 143 - 154",2022,valid,unknown,无溶剂
824,Styrene oxide,"4-phenyl-1,3-dioxolan-2-one",98.0,120.0,3.00005,2.0,imidazolium,,,,,,,,,,,,,,"Bezerra, Werberson de Almeida;Milani, Jorge Luiz S?nego;Franco, Chris Hebert de Jesus;Martins, Felipe Terra;de Fátima, ?ngelo;da Mata, álvaro Farias Arruda;das Chagas, Rafael Pav?o; Molecular catalysis; vol. 530; (2022); Art.No: 112632",2022,valid,ionic_liquid,
825,Styrene oxide,"4-phenyl-1,3-dioxolan-2-one",99.0,50.0,0.1,24.0,tetrabutylammonium bromide,,,,,,,,,,,,,,"Sealed tube Wang, Dexin;Said, Amir;Liu, Yanshu;Niu, Huihui;Liu, Caiyun;Wang, Guo;Li, Zhaoyang;Tung, Chen-Ho;Wang, Yifeng; Inorganic Chemistry; vol. 61; nb. 37; (2022); p. 14887 - 14898",2022,valid,ionic_liquid,
826,Styrene oxide,"4-phenyl-1,3-dioxolan-2-one",97.0,,0.10133,8.0,tetrabutylammonium bromide,,,,,,,,,,无溶剂,,,,"Heating, Catalytic behavior, Temperature, Reagent/catalyst Gao, Yanpeng;Guo, Le;Zhang, Xiutang; Journal of Molecular Structure; vol. 1272; (2023); Art.No: 134192",2023,valid,ionic_liquid,无溶剂
828,Styrene oxide,"4-phenyl-1,3-dioxolan-2-one",82.0,90.0,0.10133,16.0,imidazolium chloride,,imidazolium,,,,,,,,,,,,"Inert atmosphere, Reagent/catalyst, Temperature PatentUNIV SOOCHOW; SOOCHOW UNIVERSITY SUZHOUSoochow University; CN114920700; (2022); (A) Chi‐ neseSOOCHOW UNIVERSITY (SUZHOU)",2022,valid,ionic_liquid,
829,Styrene oxide,"4-phenyl-1,3-dioxolan-2-one",94.9,,0.80001,,tetrabutylammonium bromide,,,,,,,,,,,,,,"Catalytic behavior, Reagent/catalyst Fan, Shu-Cong;Chen, Shuang-Qiu;Wang, Jia-Wen;Li, Yong-Peng;Zhang, Peng;Wang, Ying;Yuan, We‐ nyu;Zhai, Quan-Guo; Inorganic Chemistry; vol. 61; nb. 35; (2022); p. 14131 - 14139",2022,valid,ionic_liquid,
830,Styrene oxide,"4-phenyl-1,3-dioxolan-2-one",80.0,110.0,4.00006,,BMIM,,,,,,,,,,,,,,"Au‐ toclave, Catalytic behavior Yan, Qianqian;Liang, Hao;Wang, Shenglin;Hu, Hui;Su, Xiaofang;Xiao, Songtao;Xu, Huanjun;Jing, Xue‐ chao;Lu, Fei;Gao, Yanan; Molecules; vol. 27; nb. 19; (2022); Art.No: 6204",2022,valid,ionic_liquid,
831,Styrene oxide,"4-phenyl-1,3-dioxolan-2-one",97.0,50.0,0.1,,tetrabutylammonium bromide,,,,,,,,,,无溶剂,,,,"Sealed tube Qiao, Na;Xin, Xiao-Yan;Guan, Xiao-Fen;Zhang, Chen-Xi;Wang, Wen-Min; Inorganic Chemistry; vol. 61; nb. 38; (2022); p. 15098 - 15107",2022,valid,ionic_liquid,无溶剂
832,Styrene oxide,"4-phenyl-1,3-dioxolan-2-one",97.0,60.0,0.10133,,tetrabutylammonium bromide,,,,,,,,,,,,,,"Reagent/catalyst Qiao, Junyi;Zhang, Borong;Zhang, Lirong;Liu, Yunling; Journal of Materials Chemistry A; vol. 10; nb. 34; (2022); p. 17773 - 17781",2022,valid,ionic_liquid,
833,Styrene oxide,"4-phenyl-1,3-dioxolan-2-one",99.0,100.0,0.10133,,tetrabutylammonium bromide,,,,,,,,,,,,,,"Catalytic behavior, Reagent/catalyst, Temperature, Time Parmar, Bhavesh;Patel, Parth;Bhadu, Gopala Ram;Suresh, Eringathodi; European Journal of Inorganic Chemis‐ try; vol. 2022; nb. 31; (2022); Art.No: e202200410",2022,valid,ionic_liquid,
834,Styrene oxide,"4-phenyl-1,3-dioxolan-2-one",80.0,50.0,0.1,,tetrabutylammonium bromide,,,,,,,,,,无溶剂,,,,"Helal, Aasif;Zahir, Md. Hasan;Albadrani, Ahmed;Ekhwan, Moayad Mohammed; Catalysis Letters; vol. 153; nb. 10; (2023); p. 2883 - 2891",2023,valid,ionic_liquid,无溶剂
836,Styrene oxide,"4-phenyl-1,3-dioxolan-2-one",96.0,100.0,0.40001,,tetrabutylammonium bromide,,,,,,,,,,,,,,"Catalytic be‐ havior, Reagent/catalyst Yun, Ruirui;Li, Tuanhui;He, Lei;Shi, Changsong;Xu, Ruiming; Inorganic Chemistry; vol. 61; nb. 40; (2022); p. 15817 - 15821",2022,valid,ionic_liquid,
838,Styrene oxide,"4-phenyl-1,3-dioxolan-2-one",75.0,20.0,1.00001,,tetrabutylammonium bromide,,,,,,,,,,acetonitrile,,,,"Catalytic behavior, Pressure, Reagent/catalyst, Temperature Ghosh, Dipankar;Damodaran, Krishna K.; Dalton Transactions; vol. 51; nb. 42; (2022); p. 16316 - 16324",2022,valid,ionic_liquid,acetonitrile
839,Styrene oxide,"4-phenyl-1,3-dioxolan-2-one",62.0,70.0,0.1,16.0,tetrabutylammonium bromide,,,,,,,,,,acetonitrile,methanol,,,"Chen, Weixuan;Wang, Weize;Wang, Junjun;Liu, Bo;Zhou, Huifang; Journal of Solid State Chemistry; vol. 317; (2023); Art.No: 123729",2023,valid,ionic_liquid,acetonitrile; methanol
841,Styrene oxide,"4-phenyl-1,3-dioxolan-2-one",52.0,25.0,0.1,,tetrabutylammonium bromide,,,,,,,,,,acetonitrile,,,,"Wang, Weize;Chen, Weixuan;Yuan, Wenke;Xu, Hai-Qun;Liu, Bo; Inorganic Chemistry; vol. 61; nb. 45; (2022); p. 17937 - 17942",2022,valid,ionic_liquid,acetonitrile
842,Styrene oxide,"4-phenyl-1,3-dioxolan-2-one",68.5,100.0,1.00001,,tetrabutylammonium bromide,,,,,,,,,,无溶剂,,,,"Catalytic behavior, Time Gao, Chao-Ying;Mao, Chen;Yang, Yang;Xu, Ning;Liu, Jinglin;Chen, Xiaohong;Liu, Jinghai;Duan, Limei; Crys‐ tEngComm; vol. 25; nb. 1; (2022); p. 108 - 113",2022,valid,ionic_liquid,无溶剂
844,Styrene oxide,"4-phenyl-1,3-dioxolan-2-one",88.0,60.0,0.50001,,tetrabutylammonium bromide,,,,,,,,,,,,,,"Wang, Ji-Lei;Cao, Jia-Peng;Zhu, Yin-Hua;Wang, Qin;Li, Ning-Fang;Fan, Xin-Rong;Mei, Hua;Xu, Yan; Science China Chemistry; vol. 66; nb. 1; (2023); p. 107 - 116",2023,valid,ionic_liquid,
845,Styrene oxide,"4-phenyl-1,3-dioxolan-2-one",75.0,20.0,1.00001,,tetrabutylammonium bromide,,,,,,,,,,acetonitrile,,,,"Catalytic behavior, Reagent/catalyst Ghosh, Dipankar;Damodaran, Krishna K.; Dalton Transactions; vol. 51; nb. 42; (2022); p. 16316 - 16324",2022,valid,ionic_liquid,acetonitrile
847,Styrene oxide,"4-phenyl-1,3-dioxolan-2-one",100.0,40.0,0.10133,,tetrabutylammonium bromide,,,,,,,,,,,,,,"Activation energy, Reagent/catalyst, Temperature, Time Xu, Jie;Xu, Heng;Dong, Anqi;Zhang, Hao;Zhou, Yitong;Dong, Hao;Tang, Bo;Liu, Yifei;Zhang, Lexi;Liu, Xi‐ jun;Luo, Jun;Bie, Lijian;Dai, Sheng;Wang, Yuhang;Sun, Xuhui;Li, Yanguang; Advanced Materials; vol. 34; nb. 44; (2022); Art.No: 2206991",2022,valid,ionic_liquid,
848,Styrene oxide,"4-phenyl-1,3-dioxolan-2-one",97.0,50.0,0.1,,tetra-(n-butyl)ammonium iodide,,,,,,,,,,无溶剂,,,,"Green chem‐ istry Rostami, Ali;Ebrahimi, Amirhossein;Al-Jassasi, Mohammed;Mirzaei, Saber;Al-Harrasi, Ahmed; Green Chem‐ istry; vol. 24; nb. 23; (2022); p. 9069 - 9083",2022,valid,unknown,无溶剂
850,Styrene oxide,"4-phenyl-1,3-dioxolan-2-one",80.0,80.0,0.40533,,tetrabutylammonium bromide,,,,,,,,,,无溶剂,,,,"Catalytic behavior Chen, Le;Gao, Wei;Zhu, Cai-Yong;Li, Peng;Li, Ji-Yang;Liu, Jie-Ping;Zhang, Xiu-Mei; Applied Organometallic Chemistry; vol. 37; nb. 3; (2023); Art.No: e7004",2023,valid,ionic_liquid,无溶剂
851,Styrene oxide,"4-phenyl-1,3-dioxolan-2-one",78.0,100.0,1.00001,,potassium iodide,,18-crown-6 ether,,,,,,,,无溶剂,,,,"Liu, Xiangying;Chen, Min;Xu, Wei;Luo, Rongchang; Journal of Polymer Science; vol. 62; nb. 8; (2024); p. 1578 - 1587",2024,valid,metal_halide,无溶剂
852,Styrene oxide,"4-phenyl-1,3-dioxolan-2-one",75.0,60.0,,,tetrabutylammonium bromide,,,,,,,,,,无溶剂,,,,"With tetrabutylammomium bromide, [Tb2(N′-(2-hydroxy-3-methoxy-5-bromobenzylidene)acetohydra‐ zide)2(CF3CO2)2(H2O)4]*2NO3 in neat (no solvent), T= 60 °C , Catalytic behavior, Reagent/catalyst Dolai, Malay;Biswas, Surajit;Moreno-Pineda, Eufemio;Wernsdorfer, Wolfgang;Ali, Mahammad;Alshgari, Ra‐ zan A.;Wabaidur, Saikh Md.;Ghosh, Ashutosh; Crystal Growth and Design; vol. 23; nb. 2; (2023); p. 801 - 810",2023,valid,ionic_liquid,无溶剂
853,Styrene oxide,"4-phenyl-1,3-dioxolan-2-one",99.0,25.0,0.10133,,tetrabutylammonium bromide,,,,,,,,,,ethanol,water,,,"Reagent/catalyst, Temperature, Time Mao, Wensheng;Xiao, Zisheng;Li, Longhao;Li, Jinling;Huang, Hongmei;Xiao, Yi;Song, Jianxin;Fu, Zai‐ hui;Mao, Liqiu;Yin, Dulin; Molecular catalysis; vol. 536; (2023); Art.No: 112901",2023,valid,ionic_liquid,ethanol; water
854,Styrene oxide,"4-phenyl-1,3-dioxolan-2-one",91.0,25.0,0.101325,,tetrabutylammonium bromide,,,,,,,,,,,,,,"2.13 General procedure for the coupling of epoxides with CO2 General procedure: In a Schlenk tube epoxide (20mmol) and TBAB (1mmol) were taken. Activated MOF catalysts (10wt%) was the added to the reaction mixture. The whole mixture was stirred at room temperature with CO2 (99.99%) purging from a balloon for 10h. Upon completion, the catalyst was removed from the reaction mixture by filtration and washing with 5mL of CH2Cl2. The recovered catalyst was then used in the next run during recyclability test. The product cyclic carbonates were isolated by silica gel column chromatography and characterized by 1H NMR spectroscopy. With tetrabutylammomium bromide, 3C17H9NO  (4-)*6Cu(2+)8 *6H2O, T= 25 °C , Schlenk technique, Reagent/catalyst De, Dinesh;Sharma, Vivekanand;Sahu, Bharat C.;Sahu, Rajesh K.;Maharana, Tungabidya; Polyhedron; vol. 230; (2023); Art.No: 116240",2023,valid,ionic_liquid,
856,Styrene oxide,"4-phenyl-1,3-dioxolan-2-one",21.8,80.0,,,tetrabutylammonium bromide,,,,,,,,,,无溶剂,,,,"With tetrabutylammomium bromide, 3Y(3+)*C H O  (1-)*4C H O  (2-)6 3 5 6 2 5 *9H2O in neat (no solvent), T= 80 °C , Sealed tube, Catalytic behavior Das, Satarupa;Zhang, Jinfang;Chamberlain, Thomas W.;Clarkson, Guy J.;Walton, Richard I.; Inorganic Chem‐ istry; vol. 61; nb. 46; (2022); p. 18536 - 18544",2022,valid,ionic_liquid,无溶剂
857,Styrene oxide,"4-phenyl-1,3-dioxolan-2-one",72.0,59.8,4.00006,,tetrabutylammonium bromide,,zinc chloride,,,,,,,,无溶剂,,,,"Reagent/catalyst, Time Zakrzewska, Ma?gorzata E.;André, Paulo J. L.;Gomes, Clara S. B.;Nunes, Ana V. M.;Rosa, Vitor; New Journal of Chemistry; vol. 47; nb. 14; (2023); p. 6551 - 6562",2023,valid,mixed_system,无溶剂
858,Styrene oxide,"4-phenyl-1,3-dioxolan-2-one",72.0,70.0,0.10133,,tetrabutylammonium bromide,,,,,,,,,,methanol,,,,"Huang, Gui-Mei;Pan, Li-Xia;Li, Shi-Ming;Ma, Meng-Xia;Gui, Liu-Cheng;Ni, Qing-Ling; Journal of Solid State Chemistry; vol. 320; (2023); Art.No: 123849",2023,valid,ionic_liquid,methanol
859,Styrene oxide,"4-phenyl-1,3-dioxolan-2-one",17.0,25.0,0.1,,tetrabutylammonium bromide,,,,,,,,,,acetonitrile,,,,"Catalytic behavior Muthuramalingam, Sethuraman;Velusamy, Marappan;Singh Rajput, Swati;Alam, Mehboob;Mayilmurugan, Ramasamy; Chemistry - An Asian Journal; vol. 18; nb. 6; (2023); Art.No: E202201204",2023,valid,ionic_liquid,acetonitrile
862,Styrene oxide,"4-phenyl-1,3-dioxolan-2-one",94.0,120.0,0.1,,pyridinium,,,,,,,,,,,,,,"Li, Ting;Chen, Minghui;Shi, Quan;Xiong, Ji;Feng, Yaqing;Zhang, Bao; New Journal of Chemistry; vol. 47; nb. 9; (2023); p. 4239 - 4244",2023,valid,ionic_liquid,
865,Styrene oxide,"4-phenyl-1,3-dioxolan-2-one",91.0,25.0,0.10133,,tetrabutylammonium bromide,,,,,,,,,,,,,,"Reagent/catalyst De, Dinesh;Sharma, Vivekanand;Sahu, Bharat C.;Sahu, Rajesh K.;Maharana, Tungabidya; Polyhedron; vol. 230; (2023); Art.No: 116240",2023,valid,ionic_liquid,
869,Styrene oxide,"4-phenyl-1,3-dioxolan-2-one",89.0,130.0,3.00005,,zinc dibromide,,,,,,,,,,,,,,PatentHUIZHOU GREEN ENERGY AND NEW MATERIAL RES INSTITUTE;INST PROCESS ENG CAS; INSTI‐ TUTE OF PROCESS ENGINEERING CAS; CN115724820; (2023); (A) ChineseHUIZHOU GREEN ENERGY AND NEW MATERIAL RESEARCH INSTITUTE; CHINESE ACADEMY OF SCIENCES; Institute of Process Engineering (in: CAS),2023,valid,metal_halide,
871,Styrene oxide,"4-phenyl-1,3-dioxolan-2-one",90.0,140.0,3.00005,,tetrabutylammonium bromide,,,,,,,,,,chlorobenzene,,,,"Hu, Haiyan;Li, Yudong;Li, Yang;Ding, Yong;Sun, Yuxia;Li, Yuehui; Journal of Catalysis; vol. 421; (2023); p. 45 - 54",2023,valid,ionic_liquid,chlorobenzene
872,Styrene oxide,"4-phenyl-1,3-dioxolan-2-one",82.0,120.0,2.00003,,methyltrioctylammonium hydroquinolate,,,,,,,,,,无溶剂,,,,"Catalytic behavior, Reagent/catalyst, Pressure, Temperature Bragato, Nicola;Perosa, Alvise;Selva, Maurizio;Fiorani, Giulia; ChemCatChem; vol. 15; nb. 5; (2023); Art.No: E202201373",2023,valid,ionic_liquid,无溶剂
874,Styrene oxide,"4-phenyl-1,3-dioxolan-2-one",7.2,100.0,0.10133,,DMAP,,,,,,,,,,,,,,"Aytar, Emine; Journal of Molecular Structure; vol. 1284; (2023); Art.No: 135331",2023,valid,mixed_system,
875,Styrene oxide,"4-phenyl-1,3-dioxolan-2-one",99.0,80.0,0.10133,,tetrabutylammonium bromide,,,,,,,,,,无溶剂,,,,"Sealed tube, Temperature Said, Amir;Zhang, Guanyun;Liu, Caiyun;Wang, Dexin;Niu, Huihui;Liu, Yanshu;Chen, Guanjie;Tung, Chen- Ho;Wang, Yifeng; Dalton Transactions; vol. 52; nb. 8; (2023); p. 2392 - 2403",2023,valid,ionic_liquid,无溶剂
876,Styrene oxide,"4-phenyl-1,3-dioxolan-2-one",83.4,60.0,0.10133,,tetrabutylammonium bromide,,,,,,,,,,,,,,"Di, Yanqing;Chen, Yiheng;Cao, Yang;Cui, Xiaowei;Liu, Yongliang;Zhou, Chunsheng;Di, Youying; Catalysis Letters; vol. 154; nb. 2; (2024); p. 685 - 694",2024,valid,ionic_liquid,
877,Styrene oxide,"4-phenyl-1,3-dioxolan-2-one",90.0,120.0,0.1,,tetrabutylammonium bromide,,,,,,,,,,water,ethyl acetate,,,"Reagent/catalyst, Tem‐ perature Chai, Mengliang;Wu, Fengtian;Wu, Ling; Letters in Organic Chemistry; vol. 20; nb. 4; (2023); p. 370 - 375",2023,valid,ionic_liquid,water; ethyl acetate
878,Styrene oxide,"4-phenyl-1,3-dioxolan-2-one",98.0,60.0,3.00005,,1-butyl-1-methylpiperidinium bromide,,1-methylpiperidinium bromide,,,,,,,,,,,,"Catalytic behav‐ ior, Reagent/catalyst, Temperature, Time, Pressure Ma, Haiying;Liu, Shujuan;Wang, Hongli;Li, Guomin;Zhao, Kang;Cui, Xinjiang;Shi, Feng; Green Chemistry; vol. 25; nb. 6; (2023); p. 2293 - 2298",2023,valid,unknown,
879,Styrene oxide,"4-phenyl-1,3-dioxolan-2-one",97.0,80.0,0.10133,,tetrabutylammonium bromide,,pyridine,,,,,,,,无溶剂,,,,"Temperature, Concentration, Solvent Lv, Hongxiao;Fan, Liming;Jiao, Chenxu;Zhang, Xiutang; Crystal Growth and Design; vol. 23; nb. 4; (2023); p. 2882 - 2892",2023,valid,mixed_system,无溶剂
881,Styrene oxide,"4-phenyl-1,3-dioxolan-2-one",96.0,65.0,0.10133,,tetrabutylammonium bromide,,,,,,,,,,,,,,"Liu, Shurong;Chen, Hongtai;Fan, Liming;Zhang, Xiutang; Inorganic Chemistry; vol. 62; nb. 8; (2023); p. 3562 - 3572",2023,valid,ionic_liquid,
882,Styrene oxide,"4-phenyl-1,3-dioxolan-2-one",85.0,50.0,1.00001,,tetrabutylammonium bromide,,,,,,,,,,无溶剂,,,,"Green chemistry, Kinetics, Catalytic behavior, Reagent/catalyst, Time, Pressure, Concentration, Temperature Navarro, Marta;Garcés, Andrés;Sánchez-Barba, Luis F.;González-Lizana, David;Lara-Sánchez, Agustín; Dal‐ ton Transactions; vol. 52; nb. 18; (2023); p. 6105 - 6116",2023,valid,ionic_liquid,无溶剂
883,Styrene oxide,"4-phenyl-1,3-dioxolan-2-one",90.0,120.0,0.1,,tetrabutylammonium bromide,,,,,,,,,,water,ethyl acetate,,,"Mechanism, Reagent/ catalyst, Temperature, Time Chai, Mengliang;Wu, Fengtian;Wu, Ling; Letters in Organic Chemistry; vol. 20; nb. 4; (2023); p. 370 - 375",2023,valid,ionic_liquid,water; ethyl acetate
884,Styrene oxide,"4-phenyl-1,3-dioxolan-2-one",98.0,50.0,0.10133,,tetrabutylammonium bromide,,,,,,,,,,,,,,"Temperature Yang, Miao;Chen, Xun;Xie, Yifei;El-Sayed, El-Sayed M.;Xu, Ning;Wang, Wenjing;Su, Kongzhao;Yuan, Da‐ qiang; Science China Chemistry; vol. 66; nb. 6; (2023); p. 1763 - 1770",2023,valid,ionic_liquid,
885,Styrene oxide,"4-phenyl-1,3-dioxolan-2-one",88.0,60.0,0.50001,,tetrabutylammonium bromide,,,,,,,,,,,,,,"Wang, Ji-Lei;Cao, Jia-Peng;Zhu, Yin-Hua;Wang, Qin;Li, Ning-Fang;Fan, Xin-Rong;Mei, Hua;Xu, Yan; Science China Chemistry; vol. 66; nb. 1; (2023); p. 107 - 116",2023,valid,ionic_liquid,
887,Styrene oxide,"4-phenyl-1,3-dioxolan-2-one",85.9,90.0,0.1,,tetrabutylammonium bromide,3.3,,,,,,,,,,,,,"Tempera‐ ture, Time Kang, Xiaomin;Ding, Wenyu;Gegen, Zhagong;Zhang, Xudong;Zhu, Yumeng;Yang, Guoli;Jiao, Zhuohao; Jour‐ nal of Molecular Structure; vol. 1287; (2023); Art.No: 135629",2023,valid,ionic_liquid,
888,Styrene oxide,"4-phenyl-1,3-dioxolan-2-one",82.0,60.0,0.10133,,tetrabutylammonium bromide,,,,,,,,,,无溶剂,,,,"Temperature Di, Yanqing;Chen, Yiheng;Cao, Yang;Cui, Xiaowei;Liu, Yongliang;Zhou, Chunsheng;Di, Youying; Catalysis Letters; vol. 154; nb. 3; (2024); p. 974 - 981",2024,valid,ionic_liquid,无溶剂
889,Styrene oxide,"4-phenyl-1,3-dioxolan-2-one",97.0,65.0,0.10133,,tetrabutylammonium bromide,,,,,,,,,,,,,,"Temperature, Concentration, Time Zhang, Zhengguo;Lv, Hongxiao;Yang, Kun;Zhang, Xiutang; Dalton Transactions; vol. 52; nb. 21; (2023); p. 7119 -7128",2023,valid,ionic_liquid,
890,Styrene oxide,"4-phenyl-1,3-dioxolan-2-one",99.0,80.0,0.10133,,tetrabutylammonium bromide,,,,,,,,,,acetonitrile,,,,"Reagent/catalyst Yan, Xiaomei;Xu, Jiangbo;Zhang, Ting;Si, Chen;Jiao, Jiachen;Li, Jie;Han, Qiuxia; Chinese Chemical Letters; vol. 34; nb. 7; (2023); Art.No: 107851",2023,valid,ionic_liquid,acetonitrile
891,Styrene oxide,"4-phenyl-1,3-dioxolan-2-one",66.0,100.0,0.1,,tetrabutylammonium bromide,,,,,,,,,,,,,,"Dong, Jurong;Wang, Yufei;Lu, Yu-Lin;Zhang, Li; Chinese Chemical Letters; vol. 34; nb. 7; (2023); Art.No: 108052",2023,valid,ionic_liquid,
892,Styrene oxide,"4-phenyl-1,3-dioxolan-2-one",99.0,55.0,0.10133,,tetrabutylammonium bromide,,,,,,,,,,acetonitrile,,,,"Wang, Lianlian;Qiao, Wanzhen;Liu, Han;Li, Shuwen;Wu, Jie;Hou, Hongwei; Inorganic Chemistry; vol. 62; nb. 9; (2023); p. 3817 - 3826",2023,valid,ionic_liquid,acetonitrile
895,Styrene oxide,"4-phenyl-1,3-dioxolan-2-one",48.0,100.0,2.00003,,imidazolium,,pyridine,,,,,,,,,,,,"Wang, Peiru;Lv, Quan;Tao, Yujie;Cheng, Linyan;Li, RuoPing;Jiao, Yiwei;Fang, Cheng;Li, Hongping;Geng, Chuhuan;Sun, Chuanyu;Ding, Jing;Wan, Hui;Guan, Guofeng; Molecular catalysis; vol. 544; (2023); Art.No: 113157",2023,valid,mixed_system,
897,Styrene oxide,"4-phenyl-1,3-dioxolan-2-one",99.0,80.0,0.10133,,tetrabutylammonium bromide,,,,,,,,,,acetonitrile,,,,"Reagent/catalyst Yan, Xiaomei;Xu, Jiangbo;Zhang, Ting;Si, Chen;Jiao, Jiachen;Li, Jie;Han, Qiuxia; Chinese Chemical Letters; vol. 34; nb. 7; (2023); Art.No: 107851",2023,valid,ionic_liquid,acetonitrile
898,Styrene oxide,"4-phenyl-1,3-dioxolan-2-one",93.0,60.0,0.10133,,tetrabutylammonium bromide,,,,,,,,,,无溶剂,,,,"Li, Chong;Chen, Hongtai;Fan, Liming;Zhang, Xiutang; Crystal Growth and Design; vol. 23; nb. 7; (2023); p. 4953 -4960",2023,valid,ionic_liquid,无溶剂
901,Styrene oxide,"4-phenyl-1,3-dioxolan-2-one",99.0,60.0,0.80001,,tetra-(n-butyl)ammonium iodide,,,,,,,,,,无溶剂,,,,"High pressure, Catalytic behavior, Reagent/catalyst, Temperature Cabrera, Diego Jaraba;Lewis, Ryan D.;Díez-Poza, Carlos;álvarez-Miguel, Lucía;Mosquera, Marta E. G.;Hamil‐ ton, Alex;Whiteoak, Christopher J.; Dalton Transactions; vol. 52; nb. 18; (2023); p. 5882 - 5894",2023,valid,unknown,无溶剂
902,Styrene oxide,"4-phenyl-1,3-dioxolan-2-one",83.0,80.0,0.40533,,tetrabutylammonium bromide,,pyridine,,,,,,,,无溶剂,,,,"Green chemistry, Catalytic behavior, Time Xu, Zhen;Zhao, Ya-Yu;Chen, Le;Zhu, Cai-Yong;Li, Peng;Gao, Wei;Li, Ji-Yang;Zhang, Xiu-Mei; Dalton Transac‐ tions; vol. 52; nb. 12; (2023); p. 3671 - 3681",2023,valid,mixed_system,无溶剂
903,Styrene oxide,"4-phenyl-1,3-dioxolan-2-one",96.7,80.0,0.50001,,tetrabutylammonium bromide,,,,,,,,,,,,,,PatentSHANGHAI RUKUN NEW MAT CO LTD; SHANGHAI RUKUN NEW MAT; CN116462654; (2023); (A) Chine‐ seSHANGHAI RUKUN NEW MAT,2023,valid,ionic_liquid,
904,Styrene oxide,"4-phenyl-1,3-dioxolan-2-one",65.0,70.0,0.1,,tetrabutylammonium bromide,,pyridine,,,,,,,,acetone,,,,"Mei, Sen;Chen, Lixi;Zhang, Hailong;Li, Zhiwei;Cheng, Liwei;Lu, Junhao;Li, Xiaoqi;Yang, Qian;Wang, Yan‐ long;Liu, Zhiyong;Chai, Zhifang;Wang, Shuao; Angewandte Chemie - International Edition; vol. 62; nb. 29; (2023); Art.No: e202306360; Angew. Chem.; vol. 62; nb. 29; (2023)",2023,valid,mixed_system,acetone
905,Styrene oxide,"4-phenyl-1,3-dioxolan-2-one",99.0,140.0,0.1,,imidazolium,,,,,,,,,,ethyl acetate,,,,"Catalytic behavior, Temperature Liao, Xu;Wang, Zeyu;Kong, Lingzheng;Gao, Xilin;He, Jiao;Huang, Dongha;Lin, Jinqing; Molecular catalysis; vol. 535; (2023); Art.No: 112834",2023,valid,ionic_liquid,ethyl acetate
906,Styrene oxide,"4-phenyl-1,3-dioxolan-2-one",15.0,20.0,0.10133,,tetrabutylammonium bromide,,,,,,,,,,无溶剂,,,,"Pressure Pan, Xuze;Si, Xuezhen;Zhang, Xiaoying;Yao, Qingxia;Li, Yunwu;Duan, Wenzeng;Qiu, Yi;Su, Jie;Huang, Xian‐ qiang; Dalton Transactions; vol. 52; nb. 12; (2023); p. 3896 - 3906",2023,valid,ionic_liquid,无溶剂
908,Styrene oxide,"4-phenyl-1,3-dioxolan-2-one",99.0,100.0,,,tetra-(n-butyl)ammonium iodide,,,,,,,,,,,,,,"With tetra-(n-butyl)ammonium iodide, 2-(quinolin-8-ylcarbamoyl)phenyl tellurenyl iodide, T= 100 °C , Catalytic be‐ havior, Reagent/catalyst, Temperature Jain, Saket;Batabyal, Monojit;Thorat, Raviraj Ananda;Choudhary, Pratibha;Jha, Raushan Kumar;Kumar, Sangit; Chemistry - A European Journal; vol. 29; nb. 49; (2023); Art.No: e202301502",2023,valid,unknown,
910,Styrene oxide,"4-phenyl-1,3-dioxolan-2-one",92.0,25.0,0.10133,,tetrabutylammonium bromide,,,,,,,,,,dichloromethane,,,,"Catalytic behavior Wang, Jian-Ge;Liu, Yang;Liu, Chun-Mei;Chen, Jing-Huo;Yang, Guang; Dalton Transactions; vol. 52; nb. 27; (2023); p. 9275 - 9281",2023,valid,ionic_liquid,dichloromethane
911,Styrene oxide,"4-phenyl-1,3-dioxolan-2-one",95.0,60.0,0.10133,,tetrabutylammonium bromide,,,,,,,,,,无溶剂,,,,"Reagent/ catalyst Lv, Hongxiao;Fan, Liming;Hu, Tuoping;Jiao, Chenxu;Zhang, Xiutang; Dalton Transactions; vol. 52; nb. 11; (2023); p. 3420 - 3430",2023,valid,ionic_liquid,无溶剂
913,Styrene oxide,"4-phenyl-1,3-dioxolan-2-one",92.0,80.0,0.1,,tetrabutylammonium bromide,,,,,,,,,,,,,,"Catalytic behavior, Reagent/catalyst Yu, Xueyue;Gu, Jiaming;Liu, Xinyao;Chang, Zhiyong;Liu, Yunling; Inorganic Chemistry; vol. 62; nb. 29; (2023); p. 11518 - 11527",2023,valid,ionic_liquid,
914,Styrene oxide,"4-phenyl-1,3-dioxolan-2-one",95.7,50.0,0.50001,,tetrabutylammonium bromide,,,,,,,,,,无溶剂,,,,"Catalytic behavior Seal, Nilanjan;Palakkal, Athulya S.;Pillai, Renjith S.;Neogi, Subhadip; Inorganic Chemistry; vol. 62; nb. 29; (2023); p. 11528 - 11540",2023,valid,ionic_liquid,无溶剂
915,Styrene oxide,"4-phenyl-1,3-dioxolan-2-one",98.0,60.0,1.00001,,tetrabutylammonium bromide,,,,,,,,,,无溶剂,,,,"Catalytic behavior, Pressure, Reagent/catalyst, Temperature Qiao, Na;Xin, Xiao-Yan;Wang, Wen-Min;Wu, Zhi-Lei;Cui, Jian-Zhong; Dalton Transactions; vol. 52; nb. 31; (2023); p. 10725 - 10736",2023,valid,ionic_liquid,无溶剂
916,Styrene oxide,"4-phenyl-1,3-dioxolan-2-one",92.0,100.0,2.00003,,tetrabutylammonium iodide,,,,,,,,,,无溶剂,,,,"Sealed tube Prasad, Divya;Alla, Sarat Chandra;Bawiskar, Dipak B.;Gholap, Sandeep Suryabhan;Jadhav, Arvind H.; Catal‐ ysis Letters; vol. 154; nb. 4; (2024); p. 1581 - 1602",2024,valid,ionic_liquid,无溶剂
917,Styrene oxide,"4-phenyl-1,3-dioxolan-2-one",75.0,140.0,3.00005,,tetrabutylammonium bromide,,,,,,,,,,,,,,"Du, Minxing;Sun, Yuxia;Zhao, Jiaojiao;Hu, Haiyan;Sun, Liwei;Li, Yuehui; Chinese Chemical Letters; vol. 34; nb. 12; (2023); Art.No: 108269",2023,valid,ionic_liquid,
919,Styrene oxide,"4-phenyl-1,3-dioxolan-2-one",99.0,89.8,0.1,,potassium iodide,,,,,,,,,,,,,,"Li, Ningning;Liu, Xuanbo;Zhang, Yuhang;Liu, Sen;Wang, Xionglei;Chang, Tao;Zhu, Zheng;Qin, Shenjun;Hao, YongjingS246882312300562X; Molecular catalysis; vol. 549; (2023); Art.No: 113479",2023,valid,metal_halide,
920,Styrene oxide,"4-phenyl-1,3-dioxolan-2-one",95.0,50.0,1.00001,,tetrabutylammonium bromide,,,,,,,,,,,,,,"Liu, Bo-Han;Luo, Xian-Sheng;Deng, Han-Lin;Zhang, Zhi-Hao;Fan, Wen-Hao;Zhang, Qi;Huang, Mu-Hua; Jour‐ nal of Polymer Science; vol. 62; nb. 8; (2024); p. 1706 - 1713",2024,valid,ionic_liquid,
922,Styrene oxide,"4-phenyl-1,3-dioxolan-2-one",99.0,85.0,0.1,,tetrabutylammonium bromide,,,,,,,,,,,,,,"Qing, Yuting;Tan, Ziyun;Zhang, Hejinglong;Wang, Yanwei;Shi, Yize;Yuan, Dan;Li, Wenyi;Yao, Yingming; Or‐ ganometallics; vol. 42; nb. 15; (2023); p. 2102 - 2110",2023,valid,ionic_liquid,
923,Styrene oxide,"4-phenyl-1,3-dioxolan-2-one",97.0,60.0,0.1,,tetrabutylammonium bromide,,,,,,,,,,无溶剂,,,,"Sealed tube, Catalytic behavior Wang, Wen-Min;Cheng, Rui-Rui;Wu, Zhi-Lei;Cui, Jian-Zhong; Inorganic Chemistry; vol. 62; nb. 37; (2023); p. 14902 - 14911",2023,valid,ionic_liquid,无溶剂
924,Styrene oxide,"4-phenyl-1,3-dioxolan-2-one",85.0,20.0,0.10133,,tetrabutylammonium bromide,,,,,,,,,,无溶剂,,,,"Manna, Krishna;Kumar, Rahul;Sundaresan, Athinarayanan;Natarajan, Srinivasan; Inorganic Chemistry; vol. 62; nb. 34; (2023); p. 13738 - 13756",2023,valid,ionic_liquid,无溶剂
925,Styrene oxide,"4-phenyl-1,3-dioxolan-2-one",94.0,20.0,0.10133,,tetrabutylammonium bromide,,,,,,,,,,,,,,"Said, Amir;Zhang, Guanyun;Wang, Dexin;Chen, Guanjie;Liu, Yanshu;Gao, Fangfang;Tung, Chen-Ho;Wang, Yifeng; Inorganic Chemistry; vol. 62; nb. 33; (2023); p. 13476 - 13484",2023,valid,ionic_liquid,
926,Styrene oxide,"4-phenyl-1,3-dioxolan-2-one",49.0,60.0,0.10133,,tetrabutylammonium bromide,,,,,,,,,,无溶剂,,,,"Catalytic behavior Li, Ling;Zou, Ji-Yong;You, Sheng-Yong;Zhang, Li; Inorganic Chemistry; vol. 62; nb. 35; (2023); p. 14168 - 14179",2023,valid,ionic_liquid,无溶剂
927,Styrene oxide,"4-phenyl-1,3-dioxolan-2-one",94.0,20.0,0.10133,,tetra-(n-butyl)ammonium iodide,,tetrabutylammonium iodide,3.0,,,,,,,,,,,"Catalytic behavior Roy, Shilpa;Das, Koushik;Halder, Sandipan; Catalysis Letters; vol. 154; nb. 5; (2024); p. 2243 - 2254",2024,valid,ionic_liquid,
928,Styrene oxide,"4-phenyl-1,3-dioxolan-2-one",97.0,80.0,0.50001,,tetrabutylammonium bromide,,,,,,,,,,无溶剂,,,,"Reagent/ catalyst, Temperature, Pressure Torabi, Hossein;Eshghi, Hossein;Ghodsinia, Sara S.E.;Sanati-Tirgan, Parvin; Molecular catalysis; vol. 550; (2023); Art.No: 113552",2023,valid,ionic_liquid,无溶剂
931,Styrene oxide,"4-phenyl-1,3-dioxolan-2-one",99.0,60.0,0.10133,,tetrabutylammonium bromide,,,,,,,,,,无溶剂,,,,"Catalytic behavior, Reagent/catalyst, Time, Temperature Si, Xuezhen;Yao, Qingxia;Pan, Xuze;Zhang, Xiaoying;Zhang, Chenglu;Li, Zhanqiang;Duan, Wenzeng;Hou, Jinle;Huang, Xianqiang; Inorganic Chemistry; vol. 62; nb. 37; (2023); p. 15006 - 15014",2023,valid,ionic_liquid,无溶剂
932,Styrene oxide,"4-phenyl-1,3-dioxolan-2-one",99.0,80.0,0.81065,,tetrabutylammonium bromide,,,,,,,,,,water,,,,"Reagent/ catalyst Meng, Jie;Zhang, Jing;Fan, Shu-Cong;Wang, Ying;Zhang, Peng;Yuan, Wenyu;Zhai, Quan-Guo; Crystal Growth and Design; vol. 23; nb. 7; (2023); p. 5043 - 5051",2023,valid,ionic_liquid,water
933,Styrene oxide,"4-phenyl-1,3-dioxolan-2-one",84.0,80.0,0.10133,,tetrabutylammonium bromide,,,,,,,,,,,,,,"An, Nan;Ma, Lu-Lu;Yang, Fan;Zhang, Wen-Yan;Yang, Guo-Ping;Wang, Yao-Yu; New Journal of Chemistry; vol. 47; nb. 45; (2023); p. 20807 - 20813",2023,valid,ionic_liquid,
934,Styrene oxide,"4-phenyl-1,3-dioxolan-2-one",96.0,110.0,1.50002,,L-arginine,,,,,,,,,,无溶剂,,,,"Inert atmosphere, Green chemistry, Catalytic behavior, Kinetics, Temperature, Pressure, Reagent/catalyst, Solvent, chemoselective re‐ action Wang, Fan;Xie, Congxia;Song, Hongbing;Jin, Xin; Green Chemistry; vol. 25; nb. 20; (2023); p. 8134 - 8144",2023,valid,unknown,无溶剂
935,Styrene oxide,"4-phenyl-1,3-dioxolan-2-one",94.0,20.0,0.10133,,tetra-(n-butyl)ammonium iodide,,tetrabutylammonium iodide,3.0,,,,,,,无溶剂,,,,"Green chemistry, Catalytic behavior, Reagent/catalyst Roy, Shilpa;Das, Koushik;Halder, Sandipan; Catalysis Letters; vol. 154; nb. 5; (2024); p. 2243 - 2254",2024,valid,ionic_liquid,无溶剂
937,Styrene oxide,"4-phenyl-1,3-dioxolan-2-one",75.0,25.0,,,tetra-(n-butyl)ammonium iodide,,tetrahydroxydiboron,,,,,,,,无溶剂,,,,"With tetrahydroxydiboron, tetra-(n-butyl)ammonium iodide in neat (no solvent), T= 25 - 35 °C Luo, Yuhui;Chen, Fei;Zhang, Hao;Liu, Jichang;Liu, Ning; Journal of Organic Chemistry; vol. 88; nb. 22; (2023); p. 15717 - 15725",2023,valid,unknown,无溶剂
938,Styrene oxide,"4-phenyl-1,3-dioxolan-2-one",95.0,75.0,0.10133,,tetrabutylammonium bromide,,,,,,,,,,无溶剂,,,,"Zhang, Zhengguo;Liu, Shurong;Liu, Youbin;Zhang, Xiutang; Crystal Growth and Design; vol. 23; nb. 9; (2023); p. 6701 - 6711",2023,valid,ionic_liquid,无溶剂
939,Styrene oxide,"4-phenyl-1,3-dioxolan-2-one",89.9,100.0,0.68901,,tetrabutylammonium bromide,,,,,,,,,,无溶剂,,,,"Catalytic behavior Piyawongsiri, Thitirat;Laiwattanapaisarn, Nattiya;Virachotikul, Arnut;Chumsaeng, Phongnarin;Phomphrai, Khamphee; ChemPlusChem; vol. 88; nb. 12; (2023); Art.No: e202300559",2023,valid,ionic_liquid,无溶剂
940,Styrene oxide,"4-phenyl-1,3-dioxolan-2-one",34.0,60.0,4.00006,,tetrabutylammonium bromide,,,,,,,,,,DMF,,,,"Bilyachenko, Alexey N.;Gutsul, Evgenii I.;Khrustalev, Victor N.;Chusova, Olga;Dorovatovskii, Pavel V.;Aliye‐ va, Vusala A.;Paninho, Ana B.;Nunes, Ana V. M.;Mahmudov, Kamran T.;Shubina, Elena S.;Pombeiro, Arman‐ do J. L.; Inorganic Chemistry; vol. 62; nb. 38; (2023); p. 15537 - 15549",2023,valid,ionic_liquid,DMF
942,Styrene oxide,"4-phenyl-1,3-dioxolan-2-one",90.8,60.0,0.50001,,tetrabutylammonium bromide,,,,,,,,,,,,,,"Catalytic be‐ havior, Reagent/catalyst Wu, Tianyu;Chen, Guangrui;Han, Ji;Sun, Ruigang;Zhao, Bin;Zhong, Guiyuan;Yamauchi, Yusuke;Guan, Buyuan; Journal of the American Chemical Society; vol. 145; nb. 30; (2023); p. 16498 - 16507",2023,valid,ionic_liquid,
944,Styrene oxide,"4-phenyl-1,3-dioxolan-2-one",84.0,70.0,0.1,,tetrabutylammonium chloride,,tetrabutylammonium bromide,,tetra-(n-butyl)ammonium iodide,,triphenylphosphine,,,,,,,,"Miao, Chang-Qing;Yan, Jie-Chen;Yang, Chen;Wang, Jia-Li;Ding, Jia-Le;Chen, Si-Rong;Ge, Juan-Xiu;Wang, Ni;Hou, Yin-Ling; Polyhedron; vol. 243; (2023); Art.No: 116509",2023,valid,ionic_liquid,
946,Styrene oxide,"4-phenyl-1,3-dioxolan-2-one",99.0,100.0,0.1,,tetrabutylammonium bromide,,,,,,,,,,无溶剂,,,,"Ge, Bangdi;Ye, Yu;Yan, Yan;Luo, Hao;Chen, Yuze;Meng, Xianyu;Song, Xiaowei;Liang, Zhiqiang; Inorganic Chemistry; vol. 62; nb. 47; (2023); p. 19288 - 19297",2023,valid,ionic_liquid,无溶剂
947,Styrene oxide,"4-phenyl-1,3-dioxolan-2-one",87.7,80.0,0.1,,tetrabutylammonium bromide,,,,,,,,,,,,,,"Zhou, Peipei;Zhou, Xia;Song, Zitong;Shao, Danyi;Wang, Dongmei; Journal of Solid State Chemistry; vol. 331; (2024); Art.No: 124500",2024,valid,ionic_liquid,
948,Styrene oxide,"4-phenyl-1,3-dioxolan-2-one",96.0,120.0,1.00001,,tetrabutylammonium bromide,,,,,,,,,,,,,,"Reagent/catalyst, Time, Tem‐ perature Bi, Yunshuai;Yao, Zibei;Zhu, Zhen;Liu, Weisheng; Dalton Transactions; vol. 52; nb. 47; (2023); p. 18082 - 18089",2023,valid,ionic_liquid,
949,Styrene oxide,"4-phenyl-1,3-dioxolan-2-one",74.0,25.0,0.1,,tetrabutylammonium bromide,,,,,,,,,,无溶剂,,,,"Inert atmos‐ phere, Schlenk technique, Catalytic behavior, Reagent/catalyst Barman, Souvik;Bag, Jayanta;Das, Dhiraj;Pal, Kuntal; New Journal of Chemistry; vol. 47; nb. 45; (2023); p. 20952 - 20965",2023,valid,ionic_liquid,无溶剂
950,Styrene oxide,"4-phenyl-1,3-dioxolan-2-one",91.0,150.0,0.10133,,tetrabutylammonium bromide,,,,,,,,,,,,,,"Microwave irradiation, Cata‐ lytic behavior, Reagent/catalyst Akbaba, Sercan;Alvarez, Marie;Groni, Sihem;Sch?llhorn, Bernd;Fave, ClaireS0040403923004707; Tetrahedron Letters; vol. 130; (2023); Art.No: 154760",2023,valid,ionic_liquid,
952,Styrene oxide,"4-phenyl-1,3-dioxolan-2-one",89.0,100.0,1.00001,,tetrabutylammonium bromide,,,,,,,,,,water,cyclohexane,,,"High pressure, Sealed tube, Catalytic behavior, Reagent/catalyst Cai, Miao;Chen, Xiao-Li;Yan, Rui-Kui;Li, Yi-Fei;Gao, Miao-Miao;Liu, Shuai;Liu, Jia-Chen; Journal of Molecular Structure; vol. 1299; (2024); Art.No: 137314",2024,valid,ionic_liquid,water; cyclohexane
956,Styrene oxide,"4-phenyl-1,3-dioxolan-2-one",95.0,120.0,0.80001,,tetrabutylammonium bromide,,,,,,,,,,,,,,"Chen, Shuang-Shuang;Li, Lei-Lei;Liu, Shuang;Liu, Shu-Yuan;Wang, Wen-Zhen;Xu, Xiao-Han; Journal of Mo‐ lecular Structure; vol. 1302; (2024); Art.No: 137504",2024,valid,ionic_liquid,
957,Styrene oxide,"4-phenyl-1,3-dioxolan-2-one",51.8,70.0,0.10133,,tetrabutylammonium bromide,,,,,,,,,,water,,,,"Elec‐ trochemical reaction, Catalytic behavior, Reagent/catalyst Wang, Lulu;Wang, Jinmiao;Wu, Ruixue;Shao, Feng;Zhang, Dongmei;Zhang, Xia;Fan, Chuanbin;Fan, Yuhua; Inorganic Chemistry; vol. 63; nb. 1; (2024); p. 294 - 303",2024,valid,ionic_liquid,water
958,Styrene oxide,"4-phenyl-1,3-dioxolan-2-one",73.0,80.0,0.80001,,tetrabutylammonium bromide,,,,,,,,,,,,,,"Auto‐ clave Fan, Shu-Cong;Zhang, Ya-Li;Ni, Jing-Jing;Li, Yong-Peng;Li, Shu-Ni;Zhai, Quan-Guo; Inorganic Chemistry; vol. 62; nb. 49; (2023); p. 20279 - 20287",2023,valid,ionic_liquid,
960,Styrene oxide,"4-phenyl-1,3-dioxolan-2-one",90.0,120.0,0.50001,,tetrabutylammonium bromide,,,,,,,,,,,,,,"Pressure, Temperature Wang, Xiaoli;Li, Jingzhe;Kou, Manchang;Dou, Wei;Bai, Dongjie;Tang, Xiaoliang;Tang, Yu;Liu, Weisheng; In‐ organic Chemistry; vol. 62; nb. 46; (2023); p. 19015 - 19024",2023,valid,ionic_liquid,
962,Styrene oxide,"4-phenyl-1,3-dioxolan-2-one",99.1,80.0,0.10133,,tetrabutylammonium bromide,,,,,,,,,,,,,,"Schlenk techni‐ que, Catalytic behavior, Reagent/catalyst Xiong, Peng;Xie, Ting-Ting;Zhou, Mi;Li, Shi-Ming;Wang, Xiu-Jian;Ni, Qing-Ling;Gui, Liu-Cheng; Journal of Mo‐ lecular Structure; vol. 1303; (2024); Art.No: 137466",2024,valid,ionic_liquid,
964,Styrene oxide,"4-phenyl-1,3-dioxolan-2-one",95.0,,0.10133,,tetrabutylammonium bromide,,,,,,,,,,,,,,"Said, Amir;Chen, Guanjie;Zhang, Guanyun;Wang, Dexin;Liu, Yanshu;Gao, Fangfang;Wang, Guo;Tung, Chen- Ho;Wang, Yifeng; Dalton Transactions; vol. 53; nb. 8; (2024); p. 3666 - 3674",2024,valid,ionic_liquid,
966,Styrene oxide,"4-phenyl-1,3-dioxolan-2-one",61.0,55.0,0.2,,tetrabutylammonium bromide,,,,,,,,,,,,,,"Song, Jing-Yi;Chen, Xu;Wang, Yu-Mei;Luo, Xiao;Zhang, Tian-E.;Ning, Guo-Hong;Li, Dan; Chemistry - An Asian Journal; vol. 18; nb. 23; (2023); Art.No: e202300857",2023,valid,ionic_liquid,
967,Styrene oxide,"4-phenyl-1,3-dioxolan-2-one",74.1,80.0,0.10133,,tetrabutylammonium bromide,,,,,,,,,,无溶剂,,,,"Ramesh, Aishwarya;De, Sharmistha;Bajaj, Sakshi;Das, Bidisa;Ray, Saumi; European Journal of Inorganic Chemistry; vol. 27; nb. 6; (2024); Art.No: e202300610",2024,valid,ionic_liquid,无溶剂
968,Styrene oxide,"4-phenyl-1,3-dioxolan-2-one",97.0,80.0,0.10133,,tetrabutylammonium bromide,,,,,,,,,,,,,,"Reagent/cata‐ lyst, Temperature, Time Zhang, Yuanhang;Xu, Siji;Huang, Kun;Zhang, Xiang-Yu;Qin, Da-Bin;Zhao, Bin; Crystal Growth and Design; vol. 23; nb. 11; (2023); p. 7873 - 7881",2023,valid,ionic_liquid,
970,Styrene oxide,"4-phenyl-1,3-dioxolan-2-one",99.0,100.0,0.10133,,potassium iodide,,,,,,,,,,,,,,"Yu, Jinfa;Sun, Xiangying; New Journal of Chemistry; vol. 48; nb. 10; (2024); p. 4245 - 4252",2024,valid,metal_halide,
971,Styrene oxide,"4-phenyl-1,3-dioxolan-2-one",58.0,80.0,5.00008,,tetrabutylammonium bromide,,,,,,,,,,无溶剂,,,,"Reagent/catalyst, Pressure, Temperature Bilyachenko, Alexey N.;Khrustalev, Victor N.;Dorovatovskii, Pavel V.;Shul’pina, Lidia S.;Ikonnikov, Nikolay S.;Shubina, Elena S.;Lobanov, Nikolai N.;Aliyeva, Vusala A.;Nunes, Ana V. M.;Mahmudov, Kamran T.;Kozlov, Yuriy N.;Pombeiro, Armando J. L.; Inorganic Chemistry; vol. 63; nb. 4; (2024); p. 1909 - 1918",2024,valid,ionic_liquid,无溶剂
973,Styrene oxide,"4-phenyl-1,3-dioxolan-2-one",99.0,,0.10133,,tetrabutylammonium bromide,,,,,,,,,,,,,,"Irradiationi Wang, Dexin;Liu, Yanshu;Chen, Guanjie;Gao, Fangfang;Zhang, Guanyun;Wang, Guo;Tung, Chen-Ho;Wang, Yifeng; Inorganic Chemistry; vol. 62; nb. 51; (2023); p. 21074 - 21082",2023,valid,ionic_liquid,
978,Styrene oxide,"4-phenyl-1,3-dioxolan-2-one",95.0,60.0,0.1,,tetrabutylammonium bromide,,,,,,,,,,,,,,"Autoclave Xu, Liangsheng;Wang, Yu;Sun, Zhenkun;Chen, Zheng;Zhao, Guofeng;Kühn, Fritz E.;Jia, Wei-Guo;Yun, Ruir‐ ui;Zhong, Rui; Inorganic Chemistry; vol. 63; nb. 4; (2024); p. 1828 - 1839",2024,valid,ionic_liquid,
979,Styrene oxide,"4-phenyl-1,3-dioxolan-2-one",65.0,70.0,0.50001,,tetrabutylammonium bromide,,,,,,,,,,,,,,"Catalytic behavior, Reagent/catalyst Liu, Nana;Liu, Tingting;Liu, Guangning;Mi, Xiuna;Li, Yunwu;Yang, Lu;Zhou, Zhen;Wang, Suna; Dalton Trans‐ actions; vol. 53; nb. 8; (2023); p. 3654 - 3665",2023,valid,ionic_liquid,
980,Styrene oxide,"4-phenyl-1,3-dioxolan-2-one",82.0,70.0,,,tetrabutylammonium bromide,,,,,,,,,,,,,,"With tetrabutylammomium bromide, Zn(2+)*C H N O S(2-)8 4 4 2 *C10H8N2, T= 70 °C Eskemech, Alehegn;Chand, Hushan;Karmakar, Anirban;Krishnan, Venkata;Koner, Rik Rani; Inorganic Chem‐ istry; vol. 63; nb. 8; (2024); p. 3757 - 3768",2024,valid,ionic_liquid,
981,Styrene oxide,"4-phenyl-1,3-dioxolan-2-one",99.0,50.0,0.1,,tetrabutylammonium bromide,,,,,,,,,,,,,,"Irradiation Liu, Yanshu;Zhang, Guanyun;Wang, Dexin;Chen, Guanjie;Gao, Fangfang;Tung, Chen-Ho;Wang, Yifeng; Dal‐ ton Transactions; vol. 53; nb. 5; (2024); p. 1989 - 1998",2024,valid,ionic_liquid,
982,Styrene oxide,"4-phenyl-1,3-dioxolan-2-one",97.0,80.0,0.1,,tetrabutylammonium bromide,,,,,,,,,,无溶剂,,,,"Catalytic behavior, Reagent/catalyst, Temperature, Time Kan, Liang;Zhang, Lei;Dong, Long-Zhang;Wang, Xiao-Han;Li, Run-Han;Guo, Chenxing;Li, Xiaopeng;Yan, Yong;Li, Shun-Li;Lan, Ya-Qian; Advanced Materials; vol. 36; nb. 15; (2024); Art.No: 2310061",2024,valid,ionic_liquid,无溶剂
983,Styrene oxide,"4-phenyl-1,3-dioxolan-2-one",99.0,100.0,1.01332,,tetrabutylammonium bromide,,,,,,,,,,,,,,"Re‐ agent/catalyst, Temperature Ma, Fa-Xue;Lyu, Lei-Yan;Chen, Jiawei;Huang, Tao;Zhang, Teng;Cao, Rong; Chemical Communications; vol. 60; nb. 10; (2024); p. 1293 - 1296",2024,valid,ionic_liquid,
984,Styrene oxide,"4-phenyl-1,3-dioxolan-2-one",78.0,80.0,0.1,,tetrabutylammonium bromide,,,,,,,,,,,,,,"Ghosh, Subhrajyoti;Mukherjee, Srijan;Karthik, Veerappan;Bera, Priti;Dhakshinamoorthy, Amarajothi;Biswas, Shyam; Journal of Materials Chemistry C; vol. 12; nb. 12; (2024); p. 4460 - 4472",2024,valid,ionic_liquid,
986,Styrene oxide,"4-phenyl-1,3-dioxolan-2-one",82.0,70.0,0.10133,,tetrabutylammonium bromide,,,,,,,,,,无溶剂,,,,"Eskemech, Alehegn;Chand, Hushan;Karmakar, Anirban;Krishnan, Venkata;Koner, Rik Rani; Inorganic Chem‐ istry; vol. 63; nb. 8; (2024); p. 3757 - 3768",2024,valid,ionic_liquid,无溶剂
987,Styrene oxide,"4-phenyl-1,3-dioxolan-2-one",91.0,100.0,0.1,,tetrabutylammonium bromide,,,,,,,,,,,,,,"Bao, Wen-Li;Kuai, Jie;Gao, Hai-Yang;Zheng, Meng-Qi;Sun, Zhong-Hua;He, Ming-Yang;Chen, Qun;Zhang, Zhi- Hui; Dalton Transactions; vol. 53; nb. 14; (2024); p. 6215 - 6223",2024,valid,ionic_liquid,
988,Styrene oxide,"4-phenyl-1,3-dioxolan-2-one",81.3,80.0,1.00001,,tetrabutylammonium bromide,,,,,,,,,,,,,,"Sealed tube, Catalytic behavior, Re‐ agent/catalyst, Temperature Zhang, Weilong;Li, Zhuo;Yu, Xue-Fang;Zhang, Kaisheng;Liu, Senmiao;Du, Yujie;Guo, Qi;Zhang, Lixue;Ding, Xin;Tang, Hua;Peng, Yanhua;Yang, Xiaolong; Inorganic Chemistry; vol. 63; nb. 6; (2024); p. 2954 - 2966",2024,valid,ionic_liquid,
989,Styrene oxide,"4-phenyl-1,3-dioxolan-2-one",48.0,25.0,0.1,,tetrabutylammonium bromide,,,,,,,,,,无溶剂,,,,"Schlenk techni‐ que, Catalytic behavior, Reagent/catalyst Barman, Souvik;Das, Dhiraj;Pal, Kuntal; Dalton Transactions; vol. 53; nb. 12; (2024); p. 5632 - 5647",2024,valid,ionic_liquid,无溶剂
993,Styrene oxide,"4-phenyl-1,3-dioxolan-2-one",99.0,80.0,0.1,,tetrabutylammonium bromide,,,,,,,,,,,,,,"Temperature Yin, Lin;Huang, Jian-Bo;Yue, Tian-Cai;Wang, Lu-Lu;Wang, Duo-Zhi; Journal of Molecular Structure; vol. 1309; (2024); Art.No: 138165",2024,valid,ionic_liquid,
994,Styrene oxide,"4-phenyl-1,3-dioxolan-2-one",99.0,70.0,,,tetrabutylammonium bromide,,,,,,,,,,,,,,"With tetrabutylammomium bromide, [Gd4(μ3-OH)2(5-chlorine-8-hydroxylquinoline)6(acetylacetone)4], T= 70 °C , Cat‐ alytic behavior, Temperature Wang, Yufang;Cui, Haibo;Guo, Huican;Fang, Ming; Polyhedron; vol. 255; (2024); Art.No: 116988",2024,valid,ionic_liquid,
995,Styrene oxide,"4-phenyl-1,3-dioxolan-2-one",99.0,65.0,0.10133,,tetrabutylammonium bromide,,pyridine,,,,,,,,,,,,"Time Ren, Meiyu;Li, Chong;Hu, Tuoping;Fan, Liming;Zhang, Xiutang; Crystal Growth and Design; vol. 24; nb. 8; (2024); p. 3473 - 3482",2024,valid,mixed_system,
997,Styrene oxide,"4-phenyl-1,3-dioxolan-2-one",83.5,25.0,0.1,,tetrabutylammonium bromide,,,,,,,,,,acetonitrile,,,,"Catalytic behavior Liu, Kelong;Du, Longchao;Wang, Tingting; Inorganic Chemistry; vol. 63; nb. 10; (2024); p. 4614 - 4627",2024,valid,ionic_liquid,acetonitrile
998,Styrene oxide,"4-phenyl-1,3-dioxolan-2-one",99.0,80.0,0.1,,tetrabutylammonium bromide,,,,,,,,,,无溶剂,,,,"Temperature, Time, Reagent/catalyst, Solvent Yin, Lin;Huang, Jian-Bo;Yue, Tian-Cai;Wang, Lu-Lu;Wang, Duo-Zhi; Inorganic Chemistry; vol. 63; nb. 20; (2024); p. 9109 - 9118",2024,valid,ionic_liquid,无溶剂
1000,Styrene oxide,"4-phenyl-1,3-dioxolan-2-one",98.4,90.0,1.00001,,pyridinium,,,,,,,,,,water,ethyl acetate,,,"Shabbir, Irfan;Ndayambaje, Jean Damascene;Dong, Li;Su, Qian;Cheng, Weiguo; Molecular catalysis; vol. 562; (2024); Art.No: 114227",2024,valid,ionic_liquid,water; ethyl acetate
1001,Styrene oxide,"4-phenyl-1,3-dioxolan-2-one",98.3,25.0,0.10133,,tetrabutylammonium bromide,,,,,,,,,,ethanol,,,,"Catalytic behavior, Reagent/ catalyst Wang, Yifan;Liu, Huimin;Shi, Qiujin;Miao, Zerui;Duan, Haohong;Wang, Yiou;Rong, Hongpan;Zhang, Jiatao; Angewandte Chemie - International Edition; vol. 63; nb. 23; (2024); Art.No: e202404911; Angew. Chem.; vol. 63; nb. 23; (2024)",2024,valid,ionic_liquid,ethanol
1003,Styrene oxide,"4-phenyl-1,3-dioxolan-2-one",99.0,65.0,0.10133,,tetrabutylammonium bromide,,pyridine,,,,,,,,无溶剂,,,,"Time Ren, Meiyu;Li, Chong;Hu, Tuoping;Fan, Liming;Zhang, Xiutang; Crystal Growth and Design; vol. 24; nb. 8; (2024); p. 3473 - 3482",2024,valid,mixed_system,无溶剂
1006,Styrene oxide,"4-phenyl-1,3-dioxolan-2-one",94.0,100.0,0.60001,,tetrabutylammonium chloride,,,,,,,,,,无溶剂,,,,"Catalytic behavior, Reagent/catalyst, Temperature, Pressure, Solvent Damiano, Caterina;Fata, Alessia;Cavalleri, Matteo;Manca, Gabriele;Gallo, Emma; Catalysis science and tech‐ nology; vol. 14; nb. 14; (2024); p. 3996 - 4006",2024,valid,ionic_liquid,无溶剂
1007,Styrene oxide,"4-phenyl-1,3-dioxolan-2-one",94.0,20.0,0.10133,,tetrabutylammonium bromide,,,,,,,,,,无溶剂,,,,"Sarkar, Somnath;Ghosh, Swarbhanu;Mondal, Titu;Khan, Aslam;Islam, Sk. Manirul; New Journal of Chemistry; vol. 48; nb. 22; (2024); p. 10010 - 10018",2024,valid,ionic_liquid,无溶剂
1009,Styrene oxide,"4-phenyl-1,3-dioxolan-2-one",100.0,80.0,1.10002,,tetrabutylammonium bromide,,,,,,,,,,,,,,"Catalytic behavior, Reagent/catalyst, Temperature Ren, Jingjing;Proust, Anna;Launay, Franck;Villanneau, Richard; Chemical Communications; vol. 60; nb. 34; (2024); p. 4549 - 4552",2024,valid,ionic_liquid,
1010,Styrene oxide,"4-phenyl-1,3-dioxolan-2-one",98.4,90.0,1.00001,,pyridinium,,,,,,,,,,无溶剂,,,,"Sealed tube, Catalytic behavior Shabbir, Irfan;Ndayambaje, Jean Damascene;Dong, Li;Su, Qian;Cheng, Weiguo; Molecular catalysis; vol. 562; (2024); Art.No: 114227",2024,valid,ionic_liquid,无溶剂
1011,Styrene oxide,"4-phenyl-1,3-dioxolan-2-one",99.0,70.0,0.1,,tetrabutylammonium bromide,,,,,,,,,,无溶剂,,,,"Temperature Wang, Yufang;Cui, Haibo;Guo, Huican;Fang, Ming; Polyhedron; vol. 255; (2024); Art.No: 116988",2024,valid,ionic_liquid,无溶剂
1012,Styrene oxide,"4-phenyl-1,3-dioxolan-2-one",92.0,60.0,0.1,,tetrabutylammonium bromide,,,,,,,,,,water,ethyl acetate,,,"Reagent/catalyst Wu, Ling;Xia, Xiaocheng;An, Wenying;Cui, Wenshan;Liu, Yue;Lv, Wei;Wu, Fengtian; Letters in Organic Chem‐ istry; vol. 21; nb. 7; (2024); p. 611 - 619",2024,valid,ionic_liquid,water; ethyl acetate
1013,Styrene oxide,"4-phenyl-1,3-dioxolan-2-one",43.0,70.0,0.1,,tetrabutylammonium bromide,,,,,,,,,,,,,,"Time Kong, Xianghe;Liao, Xiaoli;Huang, Zhenkun;Mei, Lei;Wang, Hongqing;Hu, Kongqiu;Shi, Wei‐ qunS100184172400161X; Chinese Chemical Letters; vol. 35; nb. 11; (2024); Art.No: 109642",2024,valid,ionic_liquid,
1014,Styrene oxide,"4-phenyl-1,3-dioxolan-2-one",89.0,20.0,0.1,,tetra-(n-butyl)ammonium iodide,,,,,,,,,,无溶剂,,,,"Meher, Sushanta Kumar;Nayak, Prakash;Dhala, Sasmita;Tripathy, Swetapadma;Venkatasubbaiah, Krishnan; Catalysis science and technology; vol. 14; nb. 11; (2024); p. 3125 - 3130",2024,valid,unknown,无溶剂
1015,Styrene oxide,"4-phenyl-1,3-dioxolan-2-one",93.0,80.0,0.10133,,tetrabutylammonium bromide,,,,,,,,,,无溶剂,,,,"Temperature Shen, Simin;Liu, Yuxing;Huang, Kun;Zhang, Xiang-Yu;Qin, Da-Bin;Zhao, Bin; Crystal Growth and Design; vol. 24; nb. 11; (2024); p. 4333 - 4341",2024,valid,ionic_liquid,无溶剂
1019,Styrene oxide,"4-phenyl-1,3-dioxolan-2-one",99.0,100.0,0.1,,tetrabutylammonium bromide,,,,,,,,,,,,,,Temperature PatentZHEJIANG UNIV QUZHOU RESEARCH INSTITUTE; ZHEJIANG UNIVERSITY QUZHOU RESEARCH IN‐ STITUTE; CN118290495; (2024); (A) ChineseZHEJIANG UNIVERSITY,2024,valid,ionic_liquid,
1020,Styrene oxide,"4-phenyl-1,3-dioxolan-2-one",22.0,60.0,,,tetra-(n-butyl)ammonium iodide,,,,,,,,,,,,,,"With tetra-(n-butyl)ammonium iodide, 4-(N-butylcarbamoyl)-1,3-bis-(2,6-diisopropylphenyl)-3H-1,2,3-triazolium chlor‐ ide, T= 60 °C , Reagent/catalyst Sakuma, Masaaki;Haraguchi, Ryosuke; Organic Letters; vol. 26; nb. 29; (2024); p. 6148 - 6152",2024,valid,unknown,
1021,Styrene oxide,"4-phenyl-1,3-dioxolan-2-one",89.0,20.0,0.1,,tetra-(n-butyl)ammonium iodide,,,,,,,,,,无溶剂,,,,"Meher, Sushanta Kumar;Nayak, Prakash;Dhala, Sasmita;Tripathy, Swetapadma;Venkatasubbaiah, Krishnan; Catalysis science and technology; vol. 14; nb. 11; (2024); p. 3125 - 3130",2024,valid,unknown,无溶剂
1022,Styrene oxide,"4-phenyl-1,3-dioxolan-2-one",96.0,40.0,1.00001,,tetrabutylammonium bromide,,,,,,,,,,无溶剂,,,,"Pressure, Reagent/catalyst Zhou, Yong-Bo;Chen, Fei;Du, Zhi-Hong;Liu, Bin-Yuan;Liu, Ning; Inorganic Chemistry; vol. 63; nb. 35; (2024); p. 16491 - 16506",2024,valid,ionic_liquid,无溶剂
1024,Styrene oxide,"4-phenyl-1,3-dioxolan-2-one",96.0,60.0,0.00013,,tetrabutylammonium bromide,,,,,,,,,,,,,,"Catalytic behavior Abazari, Reza;Ghorbani, Nasrin;Shariati, Jafar;Varma, Rajender S.;Qian, Jinjie; Inorganic Chemistry; vol. 63; nb. 27; (2024); p. 12667 - 12680",2024,valid,ionic_liquid,
1025,Styrene oxide,"4-phenyl-1,3-dioxolan-2-one",98.0,120.0,1.00001,,imidazolium,,,,,,,,,,,,,,"Temperature Li, Biao;Li, Hao;Xiang, Dexuan;Ouyang, Yuejun;Wu, Jingao;Chen, Gui;Zhang, Zaixing;Lin, Hongwei;Zhou, Nonglin; Polymer; vol. 312; (2024); Art.No: 127598",2024,valid,ionic_liquid,
1026,Styrene oxide,"4-phenyl-1,3-dioxolan-2-one",47.17,80.0,1.00001,,tetrabutylammonium bromide,,,,,,,,,,,,,,"Jiang, Miao;Zhao, Peng-Li;Yue, Yong-Ning;Song, Xue-Qin;Wang, Li; Journal of Molecular Structure; vol. 1316; (2024); Art.No: 138943",2024,valid,ionic_liquid,
1027,Styrene oxide,"4-phenyl-1,3-dioxolan-2-one",83.0,120.0,1.00001,,pyridine,,,,,,,,,,,,,,"Re‐ agent/catalyst, Temperature, Pressure Yuan, Xin;Liu, Ziqi;Li, Zhenjiang;Shi, Yanqi;Yang, Baolin;Zou, Xin;Hu, Yongzhu;Li, Chunyu;Li, Sha;Guo, Kai; New Journal of Chemistry; vol. 48; nb. 25; (2024); p. 11435 - 11446",2024,valid,organic_base,
1028,Styrene oxide,"4-phenyl-1,3-dioxolan-2-one",96.8,60.0,0.10133,,tetra-(n-butyl)ammonium iodide,,,,,,,,,,无溶剂,,,,"Yu, Wen-Wang;Meng, Xiang-Guang;Gan, Zi-Yu;Li, Wen;Zhang, Yu-Lian;Zhou, Jie; Catalysis science and tech‐ nology; vol. 14; nb. 21; (2024); p. 6215 - 6223",2024,valid,unknown,无溶剂
1029,Styrene oxide,"4-phenyl-1,3-dioxolan-2-one",94.5,90.0,0.1,,tetrabutylammonium bromide,,,,,,,,,,无溶剂,,,,"Catalytic behavior, Temperature Xiong, Gui;Li, Qi;Liang, Lijuan;Zhang, Xiangyu;Huang, Kun;Qin, Dabin; Journal of Molecular Structure; vol. 1321; (2025); Art.No: 139725",2025,valid,ionic_liquid,无溶剂
1030,Styrene oxide,"4-phenyl-1,3-dioxolan-2-one",91.0,60.0,,,tetrabutylammonium bromide,,,,,,,,,,,,,,"With tetrabutylammomium bromide, [Eu8(acac)4(HL)4(L)2(μ3–O)4(C2H5O)4]2C2H5OH.2CH2Cl2, T= 60 °C Zhong, Kai-Long;Tang, Jia-Le;Jia, Bo-Wen;Guo, Zi-Qi;Yan, Rui;Li, Bing-Feng;Chen, Jia-Lu;Yang, Chao- Bo;Qiao, Na;Wang, Wen-Min; Journal of Molecular Structure; vol. 1321; (2025); Art.No: 140033",2025,valid,ionic_liquid,
1031,Styrene oxide,"4-phenyl-1,3-dioxolan-2-one",64.0,70.0,,,tetrabutylammonium bromide,,pyridine,,,,,,,,,,,,"With tetrabutylammomium bromide, [Cd(5-{(thiophen-3-yl-methyl)amino}-isophthalate)(4,4'-bipyridine)]*2(N,N'-dime‐ thylformamide), T= 70 °C , Sealed tube, Catalytic behavior, Reagent/catalyst Karmakar, Anirban;Santos, Andreia A. C. D.;Liu, Peixi;Gurbanov, Atash V.;Pires, Jo?o;Alegria, Elisabete C. B. A.;Hasanov, Khudayar I.;Guedes da Silva, M. Fátima C.;Wang, Zhihua;Pombeiro, Armando J. L.; Inorganic Chemistry; vol. 63; nb. 29; (2024); p. 13321 - 13337",2024,valid,mixed_system,
1032,Styrene oxide,"4-phenyl-1,3-dioxolan-2-one",95.0,85.0,,,tetrabutylammonium bromide,,,,,,,,,,,,,,"With tetrabutylammomium bromide, 2C 22 H 12 N O  (2-) 2 4 *2Cu (2+)*C18H14N4O, T= 85 °C , Sealed tube Shen, Simin;Zhang, Yuanhang;Liang, Lijuan;Zhang, Xiang-Yu;Huang, Kun;Qin, Da-Bin; Crystal Growth and Design; vol. 24; nb. 18; (2024); p. 7580 - 7587",2024,valid,ionic_liquid,
1034,Styrene oxide,"4-phenyl-1,3-dioxolan-2-one",93.5,100.0,1.20002,,tetrabutylammonium bromide,,,,,,,,,,,,,,"Catalytic behavior Jin, Siyang;Fu, Yu;Jie, Kecheng;Dai, Huan;Luo, Yun Jie;Ye, Liang;Zhou, Chaohui;Xu, Wei; Chemistry - A Euro‐ pean Journal; vol. 30; nb. 39; (2024); Art.No: e202400756",2024,valid,ionic_liquid,
1035,Styrene oxide,"4-phenyl-1,3-dioxolan-2-one",99.0,130.0,0.40533,,tetrabutylammonium bromide,,,,,,,,,,无溶剂,,,,"Catalytic behavior, Reagent/catalyst, Temperature, Pressure Maurya, Mannar R.;Singh, Devesh;Sharma, Astha;Avecilla, Fernando; European Journal of Inorganic Chemis‐ try; vol. 27; nb. 27; (2024); Art.No: e202400287",2024,valid,ionic_liquid,无溶剂
1038,Styrene oxide,"4-phenyl-1,3-dioxolan-2-one",91.0,50.0,1.00001,,tetrabutylammonium bromide,,,,,,,,,,,,,,"Re‐ agent/catalyst, Temperature, Pressure Navarro, Marta;Sobrino, Sonia;Fernández, Israel;Lara-Sánchez, Agustín;Garcés, Andrés;Sánchez-Barba, Luis F.; Dalton Transactions; vol. 53; nb. 33; (2024); p. 13933 - 13949",2024,valid,ionic_liquid,
1040,Styrene oxide,"4-phenyl-1,3-dioxolan-2-one",97.0,65.0,0.10133,,tetrabutylammonium bromide,,,,,,,,,,无溶剂,,,,"Wang, Xiaotong;Li, Chong;Hu, Tuoping;Gao, Yanpeng;Fan, Liming;Zhang, Xiutang; Journal of Molecular Struc‐ ture; vol. 1318; (2024); Art.No: 139223",2024,valid,ionic_liquid,无溶剂
1041,Styrene oxide,"4-phenyl-1,3-dioxolan-2-one",48.74,100.0,1.00001,16.0,imidazolium bromide,,imidazolium,,,,,,,,无溶剂,,,,"Chen, Wenjuan;Meng, Lingqi;Sun, Jinmiao;Mu, Manman;Yin, Xiaohong; Polymer; vol. 312; (2024); Art.No: 127639",2024,valid,ionic_liquid,无溶剂
1042,Styrene oxide,"4-phenyl-1,3-dioxolan-2-one",75.0,80.0,0.1,,tetrabutylammonium bromide,,,,,,,,,,无溶剂,,,,"Yang, Zicheng;Ni, Jiale;Duan, Chengyuan;Feng, Yi;Yao, Jianfeng; Journal of Materials Chemistry A; vol. 12; nb. 32; (2024); p. 21279 - 21287",2024,valid,ionic_liquid,无溶剂
1043,Styrene oxide,"4-phenyl-1,3-dioxolan-2-one",98.0,65.0,0.10133,,tetrabutylammonium bromide,,,,,,,,,,无溶剂,,,,"Temperature Fei, Yang;Abazari, Reza;Ren, Meiyu;Wang, Xiaotong;Zhang, Xiutang; Inorganic Chemistry; vol. 63; nb. 40; (2024); p. 18914 - 18923",2024,valid,ionic_liquid,无溶剂
1044,Styrene oxide,"4-phenyl-1,3-dioxolan-2-one",91.0,90.0,2.50004,,pyridinium,,,,,,,,,,ethyl acetate,,,,PatentINST PROCESS ENG CAS; INSTITUTE OF PROCESS ENGINEERING CAS; CN117534608; (2024); (A) ChineseCHINESE ACADEMY OF SCIENCES; Institute of Process Engineering (in: CAS),2024,valid,ionic_liquid,ethyl acetate
1045,Styrene oxide,"4-phenyl-1,3-dioxolan-2-one",68.0,65.0,0.50001,,tetrabutylammonium bromide,,,,,,,,,,,,,,"Han, Ji;Xu, Haidong;Zhao, Bin;Sun, Ruigang;Chen, Guangrui;Wu, Tianyu;Zhong, Guiyuan;Gao, Yanj‐ ing;Zhang, Song Lin;Yamauchi, Yusuke;Guan, Buyuan; Journal of the American Chemical Society; vol. 146; nb. 28; (2024); p. 18979 - 18988",2024,valid,ionic_liquid,
1046,Styrene oxide,"4-phenyl-1,3-dioxolan-2-one",99.0,75.0,0.90001,,tetrabutylammonium bromide,,,,,,,,,,,,,,"Pressure, Time, Temperature, Reagent/catalyst Zhao, Bo;Li, Chong;Hu, Tuoping;Gao, Yanpeng;Fan, Liming;Zhang, Xiutang; Inorganic Chemistry; vol. 63; nb. 30; (2024); p. 14183 - 14192",2024,valid,ionic_liquid,
1047,Styrene oxide,"4-phenyl-1,3-dioxolan-2-one",69.0,50.0,0.10133,,tetrabutylammonium bromide,,,,,,,,,,acetonitrile,,,,"Dadmehr, Parvaneh;Bikas, Rahman;Lis, Tadeusz; Dalton Transactions; vol. 53; nb. 36; (2024); p. 15246 - 15257",2024,valid,ionic_liquid,acetonitrile
1048,Styrene oxide,"4-phenyl-1,3-dioxolan-2-one",79.0,140.0,1.00001,,tetrabutylammonium bromide,,,,,,,,,,,,,,"Inert atmosphere Liu, Boteng;Wang, Bangzhong;Zhang, Shuaibo;Qu, Jingping;Zhou, Yuhan; Arkivoc; vol. 2024; nb. 7; (2024); Art.No: 202412249",2024,valid,ionic_liquid,
1049,Styrene oxide,"4-phenyl-1,3-dioxolan-2-one",18.9,20.0,0.10133,,tetrabutylammonium bromide,,,,,,,,,,,,,,"Wang, Zhi-Wen;Zhu, Zi-Yi;Li, Shangda;Wang, Fei; CrystEngComm; vol. 24; nb. 18; (2022); p. 3465 - 3468",2022,valid,ionic_liquid,
1050,Styrene oxide,"4-phenyl-1,3-dioxolan-2-one",98.0,50.0,0.10133,,tetrabutylammonium bromide,,,,,,,,,,acetonitrile,,,,"Reagent/catalyst Yu, Xiang;Xu, Xinyu;Gao, Lei;Luo, Rengan;Liu, Yi-Fan;Gu, Yu-Hao;Yuan, Shuai; Dalton Transactions; vol. 53; nb. 44; (2024); p. 17902 - 17908",2024,valid,ionic_liquid,acetonitrile
1051,Styrene oxide,"4-phenyl-1,3-dioxolan-2-one",69.0,100.0,0.10133,,tetrabutylammonium bromide,,,,,,,,,,无溶剂,,,,"Chowdhury, Rhitwika;Bhat, Irshad Ahmad;Sachan, Sharad Kumar;Anantharaman, Ganapathi; Dalton Transac‐ tions; vol. 53; nb. 42; (2024); p. 17157 - 17161",2024,valid,ionic_liquid,无溶剂
1052,Styrene oxide,"4-phenyl-1,3-dioxolan-2-one",93.0,20.0,0.10133,,tetrabutylammonium bromide,,,,,,,,,,acetonitrile,,,,"Inert at‐ mosphere, Sealed tube, Irradiation Saini, Sandhya;Khan, Shafiur Rehman;Gour, Nand Kishor;Chandra Deka, Ramesh;Jain, Suman L.; Green Chemistry; vol. 24; nb. 9; (2022); p. 3644 - 3650",2022,valid,ionic_liquid,acetonitrile
1053,Styrene oxide,"4-phenyl-1,3-dioxolan-2-one",59.0,90.0,0.1,,tetra-(n-butyl)ammonium iodide,,,,,,,,,,无溶剂,,,,"Goswami, Bappaditya;Khatua, Manas;Rani, Swati;Chatterjee, Robindo;Samanta, Subhas; Inorganic Chemis‐ try; vol. 63; nb. 50; (2024); p. 23630 - 23641",2024,valid,unknown,无溶剂
1054,Styrene oxide,"4-phenyl-1,3-dioxolan-2-one",73.9,100.0,1.60002,,DMAP,,,,,,,,,,无溶剂,,,,"Green chemistry Yasar, Eyyup;Aytar, Emine;Kilic, Ahmet; Inorganica Chimica Acta; vol. 577; (2025); Art.No: 122503",2025,valid,mixed_system,无溶剂
1055,Styrene oxide,"4-phenyl-1,3-dioxolan-2-one",95.0,120.0,,,tetra-(n-butyl)ammonium iodide,,,,,,,,,,,,,,"ejos, Rey Eliseo;Norr‐ rahim, Mohd Nor Faiz;Jadhav, Arvind H.; Applied Organometallic Chemistry; vol. 39; nb. 1; (2025); Art.No: e7910",2025,valid,unknown,
1057,Styrene oxide,"4-phenyl-1,3-dioxolan-2-one",99.0,85.0,1.00001,,tetrabutylammonium bromide,,,,,,,,,,,,,,"Pressure, Tempera‐ ture Fei, Yang;Gao, Yanpeng;Ren, Meiyu;Guo, Le;Fan, Liming;Zhang, Xiutang; Crystal Growth and Design; vol. 24; nb. 24; (2024); p. 10364 - 10372",2024,valid,ionic_liquid,
1058,Styrene oxide,"4-phenyl-1,3-dioxolan-2-one",96.0,100.0,1.00001,16.0,tetrabutylammonium bromide,2.5,iron(III) chloride,,,,,,,,ethanol,,,,"Reagent/ catalyst, Temperature, Pressure PatentUNIV DALIAN TECH;MERRO PHARMACEUTICAL CO LTD; DALIAN UNIVERSITY OF TECHNOLOGYDali‐ an University of Technology; CN118598842; (2024); (A) ChineseCHINA GRAND AUTOMOTIVE SERVICES CO., LTD.; DALIAN UNIVERSITY OF TECHNOLOGY",2024,valid,mixed_system,ethanol
1059,Styrene oxide,"4-phenyl-1,3-dioxolan-2-one",93.0,100.0,0.10133,,tetrabutylammonium bromide,,,,,,,,,,无溶剂,,,,"Reagent/ catalyst Habibi, Behnam;Soleimani Abhari, Paria;Eisari, Mohsen;Morsali, Ali;Yan, Xiao-Wei; Inorganic Chemistry; vol. 63; nb. 44; (2024); p. 21354 - 21363",2024,valid,ionic_liquid,无溶剂
1060,Styrene oxide,"4-phenyl-1,3-dioxolan-2-one",85.0,140.0,1.00001,,imidazolium chloride,,imidazolium,,,,,,,,,,,,"Flow reactor, Green chemistry, Reagent/catalyst Yu, Zhibo;Ishitani, Haruro;Kobayashi, Shu; Green Chemistry; vol. 26; nb. 23; (2024); p. 11548 - 11555",2024,valid,ionic_liquid,
1061,Styrene oxide,"4-phenyl-1,3-dioxolan-2-one",65.0,20.0,0.1,48.0,tetrabutylammonium bromide,,,,,,,,,,,,,,"Liu, Gao-Feng;Li, Zhi-Wei;Huang, Zi-Jun;Zhou, Zhiyuan;Li, Ying-Xian;Huang, Anlian;Cai, Ziyang;Ouyang, Gangfeng;Ye, Bao-Hui;Zhang, Yue-Biao; Journal of the American Chemical Society; vol. 147; nb. 2; (2025); p. 1840 - 1850",2025,valid,ionic_liquid,
1062,Styrene oxide,"4-phenyl-1,3-dioxolan-2-one",15.5,100.0,1.60002,2.0,DMAP,,,,,,,,,,无溶剂,,,,"Sogukomerogullari, Hatice Gamze;Aytar, Emine;?akmak, Re?it;Ba?aran, Eyüp; Journal of Organometallic Chemistry; vol. 1023; (2025); Art.No: 123424",2025,valid,mixed_system,无溶剂
1064,Styrene oxide,"4-phenyl-1,3-dioxolan-2-one",90.0,65.0,0.101325,10.0,tetrabutylammonium bromide,,,,,,,,,,ethyl acetate,,,,"4-8 : Example 4: Synthesis of Styrene Carbonate Catalyzed by Au13Ag12/Ac (Co-catalyst is Tetrabutylammo‐ nium Bromide) 1. Add 600 mg of raw material styrene oxide and 160 mg of co-catalyst tetrabutylammonium bromide in a molar ratio of 10:1 into a 10 mL Schlenk tube, and then add the supported gold-silver alloy nanocluster catalyst Au13Ag12/Ac (20 mg, 2wt%). The Schlenk tube was sealed with a rubber stopper and evacuated using a vacuum pump to remove residual air. A carbon dioxide balloon was attached. After stirring at 65 °C for 10 hours, the reaction mixture was cooled to room temperature and the carbon dioxide balloon was removed.2. Dissolve the reaction mixture with a sol‐ vent (such as ethyl acetate), remove the catalyst by centrifugation (10,000 rpm), and obtain the target product styr‐ ene carbonate. The yield is determined by gas chromatography (GC) to be 90%. With tetrabutylammomium bromide, Time= 10h, T= 65 °C , Schlenk technique, Sealed tube, Reagent/catalyst PatentUNIV ANHUI; ANHUI UNIVERSITYAnhui University; CN119060102; (2024); (A) ChineseANHUI UNIVERSI‐ TY",2024,valid,ionic_liquid,ethyl acetate
1066,Styrene oxide,"4-phenyl-1,3-dioxolan-2-one",48.0,25.0,0.1,12.0,tetrabutylammonium bromide,,,,,,,,,,无溶剂,,,,"Schlenk technique, Green chemistry Zhou, Yi;Zhao, Wenfeng; Applied Catalysis A: General; vol. 698; (2025); Art.No: 120249",2025,valid,ionic_liquid,无溶剂
1067,Styrene oxide,"4-phenyl-1,3-dioxolan-2-one",43.0,27.0,0.101325,18.0,tetra-(n-butyl)ammonium iodide,,,,,,,,,,,,,,"With tetra-(n-butyl)ammonium iodide, Time= 18h, T= 27 °C , Inert atmosphere Paliwal, Khushboo S.;Patra, Deepanjan;Roy, Avishek;Mitra, Antarip;Hazarika, Biplop Jyoti;Mahalingam, Ven‐ kataramanan; Inorganic Chemistry; vol. 64; nb. 4; (2025); p. 1808 - 1820",2025,valid,unknown,
1070,Styrene oxide,"4-phenyl-1,3-dioxolan-2-one",94.0,20.0,0.10133,24.0,tetra-(n-butyl)ammonium iodide,,,,,,,,,,无溶剂,,,,"Cat‐ alytic behavior, Reagent/catalyst Kumari, Nidhi;Das, Koushik;Chaudhary, Monika;Halder, Sandipan;Chakraborty, Biswarup; Small; vol. 21; nb. 20; (2025); Art.No: 2412256",2025,valid,unknown,无溶剂
1071,Styrene oxide,"4-phenyl-1,3-dioxolan-2-one",99.0,80.0,0.1,8.0,tetrabutylammonium bromide,,,,,,,,,,无溶剂,,,,"Reagent/catalyst, Time, Temperature Ye, Jing;Chen, Tianyu;Chai, Ning;Jiang, Qiao;Guo, Qingqing;Yi, Fei-Yan;Ma, Xinghua; Crystal Growth and De‐ sign; vol. 25; nb. 9; (2025); p. 2903 - 2912",2025,valid,ionic_liquid,无溶剂
1072,Styrene oxide,"4-phenyl-1,3-dioxolan-2-one",63.6,100.0,1.60002,2.0,pyridine,,lithium bromide,,DMAP,,,,,,无溶剂,,,,"Sealed tube, Green chemistry Aytar;Kibar; Inorganic Chemistry Communications; vol. 173; (2025); Art.No: 113909",2025,valid,mixed_system,无溶剂
1073,Styrene oxide,"4-phenyl-1,3-dioxolan-2-one",35.2,125.0,,24.0,tetrabutylammonium bromide,,,,,,,,,,,,,,"With tetrabutylammomium bromide in N,N-dimethyl-formamide, Time= 24h, T= 125 °C , Schlenk technique Bajaj, Sakshi;Ray, Saumi; Inorganic Chemistry; vol. 64; nb. 14; (2025); p. 6816 - 6821",2025,valid,ionic_liquid,
1074,Styrene oxide,"4-phenyl-1,3-dioxolan-2-one",98.7,75.0,0.10133,8.0,tetrabutylammonium bromide,,,,,,,,,,无溶剂,,,,"Catalytic behavior, Reagent/catalyst, Temperature Ren, Meiyu;Fei, Yang;Gao, Yanpeng;Fan, Liming;Hu, Tuoping;Zhang, Xiutang; Journal of Molecular Structure; vol. 1329; (2025); Art.No: 141361",2025,valid,ionic_liquid,无溶剂
1076,Styrene oxide,"4-phenyl-1,3-dioxolan-2-one",55.0,25.0,1.00001,24.0,tetrabutylammonium bromide,,,,,,,,,,DMF,,,,"Ji, Man;Liu, Shuang;Li, Lei-Lei;Liu, Xiao-Tong;Hu, Jin-Yi;Ma, Jia-Lin;Ma, Zi-Bin;Wang, Wen-Zhen;Yu, Hong- Jiang; Journal of Solid State Chemistry; vol. 350; (2025); Art.No: 125496",2025,valid,ionic_liquid,DMF
1077,Styrene oxide,"4-phenyl-1,3-dioxolan-2-one",55.0,20.0,0.1,12.0,tetrabutylammonium bromide,,,,,,,,,,无溶剂,,,,"Green chemistry AlFayi, Majed S.;Altalbawy, Farag M.A.;Mandaliya, Viralkumar;Ballal, Suhas;Sulaiman, Jameel M.A.;Bhanot, Deepak;Sharma, Girish Chandra;Chandra, Subhash;Shernazarov, Iskandar;Sead, Fadhel F.; Molecular Cataly‐ sis; vol. 579; (2025); Art.No: 115045",2025,valid,ionic_liquid,无溶剂
1078,Styrene oxide,"4-phenyl-1,3-dioxolan-2-one",98.0,80.0,0.10133,4.0,tetrabutylammonium bromide,,,,,,,,,,,,,,"Temperature Zhang, Tao;Liang, Shujun;Jia, Shuai;Cui, Haibo;Wang, Xinyi;Zhang, Xiutang; RSC Advances; vol. 15; nb. 22; (2025); p. 17811 - 17818",2025,valid,ionic_liquid,
1081,Styrene oxide,"4-phenyl-1,3-dioxolan-2-one",97.0,65.0,0.10133,6.0,tetrabutylammonium bromide,,,,,,,,,,无溶剂,,,,"Kinetics, Cata‐ lytic behavior, Temperature, Reagent/catalyst, Pressure Zhang, Tao;Liang, Shujun;Jia, Shuai;Qin, Qi-Pin;Zhang, Xiutang; Crystal Growth and Design; vol. 25; nb. 15; (2025); p. 5979 - 5990",2025,valid,ionic_liquid,无溶剂
1082,Styrene oxide,"4-phenyl-1,3-dioxolan-2-one",99.0,130.0,,24.0,lithium bromide,,,,,,,,,,,,,,"2.3. General procedures for the cycloaddition reaction of CO2 with the epoxides General procedure: A 25 mL autoclave was loaded with the epoxide (12.75 mmol) along with the catalysts [(HO)3- ImtTbIP or ImtTbIP]. The reactor was then sealed and purged with CO2 to eliminate any air inside. CO2 was subse‐ quently introduced into the reactor at a constant pressure, and the reactor was immersed in a pre-heated oil bath with the agitation speed of 800 rpm. After the appropriate reaction time, the reactor was cooled down to room tem‐ perature, and the gas was released. The resulting products were analyzed using GC. Yield of cyclic carbonate (%):=(Moles of cyclic carbonate produced/Moles of epoxide substrate used) × 100 %. Selectivity to cyclic carbonate (%):=(Moles of cyclic carbonateproduced/Moles of epoxide converted) × 100 %. Moles of cyclic carbonate were de‐ termined exclusively by GC using calibration curves generated from pure standards. With ionic polymer achieved through the quaternarization of 1,2,4,5-tetrakis(bromomethyl)benzene with 2,4,6- tris(4-(1H-imidazole-1-yl)phenyl)-1,3,5-triazine and 2-(hydroxymethyl)-2-(1H-imidazole-1-yl)propane-1,3-diol, Time= 24h, T= 130 °C , Autoclave, Catalytic behavior, Temperature Xu, Xiahong;Sui, Yan;Chen, Wentong;Li, Xiaodan;Li, Yuntong;Zhong, Hong;Huang, Wei; Polymer; vol. 337; (2025); Art.No: 128968",2025,valid,metal_halide,
1083,Styrene oxide,"4-phenyl-1,3-dioxolan-2-one",87.0,50.0,0.10133,12.0,tetrabutylammonium bromide,,,,,,,,,,无溶剂,,,,"Tu, Chang-Zheng;He, Chixian;Li, Si;Yin, Hongju;Liu, Jian-Jun;Cheng, Feixiang;Yang, Yuting; Crystal Growth and Design; vol. 25; nb. 15; (2025); p. 5907 - 5914",2025,valid,ionic_liquid,无溶剂
1085,Styrene oxide,"4-phenyl-1,3-dioxolan-2-one",96.0,60.0,0.10133,18.0,tetrabutylammonium bromide,,,,,,,,,,无溶剂,,,,"Temperature, Re‐ agent/catalyst, Time Xu, Wangfu;Qin, Xiaohan;Xiong, Gui;Cheng, Qiu-Hong;Zhang, Xiang-Yu;Huang, Kun; Crystal Growth and De‐ sign; vol. 25; nb. 18; (2025); p. 7601 - 7607",2025,valid,ionic_liquid,无溶剂
1086,Styrene oxide,"4-phenyl-1,3-dioxolan-2-one",98.0,80.0,0.1,12.0,tetrabutylammonium bromide,,,,,,,,,,无溶剂,,,,"Catalytic behavior, Reagent/catalyst, Temperature Pandit, Atanu;Mondal, Partha Pratim;Singh, Manpreet;Neogi, Subhadip; Inorganic Chemistry; vol. 64; nb. 26; (2025); p. 13245 - 13256",2025,valid,ionic_liquid,无溶剂
1087,Styrene oxide,"4-phenyl-1,3-dioxolan-2-one",89.9,80.0,0.10133,18.0,tetrabutylammonium bromide,,,,,,,,,,无溶剂,,,,"Reagent/catalyst, Temperature Qin, Xiaohan;Shen, Simin;Xu, Mengling;Xu, Wangfu;Huang, Kun;Zhang, Xiang-Yu; Inorganic Chemistry; vol. 64; nb. 26; (2025); p. 13499 - 13506",2025,valid,ionic_liquid,无溶剂
1088,Styrene oxide,"4-phenyl-1,3-dioxolan-2-one",94.5,90.0,0.10133,24.0,imidazolium,,,,,,,,,,无溶剂,,,,"Temperature Zhou, Jie;Yu, Wen-Wang;Meng, Xiang-Guang;Li, Wen;Chu, Dan-Dan; Catalysis Letters; vol. 155; nb. 10; (2025); Art.No: 330",2025,valid,ionic_liquid,无溶剂
1089,Styrene oxide,"4-phenyl-1,3-dioxolan-2-one",96.0,60.0,0.10133,18.0,tetrabutylammonium bromide,,,,,,,,,,acetonitrile,,,,"Catalytic behavior, Temperature, Time Xiong, Gui;Xu, Mengling;Qin, Xiaohan;Xiong, Chaodan;Huang, Kun;Zhang, Xiang-Yu; Inorganic Chemistry; vol. 64; nb. 34; (2025); p. 17244 - 17254",2025,valid,ionic_liquid,acetonitrile
1090,Styrene oxide,"4-phenyl-1,3-dioxolan-2-one",95.0,100.0,0.1,12.0,tetrabutylammonium bromide,,,,,,,,,,无溶剂,,,,"Reagent/catalyst, Temperature Bera, Priti;Sundari, Kalimuthu Abirami;Karthik, Veerappan;Das, Pritam;Cha, Pil-Ryung;Dhakshinamoorthy, Amarajothi;Biswas, Shyam; Inorganic Chemistry; vol. 64; nb. 29; (2025); p. 15078 - 15087",2025,valid,ionic_liquid,无溶剂
1092,Styrene oxide,"4-phenyl-1,3-dioxolan-2-one",95.0,80.0,1.00001,54.0,tetrabutylammonium bromide,,,,,,,,,,,,,,"Time Shi, Wei;Xiang, Dexuan;Chen, Qingyao;Qiu, Simei;Xiang, Shulei;Liu, Jingjing;Ouyang, Yuejun;Tang, Lili; Ap‐ plied Organometallic Chemistry; vol. 39; nb. 11; (2025); Art.No: e70425",2025,valid,ionic_liquid,
1094,Styrene oxide,"4-phenyl-1,3-dioxolan-2-one",96.95,120.0,1.00001,6.0,tetrabutylammonium bromide,,,,,,,,,,无溶剂,,,,"Catalytic behavior, Reagent/catalyst, Temperature Guo, Yanke;Liu, Shiyue;Liu, Xu;Wang, Tingting;Li, Renhao;Song, Xiaowei;Zhong, Rong-Lin;Liang, Zhiqiang; Inorganic Chemistry; vol. 64; nb. 37; (2025); p. 19132 - 19140",2025,valid,ionic_liquid,无溶剂
1095,Styrene oxide,"4-phenyl-1,3-dioxolan-2-one",88.0,130.0,1.00001,24.0,pyridine,,,,,,,,,,,,,,"Khazaei, Zahra;Mohammadikish, Maryam; Dalton Transactions; vol. 54; nb. 38; (2025); p. 14513 - 14521",2025,valid,organic_base,
1096,Styrene oxide,"4-phenyl-1,3-dioxolan-2-one",89.0,70.0,,12.0,tetrabutylammonium bromide,,,,,,,,,,,,,,"With tetrabutylammomium bromide, Time= 12h, T= 70 °C , Irradiation Hu, Bo;Guo, Xiaoyu;Dang, Zhuo;Li, Jun;Lei, Lin; Applied Organometallic Chemistry; vol. 39; nb. 12; (2025); Art.No: e70454",2025,valid,ionic_liquid,
1097,Styrene oxide,"4-phenyl-1,3-dioxolan-2-one",97.0,120.0,1.00001,1.0,tetrabutylammonium bromide,,,,,,,,,,无溶剂,,,,"Reagent/catalyst, Temperature Song, Xue-Qin;Zhao, Peng-Li;Yang, Yi-Yi;Qiu, Peng-Fei; Journal of Molecular Structure; vol. 1354; (2026); Art.No: 144860",2026,valid,ionic_liquid,无溶剂
1098,Styrene oxide,"4-phenyl-1,3-dioxolan-2-one",98.0,80.0,,4.0,tetrabutylammonium bromide,,,,,,,,,,无溶剂,,,,"2.5.Catalyst activation and general procedure General procedure: Prior to catalysis, NUC-155 was activated in two steps: (i) solvent exchange of the as-synthe‐ sized crystals with methanol (72 h), and (ii) vacuum drying (12 h) to remove methanol and coordinated DMF, afford‐ ing NUC-155a. Cycloaddition reactions were performed (solvent- free unless noted) in a PTFE-lined autoclave charged with the epoxide and NUC-155a and connected to a CO2 cylinder via a pressure regulator. 2-(Trifluorometh‐ yl)oxirane (TFO) served as the model substrate for condition optimization; thereafter, epoxides bearing electron- withdrawing, electron-donating, and sterically demanding substituents were examined to assess substrate scope. Af‐ ter reaction, the mixture was diluted with ethyl acetate, and the heterogeneous catalyst was recovered by centrifuga‐ tion. For recycling, the separated NUC-155a was washed twice with dichloromethane (DCM), dried under vacuum, and reused in subsequent runs. With tetrabutylammomium bromide in neat (no solvent), Time= 4h, T= 80 °C , Autoclave, Catalytic behavior Fei, Yang;Lei, Qingjuan;Fan, Liming;Hu, Tuoping;Qin, Qi-Pin;Zhang, Xiutang; Journal of Catalysis; vol. 453; (2026); Art.No: 116580",2026,valid,ionic_liquid,无溶剂
1099,Styrene oxide,"4-phenyl-1,3-dioxolan-2-one",98.0,120.0,0.50001,24.0,pyridine,,,,,,,,,,,,,,"Reagent/catalyst, Temperature, Pressure Liao, Quanlan;Cao, Jianxin;Zhao, Tianxiang; Chemical Communications; vol. 61; nb. 97; (2025); p. 19289 - 19292",2025,valid,organic_base,
1101,Styrene oxide,"4-phenyl-1,3-dioxolan-2-one",99.0,80.0,0.80001,3.0,tetrabutylammonium bromide,,,,,,,,,,无溶剂,,,,"Reagent/catalyst, Temperature Li, Yanmei;Fan, Liming;Hu, Tuoping;Qin, Qi-Pin;Zhang, Xiutang; Crystal Growth and Design; vol. 25; nb. 21; (2025); p. 9160 - 9170",2025,valid,ionic_liquid,无溶剂
1102,Styrene oxide,"4-phenyl-1,3-dioxolan-2-one",99.0,120.0,3.00005,6.0,tetrabutylammonium bromide,,,,,,,,,,,,,,"Sealed tube, Catalytic behavior, Reagent/catalyst Jaiswal, Deeksha;Sharma, Chandan;Roy, Sudipta;Pandey, Prabhakar K.;Quiyoom, Abdul;Kumar, Vinod;Che‐ brolu, Seetaram;Rakshit, Pranab K.;Singh, Jayant K.;Bera, Jitendra K.; Chemical Communications; vol. 61; nb. 90; (2025); p. 17693 - 17696",2025,valid,ionic_liquid,
1103,Styrene oxide,"4-phenyl-1,3-dioxolan-2-one",97.0,80.0,0.10133,3.0,tetrabutylammonium bromide,,,,,,,,,,无溶剂,,,,"Guo, Kaisong;Lei, Qingjuan;Zhang, Zhengguo;Qin, Qi-Pin;Zhang, Xiutang; Journal of Molecular Structure; vol. 1352; (2026); Art.No: 144557",2026,valid,ionic_liquid,无溶剂
1104,Styrene oxide,"4-phenyl-1,3-dioxolan-2-one",95.0,100.0,0.1,40.0,iron(III) chloride,,,,,,,,,,,,,,"Sealed tube, Catalytic behavior, Time Liu, Jingjing;Xiang, Shulei;Xiang, Dexuan;Wu, Jingao;Xu, Hongliang;Chen, Gui;Zhang, Zaixing;Yuan, Fei‐ peng;Ouyang, Yuejun; Journal of Materials Chemistry A; (2026)",2026,valid,metal_halide,
1105,Styrene oxide,"4-phenyl-1,3-dioxolan-2-one",43.4,100.0,1.60002,2.0,DMAP,,,,,,,,,,无溶剂,,,,"Da?, Ay?e Kazanc?;Aytar, Emine;K?se, Ay?egül;Ispir, Esin; Journal of Organometallic Chemistry; vol. 1047; (2026); Art.No: 124028",2026,valid,mixed_system,无溶剂
1106,Styrene oxide,"4-phenyl-1,3-dioxolan-2-one",95.0,100.0,0.1,24.0,tetrabutylammonium bromide,,,,,,,,,,,,,,"Chen, Muhua;Wang, Yuqing;Li, Mengting;Fu, Bo;Tan, Jihuai;Li, Licheng;Chen, MeisiS0926860X25006313; Ap‐ plied Catalysis A: General; vol. 711; (2026); Art.No: 120729",2026,valid,ionic_liquid,
1108,Styrene oxide,"4-phenyl-1,3-dioxolan-2-one",33.8,26.8,1.00001,10.0,tetrabutylammonium bromide,,,,,,,,,,acetonitrile,,,,"Lv, Yajing;Yan, Haohao;Ye, Wenhui;Ye, Lin;Chen, Jinmei;Lin, Yutong;Zhu, Shuying;Sun, Dengrong;Liu, Xiyao;Liang, Ruowen; Molecules; vol. 31; nb. 5; (2026); Art.No: 902",2026,valid,ionic_liquid,acetonitrile
1109,Propylene oxide,"4-methyl-1,3-dioxolan-2-one",100.0,60.0,5.37788,40.0,DMAP,,,,,,,,,,,,,,"Kruper, William J.; Dellar, David V.; Journal of Organic Chemistry; vol. 60; nb. 3; (1995); p. 725 - 727",1995,valid,mixed_system,
1110,Propylene oxide,"4-methyl-1,3-dioxolan-2-one",100.0,120.0,3.99998,4.0,triphenylphosphine,,sodium iodide,,,,,,,,,,,,"Huang, Jin-Wen; Shi, Min; Journal of Organic Chemistry; vol. 68; nb. 17; (2003); p. 6705 - 6709",2003,valid,metal_halide,
1113,Propylene oxide,"4-methyl-1,3-dioxolan-2-one",100.0,120.0,3.57006,48.0,DMAP,,,,,,,,,,,,,,"Shen, Yu-Mei; Duan, Wei-Liang; Shi, Min; European Journal of Organic Chemistry; nb. 14; (2004); p. 3080 - 3089",2004,valid,mixed_system,
1114,Propylene oxide,"4-methyl-1,3-dioxolan-2-one",100.0,120.0,3.57006,48.0,DMAP,,,,,,,,,,dichloromethane,,,,"Product distribution, Further Variations: Reagents Shen, Yu-Mei; Duan, Wei-Liang; Shi, Min; Advanced Synthesis and Catalysis; vol. 345; nb. 3; (2003); p. 337 - 340",2003,valid,mixed_system,dichloromethane
1115,Propylene oxide,"4-methyl-1,3-dioxolan-2-one",100.0,100.0,3.44745,16.0,triethylamine,,salen,,,,,,,,dichloromethane,,,,"Shen, Yu-Mei; Duan, Wei-Liang; Shi, Min; Journal of Organic Chemistry; vol. 68; nb. 4; (2003); p. 1559 - 1562",2003,valid,organic_base,dichloromethane
1116,Propylene oxide,"4-methyl-1,3-dioxolan-2-one",100.0,120.0,2.00003,8.0,imidazolium,,,,,,,,,,dichloromethane,,,,"Zhou, Hui; Zhang, Wen-Zhen; Liu, Cui-Hua; Qu, Jing-Ping; Lu, Xiao-Bing; Journal of Organic Chemistry; vol. 73; nb. 20; (2008); p. 8039 - 8044",2008,valid,ionic_liquid,dichloromethane
1117,Propylene oxide,"4-methyl-1,3-dioxolan-2-one",100.0,120.0,2.00003,3.0,DMAP,,,,,,,,,,,,,,"Ghosh, Anindya; Ramidi, Punnamchandar; Pulla, Sharon; Sullivan, Shane Z.; Collom, Samuel L.; Gartia, Yashraj; Munshi, Pradip; Biris, Alexandru S.; Noll, Bruce C.; Berry, Brian C.; Catalysis Letters; vol. 137; nb. 1-2; (2010); p. 1 - 7",2010,valid,mixed_system,
1119,Propylene oxide,"4-methyl-1,3-dioxolan-2-one",100.0,110.0,1.50002,1.0,zinc dibromide,,,,,,,,,,无溶剂,,,,"neat (no solvent) Cheng, Weiguo; Fu, Zengzeng; Wang, Jinquan; Sun, Jian; Zhang, Suojiang; Synthetic Communications; vol. 42; nb. 17; (2012); p. 2564 - 2573",2012,valid,metal_halide,无溶剂
1120,Propylene oxide,"4-methyl-1,3-dioxolan-2-one",100.0,45.0,1.00001,18.0,tetra-(n-butyl)ammonium iodide,,,,,,,,,,,,,,"Whiteoak, Christopher J.; Nova, Ainara; Maseras, Feliu; Kleij, Arjan W.; ChemSusChem; vol. 5; nb. 10; (2012); p. 2032 - 2038",2012,valid,unknown,
1121,Propylene oxide,"4-methyl-1,3-dioxolan-2-one",100.0,45.0,1.00001,66.0,tetra-(n-butyl)ammonium iodide,,,,,,,,,,无溶剂,,,,"Kielland, Nicola; Escudero-Adan, Eduardo C.; Martinez Belmonte, Marta; Kleij, Arjan W.; Dalton Transactions; vol. 42; nb. 5; (2013); p. 1427 - 1436",2013,valid,unknown,无溶剂
1122,Propylene oxide,"4-methyl-1,3-dioxolan-2-one",100.0,80.0,5.00008,20.0,tetra-(n-butyl)ammonium iodide,,,,,,,,,,,,,,"Catalytic behavior, Temperature, Reagent/catalyst Fuchs; Altesleben; Staudt; Walter; Zevaco; Dinjus; Catalysis science and technology; vol. 4; nb. 6; (2014); p. 1658 - 1673",2014,valid,unknown,
1123,Propylene oxide,"4-methyl-1,3-dioxolan-2-one",100.0,140.0,1.00001,6.0,imidazolium,,,,,,,,,,,,,,"Pressure Qin, Li; Wang, Binshen; Zhang, Yongya; Chen, Li; Gao, Guohua; Chemical Communications; vol. 53; nb. 26; (2017); p. 3785 - 3788",2017,valid,ionic_liquid,
1124,Propylene oxide,"4-methyl-1,3-dioxolan-2-one",100.0,50.0,1.00001,15.0,tetrabutylammonium bromide,,,,,,,,,,,,,,"Reagent/catalyst Sobrino, Sonia; Navarro, Marta; Fernández-Baeza, Juan; Sánchez-Barba, Luis F.; Garcés, Andrés; Lara-Sán‐ chez, Agustín; Castro-Osma, José A.; Dalton Transactions; vol. 48; nb. 28; (2019); p. 10733 - 10742",2019,valid,ionic_liquid,
1125,Propylene oxide,"4-methyl-1,3-dioxolan-2-one",100.0,80.0,0.20266,,tetrabutylammonium bromide,,,,,,,,,,,,,,Ganina;Bondarenko;Isaeva;Kustov;Beletskaya; Russian Journal of Organic Chemistry; vol. 55; nb. 12; (2019); p. 1813 - 1820; Zh. Org. Khim.; vol. 55; nb. 12; (2019); p. 1813 - 1821,2019,valid,ionic_liquid,
1126,Propylene oxide,"4-methyl-1,3-dioxolan-2-one",100.0,80.0,1.00001,,tetrabutylammonium bromide,,,,,,,,,,,,,,"Ke, Shan-Chao;Luo, Ting-Ting;Chang, Gang-Gang;Huang, Ke-Xin;Li, Jia-Xin;Ma, Xiao-Chen;Wu, Jian;Chen, Jian;Yang, Xiao-Yu; Inorganic Chemistry; vol. 59; nb. 3; (2020); p. 1736 - 1745",2020,valid,ionic_liquid,
1128,Propylene oxide,"4-methyl-1,3-dioxolan-2-one",100.0,28.0,0.10133,24.0,tetrabutylammonium bromide,,,,,,,,,,无溶剂,,,,"Chakraborty, Gouri; Das, Prasenjit; Mandal, Sanjay K.; Inorganic Chemistry; vol. 60; nb. 7; (2021); p. 5071 - 5080",2021,valid,ionic_liquid,无溶剂
1129,Propylene oxide,"4-methyl-1,3-dioxolan-2-one",100.0,50.0,0.1,,tetrabutylammonium bromide,,,,,,,,,,无溶剂,,,,"Reagent/ catalyst, Temperature Ji, Jinhua; Liu, Hao; Chen, Zewei; Fu, Yajun; Yang, Weijun; Yin, Shuang-Feng; Chemistry - A European Journal; vol. 27; nb. 43; (2021); p. 11102 - 11109",2021,valid,ionic_liquid,无溶剂
1131,Propylene oxide,"4-methyl-1,3-dioxolan-2-one",100.0,80.0,1.0,4.0,tetrabutylammonium bromide,,,,,,,,,,,,,,"2 : Example 2. In the embodiment 1, the carbon dioxide captured amine solution was treated for 24 hours, and propylene oxide (4.5 g, 77.5 mmol), aliphatic quaternary ammonium bromide catalyst (0.5 mmol) and 15 g of deglame solvent listed in Table 2 were added to the amine solution in which carbon dioxide was captured, and reacted at 80 °C for 4 hours under a nitrogen atmosphere of 10 bar to obtain a solution in which propylene carbonate (PC) was produced.After that, air containing carbon dioxide was injected into the solution in which the propylene carbonate was generated for 24 hours, and the solution in which layer separation occurred was decanted into the solvent layer and the gel layer. A solvent layer containing the solvent and propylene carbonate and a gel layer containing the carbon dioxide captur‐ er, carbon dioxide, and a catalyst were obtained through layer separation, and a 1h NMR analysis (400 MHz, Bruck‐ er) was performed.As a result, it was found that there were differences in the amount of propylene carbonate pro‐ duced and the results of layer separation depending on the type of catalyst used (see Table 2). The alkyl group TMAB or TEAB with short length was not or low in reactivity, and propylene carbonate was detected in the degram layer when CTAB, TPAB, or TBAB was used as a catalyst, confirming that the PC conversion reactivity was excellent With tetrabutylammomium bromide in diethylene glycol dimethyl ether, Time= 4h, T= 80 °C , Reagent/catalyst PatentKOREA INSTITUTE OF SCIENCE AND TECHNOLOGY; KOREA INSTITUTE OF SCIENCE AND TECH‐ NOLOGYKIST Korea; WO2026/10038; (2026); (A1) KoreanKOREA INSTITUTE OF SCIENCE AND TECHNOLOGY",2026,valid,ionic_liquid,
1132,Propylene oxide,"4-methyl-1,3-dioxolan-2-one",99.0,120.0,4.90297,0.67,tetraphenylstibonium bromide,,,,,,,,,,,,,,"other catalysts, var. of condi‐ tions, Product distribution Nomura, Ryoki; Ninagawa, Akira; Matsuda, Haruo; Journal of Organic Chemistry; vol. 45; nb. 19; (1980); p. 3735 -3738",1980,valid,ionic_liquid,
1133,Propylene oxide,"4-methyl-1,3-dioxolan-2-one",99.0,120.0,,0.67,tetraphenylstibonium bromide,,,,,,,,,,,,,,"With tetraphenylstibonium bromide, Time= 0.666667h, T= 120 °C , other catalysts, various conditions Nomura, Ryoki; Ninagawa, Akira; Matsuda, Haruo; Journal of Organic Chemistry; vol. 45; nb. 19; (1980); p. 3735 -3738",1980,valid,ionic_liquid,
1134,Propylene oxide,"4-methyl-1,3-dioxolan-2-one",99.0,120.0,,1.0,tetrabutylammonium bromide,,nickel(II) chloride,,triphenylphosphine,,,,,,,,,,"With tetrabutylammomium bromide, triphenylphosphine, zinc, bis(triphenylphosphine)nickel(II) chloride, Time= 1h, T= 120 °C Li, Fuwei; Xia, Chungu; Xu, Liwen; Sun, Wei; Chen, Gexin; Chemical Communications; nb. 16; (2003); p. 2042 - 2043",2003,valid,mixed_system,
1138,Propylene oxide,"4-methyl-1,3-dioxolan-2-one",99.0,110.0,1.62002,3.0,imidazolium,,,,,,,,,,,,,,"Han, Lina; Choi, Hye-Ji; Choi, Soo-Jin; Liu, Binyuan; Park, Dae-Won; Green Chemistry; vol. 13; nb. 4; (2011); p. 1023 - 1028",2011,valid,ionic_liquid,
1141,Propylene oxide,"4-methyl-1,3-dioxolan-2-one",99.0,0.0,0.80001,6.0,tetra-(n-butyl)ammonium iodide,,,,,,,,,,,,,,"Green chemistry, Catalytic behavior, Temperature, Time, Reagent/catalyst Bai, Dongsheng; Jing, Huanwang; Wang, Guangjian; Applied Organometallic Chemistry; vol. 26; nb. 11; (2012); p. 600 - 603",2012,valid,unknown,
1142,Propylene oxide,"4-methyl-1,3-dioxolan-2-one",99.0,130.0,2.50004,4.0,imidazolium bromide,,,,,,,,,,,,,,"Time, Reagent/catalyst Shi, Tian-Yuan; Wang, Jin-Quan; Sun, Jian; Wang, Ming-Hui; Cheng, Wei-Guo; Zhang, Suo-Jiang; RSC Ad‐ vances; vol. 3; nb. 11; (2013); p. 3726 - 3732",2013,valid,ionic_liquid,
1143,Propylene oxide,"4-methyl-1,3-dioxolan-2-one",99.0,150.0,1.21598,4.0,potassium iodide,,,,,,,,,,,,,,"Reagent/catalyst, Time, Concentration, Pressure, Temperature Bai, Dongsheng; Nian, Guanghui; Wang, Guangjian; Wang, Zhongzhen; Applied Organometallic Chemistry; vol. 27; nb. 3; (2013); p. 184 - 187",2013,valid,metal_halide,
1144,Propylene oxide,"4-methyl-1,3-dioxolan-2-one",99.0,130.0,2.1698,5.0,DMAP,,,,,,,,,,,,,,"Heating, Catalytic behavior, Reagent/cata‐ lyst, Temperature, Pressure, Concentration, Time Ramidi, Punnamchandar; Gerasimchuk, Nikolay; Gartia, Yashraj; Felton, Charlette M.; Ghosh, Anindya; Dal‐ ton Transactions; vol. 42; nb. 36; (2013); p. 13151 - 13160",2013,valid,mixed_system,
1145,Propylene oxide,"4-methyl-1,3-dioxolan-2-one",99.7,140.0,3.00005,8.0,tetra-(n-butyl)ammonium iodide,,,,,,,,,,,,,,"Qiu, Renhua; Meng, Zhengong; Yin, Shuangfeng; Song, Xingxing; Tan, Nianyuan; Zhou, Yongbo; Yu, Kun; Xu, Xinhua; Luo, Shenglian; Au, Chak-Tong; Wong, Wai-Yeung; Collection of Czechoslovak Chemical Communi‐ cations; vol. 77; nb. 5; (2012); p. 404 - 410",2012,valid,unknown,
1146,Propylene oxide,"4-methyl-1,3-dioxolan-2-one",99.0,120.0,3.00005,4.0,1-butyl-3-methylimidazolium bromide,,zinc dibromide,,[BMIM]Br,,BMIM,,,,,,,,"Wang, Fang; Xu, Chuanzhi; Li, Zhen; Xia, Chungu; Chen, Jing; Journal of Molecular Catalysis A: Chemical; vol. 385; (2014); p. 133 - 140",2014,valid,mixed_system,
1147,Propylene oxide,"4-methyl-1,3-dioxolan-2-one",99.0,100.0,2.00003,4.5,tetrabutylammonium chloride,,,,,,,,,,无溶剂,,,,"Elmas, Sait; Subhani, Muhammad A.; Harrer, Marcus; Leitner, Walter; Sundermeyer, Joerg; Mueller, Thomas E.; Catalysis science and technology; vol. 4; nb. 6; (2014); p. 1652 - 1657",2014,valid,ionic_liquid,无溶剂
1149,Propylene oxide,"4-methyl-1,3-dioxolan-2-one",99.0,90.0,1.00001,3.0,tri-n-butyl(2-hydroxyethyl)phosphonium iodide,,,,,,,,,,无溶剂,,,,"Werner, Thomas; Büttner, Hendrik; ChemSusChem; vol. 7; nb. 12; (2014); p. 3268 - 3271",2014,valid,ionic_liquid,无溶剂
1150,Propylene oxide,"4-methyl-1,3-dioxolan-2-one",99.0,90.0,0.50001,2.0,tri-n-butyl(2-hydroxyethyl)ammonium iodide,,,,,,,,,,无溶剂,,,,"Auto‐ clave, Temperature, Pressure Büttner, Hendrik; Lau, Kornelia; Spannenberg, Anke; Werner, Thomas; ChemCatChem; vol. 7; nb. 3; (2015); p. 459 - 467",2015,valid,ionic_liquid,无溶剂
1151,Propylene oxide,"4-methyl-1,3-dioxolan-2-one",99.0,100.0,2.00003,16.0,tetrabutylammonium chloride,,,,,,,,,,water,,,,"Temperature, Reagent/catalyst PatentBayer MaterialScience AG; COVESTRO DEUTSCHLAND; US2015/203467; (2015); (A1) EnglishADNOC (in: Gov. of Abu Dhabi); GOVERNMENT OF ABU DHABI; Covestro (in: Gov. of Abu Dhabi)",2015,valid,ionic_liquid,water
1152,Propylene oxide,"4-methyl-1,3-dioxolan-2-one",99.0,150.0,1.40003,5.0,tetrabutylammonium bromide,,,,,,,,,,,,,,"Catalytic behavior, Temperature, Time, Reagent/catalyst, Pressure Bai, Dongsheng; Zhang, Zhiyong; Wang, Guangjian; Ma, Fang; Applied Organometallic Chemistry; vol. 29; nb. 4; (2015); p. 240 - 243",2015,valid,ionic_liquid,
1153,Propylene oxide,"4-methyl-1,3-dioxolan-2-one",99.0,140.0,2.00003,4.0,imidazolium bromide,,,,,,,,,,water,,,,"Catalytic behavior, Reagent/catalyst, Temperature, Pressure Zhang, Wei-Hong; He, Pan-Pan; Wu, Sheng; Xu, Jie; Li, Yongxin; Zhang, Gen; Wei, Xian-Yong; Applied Cataly‐ sis A: General; vol. 509; (2016); p. 111 - 117",2016,valid,ionic_liquid,water
1154,Propylene oxide,"4-methyl-1,3-dioxolan-2-one",99.0,90.0,1.00001,3.0,tri-n-butyl(2-hydroxyethyl)phosphonium iodide,,,,,,,,,,,,,,"Temperature Büttner, Hendrik; Steinbauer, Johannes; Werner, Thomas; ChemSusChem; vol. 8; nb. 16; (2015); p. 2655 - 2669",2015,valid,ionic_liquid,
1155,Propylene oxide,"4-methyl-1,3-dioxolan-2-one",99.0,80.0,1.20002,6.0,tetrabutylammonium bromide,,,,,,,,,,,,,,"Cata‐ lytic behavior, Reagent/catalyst, Temperature, Pressure Kathalikkattil, Amal Cherian; Babu, Robin; Roshan, Roshith Kuruppathparambil; Lee, Hankyul; Kim, Hyung‐ jun; Tharun, Jose; Suresh, Eringathodi; Park, Dae-Won; Journal of Materials Chemistry A; vol. 3; nb. 45; (2015); p. 22636 - 22647",2015,valid,ionic_liquid,
1158,Propylene oxide,"4-methyl-1,3-dioxolan-2-one",99.0,70.0,0.50001,18.0,ethylenediaminetetraacetic acid,,tetrabutylammonium bromide,,,,,,,,water,ethyl acetate,,,"Auto‐ clave Liu, Xiao-Fang; Song, Qing-Wen; Zhang, Shuai; He, Liang-Nian; Catalysis Today; vol. 263; (2016); p. 69 - 74",2016,valid,ionic_liquid,water; ethyl acetate
1160,Propylene oxide,"4-methyl-1,3-dioxolan-2-one",99.0,75.0,1.00001,6.0,tetra-(n-butyl)ammonium iodide,,,,,,,,,,无溶剂,,,,"Inert atmosphere, Sealed tube, Catalytic behavior, Temperature, Time, Reagent/catalyst, Pressure Wani, Mohmmad Y.; Kumar, Santosh; Arranja, Claudia T.; Dias, Carlos M. F.; Sobral, Abilio J. F. N.; New Jour‐ nal of Chemistry; vol. 40; nb. 6; (2016); p. 4974 - 4980",2016,valid,unknown,无溶剂
1162,Propylene oxide,"4-methyl-1,3-dioxolan-2-one",99.0,20.0,2.0,16.0,tetrabutylammonium chloride,,,,,,,,,,,,,,"1-1-5 : Synthesis of cyclic propylene carbonate using the complex [Cr (babhq) OC (O) CF 3] from Example 1-1 in the presence of TBACl and 1,8-octanediol Cr (III) catalyst [Cr (babhq) OC (O) CF3] (10.6 mg, 0.020 mmol)Tetrabutylammonium chloride (TBAC1, 24.0 mg, 0.086 mmol),A solution of 1,8-octanediol (126 mg, 0.862 mmol)And propylene oxide (9.4 mL, 133 mmol)Was charg‐ ed in a 160 mL autoclave equipped with a hollow shaft stirrer,(20 bar) at room temperature (propylene oxide / cata‐ lyst / TBACl molar ratio = 4304/1 / 4.1).The reaction mixture was then heated to & lt; RTI ID = 0.0 & gt; 100 C & (Over a period of 10 minutes)And stirred at 700 rpm for 16 hours.The autoclave was then cooled to 15 under the aid of an ice bath and the excess CO2 excess pressure was slowly released. After opening the autoclave, an NMR sam‐ ple was taken for quantitative analysis and measured in CDCl3. With 1,8-Octanediol, C24H19CoF3N3O4, tetrabutyl-ammonium chloride, Time= 16h, T= 20 - 100 °C , Autoclave, Re‐ agent/catalyst PatentBAYER MATERIALSCIENCE AG; COVESTRO DEUTSCHLAND; KR2015/44896; (2015); (A) KoreanADNOC (in: Gov. of Abu Dhabi); GOVERNMENT OF ABU DHABI; Covestro (in: Gov. of Abu Dhabi)",2015,valid,ionic_liquid,
1164,Propylene oxide,"4-methyl-1,3-dioxolan-2-one",99.0,40.0,0.1,1.0,tetrabutylammonium bromide,,,,,,,,,,,,,,"Industrial scale, Catalytic be‐ havior, Reagent/catalyst, Temperature Chen, Yaju; Luo, Rongchang; Xu, Qihang; Zhang, Wuying; Zhou, Xiantai; Ji, Hongbing; ChemCatChem; vol. 9; nb. 5; (2017); p. 767 - 773",2017,valid,ionic_liquid,
1167,Propylene oxide,"4-methyl-1,3-dioxolan-2-one",99.2,100.0,3.00005,1.0,tetrabutylammonium bromide,,,,,,,,,,,,,,"Xiong, Jian; Yang, Rui-Xia; Xie, Yong; Huang, Nian-Yu; Zou, Kun; Deng, Wei-Qiao; ChemCatChem; vol. 9; nb. 13; (2017); p. 2584 - 2587",2017,valid,ionic_liquid,
1171,Propylene oxide,"4-methyl-1,3-dioxolan-2-one",99.0,,1.20002,0.17,pyridinium,,,,,,,,,,ethanol,water,,,"Microwave irradiation, Catalytic behavior, Reagent/catalyst, Solvent Babu, Robin; Kurisingal, Jintu Francis; Chang, Jong-San; Park, Dae-Won; ChemSusChem; vol. 11; nb. 5; (2018); p. 924 - 932",2018,valid,ionic_liquid,ethanol; water
1173,Propylene oxide,"4-methyl-1,3-dioxolan-2-one",99.0,40.0,0.10133,8.0,tetrabutylammonium bromide,,,,,,,,,,无溶剂,,,,"Temperature, Pressure, Reagent/catalyst Patel, Parth; Parmar, Bhavesh; Kureshy, Rukhsana I.; Khan, Noor-Ul; Suresh, Eringathodi; ChemCatChem; vol. 10; nb. 11; (2018); p. 2401 - 2408",2018,valid,ionic_liquid,无溶剂
1175,Propylene oxide,"4-methyl-1,3-dioxolan-2-one",99.0,20.0,0.101325,12.0,N-trimethylethan-1-aminium iodide,,,,,,,,,,,,,,"With 2-(bis(5-(tert butyl)-2-hydroxybenzyl)amino)-N,N,N-trimethylethan-1-aminium iodide in dimethyl sulfoxide, Time= 12h, T= 20 °C , Inert atmosphere, Schlenk technique, Reagent/catalyst Hong, Mannkyu; Kim, Yoseph; Kim, Hyejin; Cho, Hee Jin; Baik, Mu-Hyun; Kim, Youngjo; Journal of Organic Chemistry; vol. 83; nb. 16; (2018); p. 9370 - 9380",2018,valid,unknown,
1176,Propylene oxide,"4-methyl-1,3-dioxolan-2-one",99.1,150.0,0.80001,5.0,choline chloride-PEG600,,,,,,,,,,无溶剂,,,,"Au‐ toclave, Catalytic behavior, Reagent/catalyst Wu, Kai; Su, Ting; Hao, Dongmei; Liao, Weiping; Zhao, Yuchao; Ren, Wanzhong; Deng, Changliang; Lü, Hon‐ gying; Chemical Communications; vol. 54; nb. 69; (2018); p. 9579 - 9582",2018,valid,ionic_liquid,无溶剂
1177,Propylene oxide,"4-methyl-1,3-dioxolan-2-one",99.0,100.0,2.00003,1.0,tetrabutylammonium bromide,,,,,,,,,,,,,,"Catalytic behavior, Reagent/ catalyst, Temperature Tang, Feiying;Hou, Jianan;Liang, Kaixin;Huang, Jianhan;Liu, You-Nian; European Journal of Inorganic Chemis‐ try; vol. 2018; nb. 37; (2018); p. 4175 - 4180",2018,valid,ionic_liquid,
1178,Propylene oxide,"4-methyl-1,3-dioxolan-2-one",99.2,103.0,1.66716,1.0,tetra-(n-butyl)ammonium iodide,,,,,,,,,,water,DMSO,,,"Au‐ toclave, Catalytic behavior, Reagent/catalyst, Temperature, Pressure Elman; Zharkov; Ovsyannikova; Russian Journal of General Chemistry; vol. 88; nb. 8; (2018); p. 1562 - 1567; Zh. Obshch. Khim.; vol. 88; nb. 8; (2018); p. 1238 - 1244,7",2018,valid,unknown,water; DMSO
1179,Propylene oxide,"4-methyl-1,3-dioxolan-2-one",99.0,120.0,1.00001,1.0,tetrabutylammonium bromide,,,,,,,,,,无溶剂,,,,"Catalytic behavior Wang, Gang; Xu, Cong; Wang, Li; Liu, Weisheng; Dalton Transactions; vol. 47; nb. 36; (2018); p. 12711 - 12717",2018,valid,ionic_liquid,无溶剂
1180,Propylene oxide,"4-methyl-1,3-dioxolan-2-one",99.0,25.0,0.1,48.0,tetrabutylammonium bromide,,,,,,,,,,,,,,"Yu, Wenguang; Gu, Shuai; Fu, Yu; Xiong, Shaohui; Pan, Chunyue; Liu, Younian; Yu, Guipeng; Journal of Cat‐ alysis; vol. 362; (2018); p. 1 - 9",2018,valid,ionic_liquid,
1181,Propylene oxide,"4-methyl-1,3-dioxolan-2-one",99.0,100.0,0.1,2.0,pyridine,,,,,,,,,,无溶剂,,,,"chemoselective reaction Khaligh, Nader Ghaffari; Mihankhah, Taraneh; Johan, Mohd Rafie; Heteroatom Chemistry; vol. 29; nb. 4; (2018); Art.No: E21440",2018,valid,organic_base,无溶剂
1183,Propylene oxide,"4-methyl-1,3-dioxolan-2-one",99.0,90.0,0.60001,1.0,imidazolium,,,,,,,,,,无溶剂,,,,"Green chemistry, Catalytic behavior, Reagent/ catalyst, Time, Temperature, Pressure Jin, Tan; Dong, Fang; Liu, Yang; Hu, Yu Lin; New Journal of Chemistry; vol. 43; nb. 6; (2019); p. 2583 - 2590",2019,valid,ionic_liquid,无溶剂
1184,Propylene oxide,"4-methyl-1,3-dioxolan-2-one",99.0,150.0,2.00003,0.01,tetrabutylammonium bromide,,,,,,,,,,,,,,"Flow reac‐ tor, Catalytic behavior, Reagent/catalyst, Time Li, Ming-Ran; Zhang, Ming-Chao; Yue, Tian-Jun; Lu, Xiao-Bing; Ren, Wei-Min; RSC Advances; vol. 8; nb. 68; (2018); p. 39182 - 39186",2018,valid,ionic_liquid,
1185,Propylene oxide,"4-methyl-1,3-dioxolan-2-one",99.0,90.0,0.50001,,"1,8-diazabicyclo[5.4.0]undec-7-ene",,,,,,,,,,,,,,"Xie, Ya-Fei; Guo, Cheng; Shi, Lei; Peng, Bang-Hua; Liu, Ning; Organic and Biomolecular Chemistry; vol. 17; nb. 14; (2019); p. 3497 - 3506",2019,valid,unknown,
1187,Propylene oxide,"4-methyl-1,3-dioxolan-2-one",99.0,45.0,0.50001,10.0,tetrabutylammonium bromide,,,,,,,,,,,,,,"Pressure, Reagent/catalyst, Temperature Xue, Yun-Shan; Cheng, Wei-Wei; Luo, Xi-Ming; Cao, Jia-Peng; Xu, Yan; Inorganic Chemistry; vol. 58; nb. 19; (2019); p. 13058 - 13065",2019,valid,ionic_liquid,
1188,Propylene oxide,"4-methyl-1,3-dioxolan-2-one",99.4,80.0,1.00001,10.0,potassium iodide,,,,,,,,,,ethyl acetate,,,,"Enzymatic reaction, Catalytic be‐ havior, Temperature, Pressure, Reagent/catalyst PatentUNIV WUHAN SCIENCE and TECH; WUHAN UNIVERSITY OF SCIENCE AND TECHNOLOGYWuhan Uni‐ versity of Science and Technology; CN110003162; (2019); (A) EnglishWUHAN UNIVERSITY OF SCIENCE AND TECHNOLOGY",2019,valid,metal_halide,ethyl acetate
1191,Propylene oxide,"4-methyl-1,3-dioxolan-2-one",99.0,80.0,1.00001,8.0,tetrabutylammonium bromide,,,,,,,,,,,,,,"Jin, FengS1387700320304226; Inorganic Chemistry Communications; vol. 116; (2020); Art.No: 107940",2020,valid,ionic_liquid,
1193,Propylene oxide,"4-methyl-1,3-dioxolan-2-one",99.9,60.0,2.00003,4.0,tetrabutylammonium bromide,,,,,,,,,,,,,,"Pressure Yuan, Rongrong;He, HongmingS138770032030825X; Inorganic Chemistry Communications; vol. 121; (2020); Art.No: 108235",2020,valid,ionic_liquid,
1195,Propylene oxide,"4-methyl-1,3-dioxolan-2-one",99.0,80.0,0.50001,24.0,tetrabutylammonium bromide,,,,,,,,,,无溶剂,,,,"Reagent/catalyst, Temperature, Time Wang, Zheng; Xie, Qianjie; Wang, Yajun; Shu, Yu; Li, Cong; Shen, Yehua; New Journal of Chemistry; vol. 44; nb. 42; (2020); p. 18319 - 18325",2020,valid,ionic_liquid,无溶剂
1196,Propylene oxide,"4-methyl-1,3-dioxolan-2-one",99.0,90.0,1.00001,24.0,tetrabutylammonium bromide,,,,,,,,,,,,,,"Anwander, Reiner;Bayer, Uwe;Liang, Yucang; Inorganic Chemistry; vol. 59; nb. 19; (2020); p. 14605 - 14614",2020,valid,ionic_liquid,
1197,Propylene oxide,"4-methyl-1,3-dioxolan-2-one",99.0,20.0,0.1,24.0,tetrabutylammonium bromide,,,,,,,,,,,,,,"Das, Rajesh;Muthukumar;Pillai, Renjith S.;Nagaraja, C. Mallaiah; Chemistry - A European Journal; vol. 26; nb. 72; (2020); p. 17445 - 17454",2020,valid,ionic_liquid,
1199,Propylene oxide,"4-methyl-1,3-dioxolan-2-one",99.0,60.0,1.01332,12.0,tetrabutylammonium bromide,,,,,,,,,,,,,,"Zhang, Tao; Chen, Hongtai; Lv, Hongxiao; Li, Qiaoling; Zhang, Xiutang; RSC Advances; vol. 11; nb. 16; (2021); p. 9731 - 9739",2021,valid,ionic_liquid,
1200,Propylene oxide,"4-methyl-1,3-dioxolan-2-one",99.0,20.0,0.50001,1.0,tetrabutylammonium bromide,,,,,,,,,,,,,,"Catalytic behavior Kanti Das, Sabuj; Ghosh, Anirban; Bhattacharjee, Sudip; Chowdhury, Avik; Mitra, Partha; Bhaumik, Asim; New Journal of Chemistry; vol. 45; nb. 20; (2021); p. 9189 - 9196",2021,valid,ionic_liquid,
1203,Propylene oxide,"4-methyl-1,3-dioxolan-2-one",99.0,70.0,0.1,24.0,tetrabutylammonium bromide,,,,,,,,,,无溶剂,,,,"Cheng, Jun; Lu, Chengrong; Zhao, Bei; New Journal of Chemistry; vol. 45; nb. 29; (2021); p. 13096 - 13103",2021,valid,ionic_liquid,无溶剂
1204,Propylene oxide,"4-methyl-1,3-dioxolan-2-one",99.0,90.0,0.90001,1.0,potassium iodide,,,,,,,,,,,,,,"Reagent/catalyst, Tempera‐ ture, Pressure PatentNORTHWEST UNIVERSITY; NORTHWESTERN UNIVERSITY ILLINOISNorthwestern University (Illinois); CN113185490; (2021); (A) EnglishNORTHWESTERN UNIVERSITY (ILLINOIS)",2021,valid,metal_halide,
1207,Propylene oxide,"4-methyl-1,3-dioxolan-2-one",99.3,100.0,1.00001,12.0,tetramethylammonium bromide,,,,,,,,,,,,,,"Catalytic behavior, Reagent/catalyst Le, David H.;Loughan, Ryan P.;G?adysiak, Andrzej;Rampal, Nakul;Brooks, Isabelle A.;Park, Ah-Hyung Alis‐ sa;Fairen-Jimenez, David;Stylianou, Kyriakos C.; Journal of Materials Chemistry A; vol. 10; nb. 3; (2022); p. 1442 - 1450",2022,valid,ionic_liquid,
1208,Propylene oxide,"4-methyl-1,3-dioxolan-2-one",99.9,40.0,,6.0,1-hexyl-3-methylimidazolium tetrafluoroborate,,imidazolium,,,,,,,,,,,,"With Zn(betaine)2Br2, 1-hexyl-3-methylimidazolium tetrafluoroborate, Time= 6h, T= 40 °C , Sealed tube, Green chemistry, Catalytic behavior, Reagent/catalyst Ma, Jun;Wu, Yahui;Yan, Xupeng;Chen, Chunjun;Wu, Tianbin;Fan, Honglei;Liu, Zhimin;Han, Buxing; Physical Chemistry Chemical Physics; vol. 24; nb. 7; (2022); p. 4298 - 4304",2022,valid,ionic_liquid,
1210,Propylene oxide,"4-methyl-1,3-dioxolan-2-one",99.0,90.0,1.00001,3.0,tetrabutylammonium bromide,,,,,,,,,,,,,,"Reagent/catalyst Khan, Munir Ullah;Khan, Safir Ullah;Kiriratnikom, Jiraya;Zareen, Shah;Zhang, Xing- HongS0277538721006227; Polyhedron; vol. 214; (2022); Art.No: 115640",2022,valid,ionic_liquid,
1212,Propylene oxide,"4-methyl-1,3-dioxolan-2-one",99.0,25.0,1.00001,4.0,tetrabutylammonium bromide,,,,,,,,,,ethanol,ethyl acetate,,,"Keshri, Kumer Saurav;Bhattacharjee, Sudip;Singha, Aniruddha;Bhaumik, Asim;Chowdhury, Biswa‐ jitS2468823122001225; Molecular catalysis; vol. 522; (2022); Art.No: 112234",2022,valid,ionic_liquid,ethanol; ethyl acetate
1213,Propylene oxide,"4-methyl-1,3-dioxolan-2-one",99.0,120.0,0.1,5.0,cobalt-impregnated 2D material,,,,,,,,,,无溶剂,,,,"Ullah, Habib;Ullah, Zakir;Khattak, Zafar A. K.;Tahir, Muhammad;Kang, Eunji;Verpoort, Francis;You Kim, Hy‐ un; ChemSusChem; vol. 18; nb. 7; (2025); Art.No: e202401046",2025,valid,metal_halide,无溶剂
1214,Propylene oxide,"4-methyl-1,3-dioxolan-2-one",99.0,75.0,0.90001,4.0,tetrabutylammonium bromide,,,,,,,,,,methanol,,,,"Catalytic be‐ havior Wang, Xiaotong;Hu, Tuoping;Fan, Liming;Qin, Qi-Pin;Zhang, Xiutang; Inorganic Chemistry; vol. 64; nb. 9; (2025); p. 4461 - 4471",2025,valid,ionic_liquid,methanol
1215,Propylene oxide,"4-methyl-1,3-dioxolan-2-one",99.0,80.0,0.1,12.0,tetrabutylammonium bromide,,,,,,,,,,,,,,"Liu, Caiyun;Liu, Yanshu;Zhang, Guanyun;Wang, Dexin;Chen, Guanjie;Gao, Fangfang;Liu, Linping;Tung, Chen-Ho;Wang, Yifeng; European Journal of Inorganic Chemistry; vol. 27; nb. 31; (2024); Art.No: e202400189",2024,valid,ionic_liquid,
1216,Propylene oxide,"4-methyl-1,3-dioxolan-2-one",99.0,80.0,,2.0,tetrabutylammonium bromide,,,,,,,,,,,,,,"With tetrabutylammomium bromide, Time= 2h, T= 80 °C , Electrochemical reaction, Catalytic behavior Li, Jiayi;Mao, Keke;Gong, Wanbing;Li, Zheyue;Sang, Shuaikang;Li, Jiawei;Chen, Guangyu;Hu, Chuan‐ sheng;Long, Ran;Xiong, Yujie; Small; vol. 21; nb. 12; (2025); Art.No: 2500594",2025,valid,ionic_liquid,
1218,Propylene oxide,"4-methyl-1,3-dioxolan-2-one",99.0,80.0,0.10133,,tetrabutylammonium bromide,,,,,,,,,,,,,,"Catalytic be‐ havior Ren, Meiyu;Yang, Kun;Fan, Liming;Hu, Tuoping;Zhang, Xiutang; Journal of Molecular Structure; vol. 1336; (2025); Art.No: 142068",2025,valid,ionic_liquid,
1219,Propylene oxide,"4-methyl-1,3-dioxolan-2-one",99.0,65.0,0.10133,4.0,tetrabutylammonium bromide,,,,,,,,,,,,,,"Temperature Wang, Xu;Fan, BinBin;Chen, Jing;Du, Jing;Pan, Dahai; RSC Advances; vol. 15; nb. 27; (2025); p. 21914 - 21921",2025,valid,ionic_liquid,
1221,Propylene oxide,"4-methyl-1,3-dioxolan-2-one",99.0,120.0,1.00001,9.0,tetramethylammonium picolinate,,,,,,,,,,无溶剂,,,,"Green chemistry, Catalytic behavior, Reagent/catalyst, Pressure, Temperature, Time Jungi, Hiren;Chhetri, Ashis;Kumar, Dheeraj;Podder, Sumana;R. S., Malavika;Kuniyil, Rositha;Mitra, Joyee; Catalysis Science and Technology; vol. 16; nb. 2; (2026); p. 458 - 468",2026,valid,ionic_liquid,无溶剂
1223,Propylene oxide,"4-methyl-1,3-dioxolan-2-one",99.0,80.0,0.101325,24.0,tetrabutylammonium bromide,,,,,,,,,,无溶剂,,,,"2.3. Typical procedures for cycloaddition reaction from CO2 and epoxides General procedure: der solvent-free ambient conditions using epoxide (15 mmol) under aCO2 balloon, catalyzed by 1 (0.03 mmol) with tetrabutylammoniumbromide (TBAB, 1.08 mmol) as a co-catalyst. With tetrabutylammomium bromide in neat (no solvent), Time= 24h, T= 80 °C , Schlenk technique, Catalytic behav‐ ior, Temperature Huang, Xiaopeng;Hong, Yuan;Zhang, Cuiping;Guo, Meng;Zhu, Shiyuan;Zhao, Ronghui;Liu, Lizhen;Yao, Ziz‐ hu; Journal of Molecular Structure; vol. 1358; (2026); Art.No: 145321",2026,valid,ionic_liquid,无溶剂
1225,Propylene oxide,"4-methyl-1,3-dioxolan-2-one",98.0,,0.11767,21.0,potassium iodide,,,,,,,,,,,,,,"Ambient temperature, var. of catalyst, ra‐ tio, time, Product distribution Kisch, Horst; Millini, Roberto; Wang, Ing-Jing; Chemische Berichte; vol. 119; nb. 3; (1986); p. 1090 - 1094",1986,valid,metal_halide,
1226,Propylene oxide,"4-methyl-1,3-dioxolan-2-one",98.0,25.0,0.6,12.0,potassium iodide,,18-crown-6 ether,,salen,,,,,,,,,,"Lu, Xiao-Bing; Zhang, Ying-Ju; Jin, Kun; Luo, Li-Mei; Wang, Hui; Journal of Catalysis; vol. 227; nb. 2; (2004); p. 537 - 541",2004,valid,metal_halide,
1227,Propylene oxide,"4-methyl-1,3-dioxolan-2-one",98.6,80.0,3.00005,4.0,pyridine,,,,,,,,,,,,,,"Bu, Zhanwei; Wang, Zhiqiang; Yang, Lirong; Cao, Shaokui; Applied Organometallic Chemistry; vol. 24; nb. 11; (2010); p. 813 - 816",2010,valid,organic_base,
1228,Propylene oxide,"4-methyl-1,3-dioxolan-2-one",98.0,100.0,2.10003,2.5,tetrabutylammonium bromide,,,,,,,,,,,,,,"Kumar, Subodh; Jain, Suman L.; Sain, Bir; Tetrahedron Letters; vol. 52; nb. 51; (2011); p. 6957 - 6959",2011,valid,ionic_liquid,
1229,Propylene oxide,"4-methyl-1,3-dioxolan-2-one",98.0,90.0,4.00006,2.0,potassium iodide,,,,,,,,,,,,,,"Song, Jinliang; Zhang, Binbin; Jiang, Tao; Yang, Guanying; Han, Buxing; Frontiers of Chemistry in China; vol. 6; nb. 1; (2011); p. 21 - 30",2011,valid,metal_halide,
1231,Propylene oxide,"4-methyl-1,3-dioxolan-2-one",98.0,50.0,5.00008,2.5,tetraethylammonium bromide,,,,,,,,,,,,,,"Kumar, Subodh; Jain, Suman L.; Sain, Bir; Catalysis Letters; vol. 142; nb. 5; (2012); p. 615 - 618",2012,valid,ionic_liquid,
1233,Propylene oxide,"4-methyl-1,3-dioxolan-2-one",98.0,50.0,2.00003,1.5,tetrabutylammonium bromide,,,,,,,,,,,,,,"Kumar, Subodh; Jain, Suman L.; Sain, Bir; Catalysis Today; vol. 198; nb. 1; (2012); p. 204 - 208",2012,valid,ionic_liquid,
1234,Propylene oxide,"4-methyl-1,3-dioxolan-2-one",98.0,85.0,1.00001,6.0,choline iodide,,,,,,,,,,ethanol,,,,"Temperature, Reagent/catalyst, Solvent Amaral, Adérito J.R.; Coelho, Jorge F.J.; Serra, Arménio C.; Tetrahedron Letters; vol. 54; nb. 40; (2013); p. 5518 -5522",2013,valid,ionic_liquid,ethanol
1235,Propylene oxide,"4-methyl-1,3-dioxolan-2-one",98.0,50.0,1.03424,24.0,tetrabutylammonium bromide,,,,,,,,,,无溶剂,,,,"Inert atmosphere, Catalytic behavior, Reagent/ catalyst Li, Chen-Yu; Liu, Dei-Cheng; Ko, Bao-Tsan; Dalton Transactions; vol. 42; nb. 32; (2013); p. 11488 - 11496",2013,valid,ionic_liquid,无溶剂
1237,Propylene oxide,"4-methyl-1,3-dioxolan-2-one",98.0,120.0,1.00001,3.0,potassium iodide,,,,,,,,,,,,,,"High pressure, Catalytic be‐ havior, Reagent/catalyst Roshan, Kuruppathparambil Roshith; Kathalikkattil, Amal Cherian; Tharun, Jose; Kim, Dong Woo; Won, Yong Sun; Park, Dae Won; Dalton Transactions; vol. 43; nb. 5; (2014); p. 2023 - 2031",2014,valid,metal_halide,
1238,Propylene oxide,"4-methyl-1,3-dioxolan-2-one",98.5,100.0,3.00005,1.0,tetrabutylammonium bromide,,,,,,,,,,无溶剂,,,,"Pressure, Reagent/ catalyst, Temperature PatentDALIAN INSTITUTE OF CHEMICAL PHYSICS, CHINESE ACADEMY OF SCIENCES; SHANDONG UNI‐ VERSITY; US2014/66533; (2014); (A1) EnglishSHANDONG UNIVERSITY",2014,valid,ionic_liquid,无溶剂
1239,Propylene oxide,"4-methyl-1,3-dioxolan-2-one",98.0,120.0,1.50002,2.0,imidazolium,,,,,,,,,,,,,,"Reagent/cata‐ lyst, Time Yue, Chengtao; Su, Dan; Zhang, Xu; Wu, Wei; Xiao, Linfei; Catalysis Letters; vol. 144; nb. 7; (2014); p. 1313 - 1321",2014,valid,ionic_liquid,
1240,Propylene oxide,"4-methyl-1,3-dioxolan-2-one",98.0,120.0,1.20002,10.0,tetrabutylammonium bromide,,,,,,,,,,无溶剂,,,,"Auto‐ clave, Reagent/catalyst, Temperature, Pressure, Time Bai, Dongsheng; Wang, Guangjian; Ma, Fang; Wang, Juangang; Wang, Kuai; Yang, Zijing; Journal of Pharma‐ cy and Pharmacology; vol. 28; nb. 11; (2014); p. 814 - 817",2014,valid,ionic_liquid,无溶剂
1241,Propylene oxide,"4-methyl-1,3-dioxolan-2-one",98.0,120.0,1.20002,10.0,tetrabutylammonium bromide,,,,,,,,,,,,,,"Catalyt‐ ic behavior, Reagent/catalyst, Pressure, Temperature, Time Bai, Dongsheng; Wang, Guangjian; Ma, Fang; Wang, Juangang; Wang, Kuai; Yang, Zijing; Applied Organome‐ tallic Chemistry; vol. 28; nb. 11; (2014); p. 814 - 817",2014,valid,ionic_liquid,
1245,Propylene oxide,"4-methyl-1,3-dioxolan-2-one",98.0,80.0,1.00001,2.5,salen,,,,,,,,,,无溶剂,,,,"Catalytic behavior, Solvent, Temperature, Time, Reagent/cata‐ lyst, Concentration Sadeghzadeh, Seyed Mohsen; Research on Chemical Intermediates; vol. 42; nb. 3; (2016); p. 2317 - 2328",2016,valid,unknown,无溶剂
1246,Propylene oxide,"4-methyl-1,3-dioxolan-2-one",98.0,120.0,3.00005,2.0,potassium iodide,,,,,,,,,,,,,,"Catalytic behavior Chen, Aibing; Ju, Pengpeng; Zhang, Yunzhao; Chen, Jinzhu; Gao, Hui; Chen, Limin; Yu, Yifeng; RSC Advan‐ ces; vol. 6; nb. 99; (2016); p. 96455 - 96466",2016,valid,metal_halide,
1249,Propylene oxide,"4-methyl-1,3-dioxolan-2-one",98.7,100.0,3.00005,0.5,tetrabutylammonium bromide,,,,,,,,,,,,,,"Reagent/catalyst Huang, Kuan; Liu, Fujian; Jiang, Lilong; Dai, Sheng; ChemSusChem; vol. 10; nb. 21; (2017); p. 4144 - 4149",2017,valid,ionic_liquid,
1251,Propylene oxide,"4-methyl-1,3-dioxolan-2-one",98.0,20.0,0.10133,30.0,tetrabutylammonium bromide,,,,,,,,,,无溶剂,,,,"Dutta, Gargi; Jana, Ajay Kumar; Natarajan, Srinivasan; Chemistry - An Asian Journal; vol. 13; nb. 1; (2018); p. 66 - 72",2018,valid,ionic_liquid,无溶剂
1252,Propylene oxide,"4-methyl-1,3-dioxolan-2-one",98.9,80.0,2.00003,4.0,tetrabutylammonium bromide,,,,,,,,,,,,,,"Catalyt‐ ic behavior, Reagent/catalyst, Pressure, Temperature, Time Li, Yong-Zhi; Wang, Hai-Hua; Yang, Hong-Yun; Hou, Lei; Wang, Yao-Yu; Zhu, Zhonghua; Chemistry - A Europe‐ an Journal; vol. 24; nb. 4; (2018); p. 865 - 871",2018,valid,ionic_liquid,
1253,Propylene oxide,"4-methyl-1,3-dioxolan-2-one",98.0,110.0,1.10002,4.0,potassium iodide,,,,,,,,,,,,,,"Ravi, Seenu; Kang, Dong Heon; Roshan, Roshith; Tharun, Jose; Kathalikkattil, Amal Cherian; Park, Dae Won; Catalysis science and technology; vol. 5; nb. 3; (2015); p. 1580 - 1587",2015,valid,metal_halide,
1254,Propylene oxide,"4-methyl-1,3-dioxolan-2-one",98.33,130.0,2.00003,4.0,imidazolium chloride,,,,,,,,,,,,,,"Ionic liquid, Auto‐ clave, Catalytic behavior, Pressure, Temperature, Time, Concentration PatentUNIV HENAN; HENAN UNIVERSITYHenan University; CN106831595; (2017); (A) EnglishHENAN UNIVER‐ SITY",2017,valid,ionic_liquid,
1255,Propylene oxide,"4-methyl-1,3-dioxolan-2-one",98.0,120.0,1.01332,1.0,tetrabutylammonium bromide,,,,,,,,,,,,,,"Temperature, Pressure Wang, Li; Xu, Cong; Han, Qingxin; Tang, Xiaoliang; Zhou, Panpan; Zhang, Ruilian; Gao, Guoshu; Xu, Ben‐ hua; Qin, Wenwu; Liu, Weisheng; Chemical Communications; vol. 54; nb. 18; (2018); p. 2212 - 2215",2018,valid,ionic_liquid,
1256,Propylene oxide,"4-methyl-1,3-dioxolan-2-one",98.0,120.0,3.00005,5.0,tetrabutylammonium bromide,,,,,,,,,,,,,,"Catalytic behavior, Reagent/ catalyst, Temperature, Pressure Wang, Wenlong; Li, Cunyao; Jin, Jutao; Yan, Li; Ding, Yunjie; Dalton Transactions; vol. 47; nb. 37; (2018); p. 13135 - 13141",2018,valid,ionic_liquid,
1258,Propylene oxide,"4-methyl-1,3-dioxolan-2-one",98.0,23.0,1.20002,48.0,tetrabutylammonium bromide,,,,,,,,,,,,,,"Flow reactor, Catalytic behavior, Re‐ agent/catalyst Meng, Wei; Zeng, Yongfei; Liang, Zibin; Guo, Wenhan; Zhi, Chenxu; Wu, Yingxiao; Zhong, Ruiqin; Qu, Chong; Zou, Ruqiang; ChemSusChem; vol. 11; nb. 21; (2018); p. 3751 - 3757",2018,valid,ionic_liquid,
1259,Propylene oxide,"4-methyl-1,3-dioxolan-2-one",98.0,0.0,1.00001,3.0,tetraheptylammonium bromide,,,,,,,,,,,,,,"Catalytic behavior, Re‐ agent/catalyst, Pressure, Temperature Wang, Congwei; Song, Qingwen; Zhang, Kan; Liu, Ping; Wang, Junying; Wang, Jianmei; Zhang, Hengxuan; Wang, Junzhong; Chemical Communications; vol. 55; nb. 9; (2019); p. 1299 - 1302",2019,valid,ionic_liquid,
1260,Propylene oxide,"4-methyl-1,3-dioxolan-2-one",98.0,70.0,1.00001,6.0,tetrabutylammonium bromide,,,,,,,,,,无溶剂,,,,"Singh, Manpreet; Solanki, Pratik; Patel, Parth; Mondal, Aniruddha; Neogi, Subhadip; Inorganic Chemistry; vol. 58; nb. 12; (2019); p. 8100 - 8110",2019,valid,ionic_liquid,无溶剂
1262,Propylene oxide,"4-methyl-1,3-dioxolan-2-one",98.2,50.0,0.50001,10.0,bis(2-hydroxyethyl) bis-(quaternary ammonium)iodide,,,,,,,,,,,,,,"Pressure, Temperature Kolle, Joel M.; Sayari, Abdelhamid; RSC Advances; vol. 9; nb. 42; (2019); p. 24527 - 24538",2019,valid,unknown,
1265,Propylene oxide,"4-methyl-1,3-dioxolan-2-one",98.0,70.0,1.00001,2.0,imidazolium,,,,,,,,,,ethyl acetate,hexane,,,"Pressure Zhang, Pu; Zhiani, Rahele; Catalysis Letters; vol. 150; nb. 8; (2020); p. 2254 - 2266",2020,valid,ionic_liquid,ethyl acetate; hexane
1266,Propylene oxide,"4-methyl-1,3-dioxolan-2-one",98.0,80.0,1.50002,1.0,tetrabutylammonium bromide,,,,,,,,,,无溶剂,,,,"Catalytic behavior, Reagent/catalyst, Temperature, Pressure, Time Wang, Wenzhen; Fan, Wei; Jia, Xingang; Li, Leilei; Journal of the Chinese Chemical Society; vol. 67; nb. 8; (2020); p. 1380 - 1386",2020,valid,ionic_liquid,无溶剂
1267,Propylene oxide,"4-methyl-1,3-dioxolan-2-one",98.0,110.0,1.80003,2.0,imidazolium,,,,,,,,,,,,,,"Green chemistry Roshan, Kuruppathparambil Roshith; Kim, Juntae; Tharun, Jose; Park, Gyung-Ah; Park, Dae-Won; Mathai, George; Green Chemistry; vol. 14; nb. 10; (2012); p. 2933 - 2940,8",2012,valid,ionic_liquid,
1268,Propylene oxide,"4-methyl-1,3-dioxolan-2-one",98.9,60.0,1.00001,4.0,tetrabutylammonium bromide,,,,,,,,,,,,,,"Reagent/catalyst, Pressure, Temperature Sun, Xiao-Yan;Li, Jun-Nan;Dong, Gui-Mei;Tao, Yan-Li;Chen, Yao;Yang, Shu-Qin; Journal of the Iranian Chemi‐ cal Society; vol. 18; nb. 6; (2021); p. 1303 - 1309",2021,valid,ionic_liquid,
1269,Propylene oxide,"4-methyl-1,3-dioxolan-2-one",98.0,25.0,0.1,48.0,tetrabutylammonium bromide,,,,,,,,,,,,,,"Reagent/catalyst Bian, Zhen-Xing; Zhang, Yong-Zheng; Tian, Dan; Zhang, Xiuling; Xie, Lin-Hua; Zhao, Minjian; Xie, Yabo; Li, Jian-Rong; Crystal Growth and Design; vol. 20; nb. 12; (2020); p. 7972 - 7978",2020,valid,ionic_liquid,
1270,Propylene oxide,"4-methyl-1,3-dioxolan-2-one",98.0,120.0,1.00001,6.0,tetrabutylammonium bromide,,,,,,,,,,,,,,"Cata‐ lytic behavior, Temperature, Time, Pressure, Reagent/catalyst PatentKOREA ELECTRIC POWER CORPORATION;KOREA RESEARCH INSTITUTE OF CHEMICAL TECHNOL‐ OGY; KOREA RESEARCH INSTITUTE OF CHEMICAL TECHNOLOGYKRICT; KR2020/132314; (2020); (A) Kore‐ anKOREA ELECTRIC POWER CORPORATION; KOREA RESEARCH INSTITUTE OF CHEMICAL TECHNOLOGY",2020,valid,ionic_liquid,
1271,Propylene oxide,"4-methyl-1,3-dioxolan-2-one",98.0,100.0,,8.0,imidazolium,,,,,,,,,,,,,,"With zinc(II) and imidazolium salt ionic liquid grafted on bimodal mesoporous silica, Time= 8h, T= 100 °C , High pressure Shang, Hui; Bai, Shiyang; Yao, Jie; Ma, Shuangshuang; Sun, Jihong; Su, Hongjing; Wu, Xia; Chemistry - An Asian Journal; vol. 16; nb. 3; (2021); p. 224 - 231",2021,valid,ionic_liquid,
1273,Propylene oxide,"4-methyl-1,3-dioxolan-2-one",98.8,130.0,2.20004,7.0,tetrabutylammonium bromide,,,,,,,,,,,,,,"Temperature, Pressure Huang, Kai; Zhang, Xiaomeng; Australian Journal of Chemistry; vol. 74; nb. 4; (2021); p. 282 - 289",2021,valid,ionic_liquid,
1275,Propylene oxide,"4-methyl-1,3-dioxolan-2-one",98.0,25.0,1.20002,24.0,tetrabutylammonium bromide,,,,,,,,,,,,,,"Tapiador, Jesús;Leo, Pedro;Rodríguez-Diéguez, Antonio;Choquesillo-Lazarte, Duane;Calleja, Guillermo;Or‐ cajo, GiselaS0920586121005046; Catalysis Today; vol. 390-391; (2022); p. 230 - 236",2022,valid,ionic_liquid,
1276,Propylene oxide,"4-methyl-1,3-dioxolan-2-one",98.0,120.0,3.00005,2.0,zinc diiodide,0.07,,,,,,,,,ethyl acetate,,,,"Temperature, Reagent/catalyst, Pressure PatentLANZHOU INST CHEMICAL PHYSICS CAS; LANZHOU INSTITUTE OF CHEMICAL PHYSICS CAS; CN118255789; (2024); (A) ChineseCHINESE ACADEMY OF SCIENCES",2024,valid,metal_halide,ethyl acetate
1277,Propylene oxide,"4-methyl-1,3-dioxolan-2-one",98.0,80.0,0.50001,12.0,zinc phenanthroline dione,,,,,,,,,,,,,,"Catalytic behavior Liu, Ping;Zhao, Tianxiang;Zhao, Fangfang;Xu, Ziyang;Huang, Yu;Hu, Xingbang; Advanced Functional Materi‐ als; vol. 35; nb. 45; (2025); Art.No: 2508657",2025,valid,metal_halide,
1279,Propylene oxide,"4-methyl-1,3-dioxolan-2-one",98.2,25.0,0.1,,tetrabutylammonium bromide,,,,,,,,,,acetonitrile,,,,"Catalytic behavior, Re‐ agent/catalyst Xu, Chaohua;Du, Longchao; Inorganic Chemistry; vol. 65; nb. 5; (2026); p. 3061 - 3071",2026,valid,ionic_liquid,acetonitrile
1280,Propylene oxide,"4-methyl-1,3-dioxolan-2-one",97.0,120.0,0.68947,1.0,pyridinium,,,,,,,,,,,,,,"Product distribution, Further Var‐ iations: Catalysts, Temperatures, Pressures, reaction times Kim, Yong Jin; Varma, Rajender S.; Journal of Organic Chemistry; vol. 70; nb. 20; (2005); p. 7882 - 7891",2005,valid,ionic_liquid,
1281,Propylene oxide,"4-methyl-1,3-dioxolan-2-one",97.4,109.8,6.00009,7.0,imidazolium,,,,,,,,,,,,,,"Xie, Ye; Zhang, Zhaofu; Jiang, Tao; He, Jinling; Han, Buxing; Wu, Tianbin; Ding, Kunlun; Angewandte Chemie - International Edition; vol. 46; nb. 38; (2007); p. 7255 - 7258",2007,valid,ionic_liquid,
1285,Propylene oxide,"4-methyl-1,3-dioxolan-2-one",97.2,25.0,1.00001,24.0,phenyltrimethylammonium tribromide,,,,,,,,,,,,,,"Bai, Dongsheng; Wang, Qiong; Song, Yingying; Li, Bo; Jing, Huanwang; Catalysis Communications; vol. 12; nb. 7; (2011); p. 684 - 688",2011,valid,unknown,
1290,Propylene oxide,"4-methyl-1,3-dioxolan-2-one",97.0,130.0,1.50002,1.0,triethanolammonium iodide,,,,,,,,,,,,,,"Cheng, Weiguo; Xiao, Benneng; Sun, Jian; Dong, Kun; Zhang, Peng; Zhang, Suojiang; Ng, Flora T.T.; Tetrahe‐ dron Letters; vol. 56; nb. 11; (2015); p. 1416 - 1419",2015,valid,ionic_liquid,
1291,Propylene oxide,"4-methyl-1,3-dioxolan-2-one",97.0,,1.00001,2.0,potassium iodide,,,,,,,,,,无溶剂,,,,"Re‐ agent/catalyst Werner, Thomas; Tenhumberg, Nils; Büttner, Hendrik; ChemCatChem; vol. 6; nb. 12; (2014); p. 3493 - 3500",2014,valid,metal_halide,无溶剂
1292,Propylene oxide,"4-methyl-1,3-dioxolan-2-one",97.0,140.0,2.00003,4.0,imidazolium chloride,,,,,,,,,,,,,,"Re‐ agent/catalyst, Temperature Xu, Jie; Xu, Mang; Wu, Jing; Wu, Hao; Zhang, Wei-Hong; Li, Yong-Xin; RSC Advances; vol. 5; nb. 88; (2015); p. 72361 - 72369",2015,valid,ionic_liquid,
1298,Propylene oxide,"4-methyl-1,3-dioxolan-2-one",97.0,80.0,0.70001,,potassium iodide,,,,,,,,,,无溶剂,,,,"Catalytic behavior Besse, Vincent; Illy, Nicolas; David, Ghislain; Caillol, Sylvain; Boutevin, Bernard; ChemSusChem; vol. 9; nb. 16; (2016); p. 2167 - 2173",2016,valid,metal_halide,无溶剂
1299,Propylene oxide,"4-methyl-1,3-dioxolan-2-one",97.0,80.0,0.50001,3.0,imidazolium bromide,,imidazolium,,,,,,,,,,,,"Inert at‐ mosphere Ji, Liangzheng; Luo, Zhoujie; Zhang, Yongya; Wang, Rong; Ji, Yayan; Xia, Fei; Gao, Guohua; Molecular cataly‐ sis; vol. 446; (2018); p. 124 - 130",2018,valid,ionic_liquid,
1300,Propylene oxide,"4-methyl-1,3-dioxolan-2-one",97.5,25.0,0.10133,24.0,tetrabutylammonium bromide,,,,,,,,,,,,,,"Cata‐ lytic behavior Chen, Jing-Huo; Deng, Cheng-Hua; Fang, Sheng; Ma, Jian-Gong; Cheng, Peng; Green Chemistry; vol. 20; nb. 5; (2018); p. 989 - 996",2018,valid,ionic_liquid,
1301,Propylene oxide,"4-methyl-1,3-dioxolan-2-one",97.0,0.0,0.1,24.0,tetra-(n-butyl)ammonium iodide,,,,,,,,,,无溶剂,,,,"Cata‐ lytic behavior, Reagent/catalyst Meléndez, Danay Osorio; Lara-Sánchez, Agustín; Martínez, Javier; Wu, Xiao; Otero, Antonio; Castro-Osma, José A.; North, Michael; Rojas, René S.; ChemCatChem; vol. 10; nb. 10; (2018); p. 2271 - 2277",2018,valid,unknown,无溶剂
1303,Propylene oxide,"4-methyl-1,3-dioxolan-2-one",97.0,50.0,0.1,24.0,tetra-(n-butyl)ammonium iodide,,,,,,,,,,无溶剂,,,,"Glovebox, Reagent/catalyst Rios Yepes, Yersica; Quintero, Celso; Osorio Meléndez, Danay; Daniliuc, Constantin G.; Martínez, Javier; Ro‐ jas, René S.; Organometallics; vol. 38; nb. 2; (2019); p. 469 - 478",2019,valid,unknown,无溶剂
1304,Propylene oxide,"4-methyl-1,3-dioxolan-2-one",97.5,70.0,0.40001,4.0,potassium iodide,,,,,,,,,,,,,,"Reagent/catalyst Li, Qingshuo; Chang, Haibo; Li, Runming; Wang, Hongxia; Liu, Jichun; Liu, Shanhu; Qiao, Congzhen; Lin, Tong; Molecular catalysis; vol. 469; (2019); p. 111 - 117",2019,valid,metal_halide,
1306,Propylene oxide,"4-methyl-1,3-dioxolan-2-one",97.0,24.8,0.1,24.0,tetrabutylammonium bromide,,,,,,,,,,,,,,"Catalytic behavior, Reagent/catalyst Ding, Shunmin; Sun, Ling; Ma, Xiaohua; Cheng, Dan; Wu, Shaohua; Zeng, Rong; Deng, Shengjun; Chen, Chao; Zhang, Ning; Catalysis Letters; vol. 150; nb. 10; (2020); p. 2970 - 2977",2020,valid,ionic_liquid,
1307,Propylene oxide,"4-methyl-1,3-dioxolan-2-one",97.0,130.0,2.00003,1.5,imidazolium,,,,,,,,,,hexane,diethyl ether,,,"Auto‐ clave, Catalytic behavior, Reagent/catalyst, Temperature Liu, Ying; Song, Yan; Zhou, Jianhua; Zhang, Xiangping; Molecular catalysis; vol. 492; (2020); Art.No: 111008",2020,valid,ionic_liquid,hexane; diethyl ether
1308,Propylene oxide,"4-methyl-1,3-dioxolan-2-one",97.0,60.0,0.10133,3.0,tetrabutylammonium bromide,,,,,,,,,,,,,,"Catalytic behavior, Reagent/catalyst, Temperature, Pressure Abazari, Reza; Sanati, Soheila; Morsali, Ali; Kirillov, Alexander M.; Slawin, Alexandra M. Z.; Carpenter-War‐ ren, Cameron L.; Inorganic Chemistry; vol. 60; nb. 3; (2021); p. 2056 - 2067",2021,valid,ionic_liquid,
1309,Propylene oxide,"4-methyl-1,3-dioxolan-2-one",97.0,60.0,0.10133,7.0,tetrabutylammonium bromide,,,,,,,,,,无溶剂,,,,"Zhang, Tao;Chen, Hongtai;Liu, Shurong;Lv, Hongxiao;Zhang, Xiutang;Li, Qiaoling; ACS Catalysis; vol. 11; nb. 24; (2021); p. 14916 - 14925",2021,valid,ionic_liquid,无溶剂
1310,Propylene oxide,"4-methyl-1,3-dioxolan-2-one",97.0,130.0,5.67457,1.0,"2,4,6-triamino-s-triazine",,,,,,,,,,,,,,"Catalytic behavior, Pres‐ sure, Time Lyubimov;Cherkasova;Aysin; Russian Chemical Bulletin; vol. 71; nb. 3; (2022); p. 577 - 579; Izv. Akad. Nauk, Ser. Khim.; nb. 3; (2022); p. 577 - 579",2022,valid,unknown,
1311,Propylene oxide,"4-methyl-1,3-dioxolan-2-one",97.0,90.0,0.70001,3.0,imidazolium,,,,,,,,,,,,,,"Auto‐ clave, Catalytic behavior, Time, Reagent/catalyst, Pressure, Temperature Liu, Yang;Hu, Yu Lin; Bulletin of the Chemical Society of Ethiopia; vol. 36; nb. 2; (2022); p. 433 - 450",2022,valid,ionic_liquid,
1312,Propylene oxide,"4-methyl-1,3-dioxolan-2-one",97.0,120.0,0.1,12.0,tetrabutylammonium bromide,,,,,,,,,,water,dichloromethane,THF,,"Inert atmosphere, Schlenk technique Ju, Pengyao;Qi, Wei;Guo, Bixuan;Liu, Wanting;Wu, Qiaolin;Su, Qing; Catalysis Letters; vol. 153; nb. 7; (2023); p. 2125 - 2136",2023,valid,ionic_liquid,water; dichloromethane; THF
1313,Propylene oxide,"4-methyl-1,3-dioxolan-2-one",97.0,90.0,0.1,12.5,tetrabutylammonium bromide,,,,,,,,,,,,,,"Dolai, Malay;Saha, Urmila;Islam, Sk Safikul;Haque, Najirul;Panja, Anangamohan;Ifseisi, Ahmad A.;Zangran‐ do, Ennio;Biswas, Surajit; Molecular Catalysis; vol. 576; (2025); Art.No: 114923",2025,valid,ionic_liquid,
1314,Propylene oxide,"4-methyl-1,3-dioxolan-2-one",97.0,60.0,0.1,14.0,tetrabutylammonium bromide,,,,,,,,,,无溶剂,,,,"Chowdhury, Rhitwika;Jegadeesan, Sundharrajan;Sachan, Sharad Kumar;Anantharaman, Ganapathi; Inorgan‐ ic Chemistry; vol. 64; nb. 49; (2025); p. 24032 - 24045",2025,valid,ionic_liquid,无溶剂
1315,Propylene oxide,"4-methyl-1,3-dioxolan-2-one",96.2,110.0,1.50002,1.0,zinc dibromide,,,,,,,,,,,,,,"Xiao, Linfei; Lv, Dongwei; Wu, Wei; Catalysis Letters; vol. 141; nb. 12; (2011); p. 1838 - 1844",2011,valid,metal_halide,
1319,Propylene oxide,"4-methyl-1,3-dioxolan-2-one",96.0,150.0,3.00005,4.0,"2,4,6-triamino-s-triazine",,,,,,,,,,,,,,"Reagent/catalyst, Temperature, Concentration, Time, Pressure Liu, Mengshuai; Liu, Bo; Shi, Lei; Wang, Fangxiao; Liang, Lin; Sun, Jianmin; RSC Advances; vol. 5; nb. 2; (2015); p. 960 - 966",2015,valid,unknown,
1322,Propylene oxide,"4-methyl-1,3-dioxolan-2-one",96.0,110.0,1.50002,2.0,imidazolium,,,,,,,,,,water,toluene,hexane,,"Au‐ toclave, Catalytic behavior, Reagent/catalyst Liu, Mengshuai; Liang, Lin; Liang, Tao; Lin, Xiaoli; Shi, Lei; Wang, Fangxiao; Sun, Jianmin; Journal of Molecu‐ lar Catalysis A: Chemical; vol. 408; (2015); p. 242 - 249; Art.No: 9583",2015,valid,ionic_liquid,water; toluene; hexane
1323,Propylene oxide,"4-methyl-1,3-dioxolan-2-one",96.0,120.0,1.00001,3.0,imidazolium,,,,,,,,,,无溶剂,,,,"Catalytic behavior, Kinetics, Reagent/catalyst Hu, Yu-Lin; Lu, Ming; Yang, Xue-Lin; RSC Advances; vol. 5; nb. 83; (2015); p. 67886 - 67891",2015,valid,ionic_liquid,无溶剂
1324,Propylene oxide,"4-methyl-1,3-dioxolan-2-one",96.0,20.0,0.10133,48.0,tetrabutylammonium bromide,,,,,,,,,,无溶剂,,,,"Li, Pei-Zhou; Wang, Xiao-Jun; Liu, Jia; Lim, Jie Sheng; Zou, Ruqiang; Zhao, Yanli; Journal of the American Chemical Society; vol. 138; nb. 7; (2016); p. 2142 - 2145",2016,valid,ionic_liquid,无溶剂
1325,Propylene oxide,"4-methyl-1,3-dioxolan-2-one",96.0,40.0,3.50005,8.0,tetrabutylammonium bromide,,,,,,,,,,,,,,"Reagent/catalyst Mandal, Mrinmay; Chakraborty, Debashis; Journal of Polymer Science, Part A: Polymer Chemistry; vol. 54; nb. 6; (2016); p. 809 - 824",2016,valid,ionic_liquid,
1326,Propylene oxide,"4-methyl-1,3-dioxolan-2-one",96.97,20.0,0.10133,48.0,tetrabutylammonium bromide,,,,,,,,,,,,,,"Reagent/ catalyst Gao, Wen-Yang; Tsai, Chen-Yen; Wojtas, Lukasz; Thiounn, Timmy; Lin, Chu-Chieh; Ma, Shengqian; Inorganic Chemistry; vol. 55; nb. 15; (2016); p. 7291 - 7294",2016,valid,ionic_liquid,
1332,Propylene oxide,"4-methyl-1,3-dioxolan-2-one",96.0,20.0,1.00001,24.0,tetrabutylammonium bromide,,,,,,,,,,无溶剂,,,,"Jiang, Hong; Chen, Kai-Jie; Zheng, Fan-Fan; Chen, Xu; Liu, Yan; Cui, Yong; Chemical Communications; vol. 55; nb. 59; (2019); p. 8639 - 8642",2019,valid,ionic_liquid,无溶剂
1333,Propylene oxide,"4-methyl-1,3-dioxolan-2-one",96.5,40.0,0.1,48.0,tetrabutylammonium bromide,,,,,,,,,,,,,,"Chen, Di-Ming; Zhang, Xue-Jing; Journal of Solid State Chemistry; vol. 278; (2019); Art.No: 120906",2019,valid,ionic_liquid,
1336,Propylene oxide,"4-methyl-1,3-dioxolan-2-one",96.0,70.0,0.10133,12.0,tetrabutylammonium bromide,,,,,,,,,,,,,,"Gao, Aijia;Li, Fangfang;Xu, Zhi;Ji, Changchun;Gu, Jing;Zhou, Ying-Hua; Dalton Transactions; vol. 51; nb. 6; (2022); p. 2567 - 2576",2022,valid,ionic_liquid,
1339,Propylene oxide,"4-methyl-1,3-dioxolan-2-one",96.3,97.8,1.35002,2.0,zinc chloride,,,,,,,,,,无溶剂,,,,"Auto‐ clave, Reagent/catalyst, Temperature, Pressure Alberti, Matteo;Gianelli, Marta;Panza, Nicola;Zákutná, Dominika;Matulková, Irena;Caselli, Alessandro; Euro‐ pean Journal of Inorganic Chemistry; vol. 27; nb. 36; (2024); Art.No: e202400494",2024,valid,metal_halide,无溶剂
1342,Propylene oxide,"4-methyl-1,3-dioxolan-2-one",96.0,120.0,2.00003,6.0,potassium iodide,,,,,,,,,,无溶剂,,,,"Catalytic behavior, Reagent/catalyst, Pressure, Temperature Yu, Fang-Yu;Xu, Li-Feng;Wu, An-Guo;Zhao, Man;Li, Hong-Ru;He, Liang-Nian; ChemCatChem; vol. 17; nb. 24; (2025); Art.No: e01364",2025,valid,metal_halide,无溶剂
1343,Propylene oxide,"4-methyl-1,3-dioxolan-2-one",96.0,,0.1,,tetrabutylammonium bromide,,,,,,,,,,无溶剂,,,,"Heating Jana, Narayan Ch.;Jagli?i?, Zvonko;Kotrle, Kamil;Herchel, Radovan;Panja, Anangamohan; Inorganic Chemis‐ try; vol. 64; nb. 37; (2025); p. 19094 - 19112",2025,valid,ionic_liquid,无溶剂
1344,Propylene oxide,"4-methyl-1,3-dioxolan-2-one",96.1,100.0,1.20002,8.0,tetrabutylammonium bromide,,,,,,,,,,,,,,"Concentration, Pressure, Reagent/catalyst, Temperature Liu, Xiaolan;Lei, Kaiwen;Yang, Ke;Lv, Pei;Liu, Jiyong;Shen, Yudong;Xu, Wei; Inorganic Chemistry; vol. 65; nb. 2; (2026); p. 1621 - 1633",2026,valid,ionic_liquid,
1345,Propylene oxide,"4-methyl-1,3-dioxolan-2-one",95.0,100.0,4.05299,24.0,potassium iodide,,18-crown-6 ether,,,,,,,,,,,,"other potassium salts, tempera‐ tures, Product distribution, Mechanism Rokicki, Gabriel; Kuran, Witold; Pogorzelska-Marciniak, Barbara; Monatshefte fur Chemie; vol. 115; (1984); p. 205 - 214",1984,valid,metal_halide,
1346,Propylene oxide,"4-methyl-1,3-dioxolan-2-one",95.0,100.0,4.05299,24.0,potassium iodide,,18-crown-6 ether,,,,,,,,,,,,"Rokicki, Gabriel; Kuran, Witold; Pogorzelska-Marciniak, Barbara; Monatshefte fur Chemie; vol. 115; (1984); p. 205 - 214",1984,valid,metal_halide,
1347,Propylene oxide,"4-methyl-1,3-dioxolan-2-one",95.0,100.0,1.50002,1.0,1-butyl-3-methylimidazolium bromide,,,,,,,,,,,,,,"Product distri‐ bution, Further Variations: Catalysts, Temperatures Li, Fuwei; Xiao, Linfei; Xia, Chungu; Hu, Bin; Tetrahedron Letters; vol. 45; nb. 45; (2004); p. 8307 - 8310",2004,valid,ionic_liquid,
1351,Propylene oxide,"4-methyl-1,3-dioxolan-2-one",95.4,20.0,0.10133,48.0,tetrabutylammonium bromide,,,,,,,,,,无溶剂,,,,"Catalytic behavior, Reagent/catalyst Gao, Wen-Yang; Chen, Yao; Niu, Youhong; Williams, Kia; Cash, Lindsay; Perez, Pastor J.; Wojtas, Lukasz; Cai, Jianfeng; Chen, Yu-Sheng; Ma, Shengqian; Angewandte Chemie - International Edition; vol. 53; nb. 10; (2014); p. 2615 - 2619; Angew. Chem.; vol. 126; nb. 10; (2014); p. 2653 - 2657,5",2014,valid,ionic_liquid,无溶剂
1352,Propylene oxide,"4-methyl-1,3-dioxolan-2-one",95.0,20.0,0.40001,2.0,imidazolium bromide,,imidazolium,,,,,,,,,,,,"Re‐ agent/catalyst Wilhelm, Michael E.; Anthofer, Michael H.; Reich, Robert M.; D'Elia, Valerio; Basset, Jean-Marie; Herrmann, Wolfgang A.; Cokoja, Mirza; Kuehn, Fritz E.; Catalysis science and technology; vol. 4; nb. 6; (2014); p. 1638 - 1643",2014,valid,ionic_liquid,
1353,Propylene oxide,"4-methyl-1,3-dioxolan-2-one",95.1,150.0,2.00003,6.0,imidazolium,,,,,,,,,,无溶剂,,,,"Green chemis‐ try Chen, Qin; Peng, Chang; Xie, Haibo; Zhao, Zongbao Kent; Bao, Ming; RSC Advances; vol. 5; nb. 55; (2015); p. 44598 - 44603",2015,valid,ionic_liquid,无溶剂
1355,Propylene oxide,"4-methyl-1,3-dioxolan-2-one",95.8,130.0,5.00008,5.0,tetra-(n-butyl)ammonium iodide,,,,,,,,,,,,,,"Peng, Jing; Yang, Hai-Jian; Wei, Zidong; Guo, Cun-Yue; RSC Advances; vol. 5; nb. 65; (2015); p. 53063 - 53072",2015,valid,unknown,
1356,Propylene oxide,"4-methyl-1,3-dioxolan-2-one",95.0,20.0,1.00001,2.0,imidazolium bromide,,,,,,,,,,,,,,"Wu, Shi; Wang, Binshen; Zhang, Yongya; Elageed, Elnazeer H.M.; Wu, Haihong; Gao, Guohua; Journal of Mo‐ lecular Catalysis A: Chemical; vol. 418-419; (2016); p. 1 - 8",2016,valid,ionic_liquid,
1364,Propylene oxide,"4-methyl-1,3-dioxolan-2-one",95.0,120.0,1.80003,6.0,tetrabutylammonium bromide,,,,,,,,,,DMF,,,,"Catalytic behavior Senthilkumar; Maru, Minaxi S.; Somani; Bajaj; Neogi, Subhadip; Dalton Transactions; vol. 47; nb. 2; (2018); p. 418 - 428",2018,valid,ionic_liquid,DMF
1366,Propylene oxide,"4-methyl-1,3-dioxolan-2-one",95.0,120.0,1.00001,10.0,tetra-(n-butyl)ammonium iodide,,Al-salan complex,,,,,,,,无溶剂,,,,"Green chemistry Ma, Ran; Sun, Haojie; Cui, Yuanzhi; RSC Advances; vol. 8; nb. 20; (2018); p. 11145 - 11149",2018,valid,unknown,无溶剂
1368,Propylene oxide,"4-methyl-1,3-dioxolan-2-one",95.0,120.0,3.00005,9.0,zinc dibromide,,,,,,,,,,,,,,Reagent/catalyst PatentUNIV DONGGUAN TECHNOLOGY; DONGGUAN UNIVERSITY OF TECHNOLOGYDongguan Univ. of Tech.; CN110283212; (2019); (A) EnglishDONGGUAN UNIVERSITY OF TECHNOLOGY,2019,valid,metal_halide,
1369,Propylene oxide,"4-methyl-1,3-dioxolan-2-one",95.0,60.0,0.2,24.0,tetra-(n-butyl)ammonium iodide,,,,,,,,,,,,,,"Reagent/catalyst, Temper‐ ature, Pressure Sodpiban, Ounjit; Del Gobbo, Silvano; Barman, Samir; Aomchad, Vatcharaporn; Kidkhunthod, Pinit; Ould- Chikh, Samy; Poater, Albert; D'Elia, Valerio; Basset, Jean-Marie; Catalysis science and technology; vol. 9; nb. 21; (2019); p. 6152 - 6165",2019,valid,unknown,
1370,Propylene oxide,"4-methyl-1,3-dioxolan-2-one",95.0,120.0,1.00001,24.0,imidazolium,,,,,,,,,,无溶剂,,,,"Zhang, Yan; Hu, Hui; Ju, Jia; Yan, Qianqian; Arumugam, Vasanthakumar; Jing, Xuechao; Cai, Huaqiang; Gao, Yanan; Cuihua Xuebao/Chinese Journal of Catalysis; vol. 41; nb. 3; (2020); p. 485 - 493",2020,valid,ionic_liquid,无溶剂
1371,Propylene oxide,"4-methyl-1,3-dioxolan-2-one",95.0,50.0,0.10133,24.0,tetra-(n-butyl)ammonium iodide,,,,,,,,,,,,,,"Catalytic behavior, Reagent/catalyst, Solvent, Temperature, Time Guo, Zhiqiang;Xu, Yuan;Chao, Jianbin;Wei, Xuehong; European Journal of Inorganic Chemistry; vol. 2020; nb. 29; (2020); p. 2835 - 2841",2020,valid,unknown,
1372,Propylene oxide,"4-methyl-1,3-dioxolan-2-one",95.0,40.0,0.1,24.0,tetra-(n-butyl)ammonium iodide,,,,,,,,,,无溶剂,,,,"Catalytic behavior Hao, Yanhong; Yuan, Dan; Yao, Yingming; ChemCatChem; vol. 12; nb. 17; (2020); p. 4346 - 4351",2020,valid,unknown,无溶剂
1373,Propylene oxide,"4-methyl-1,3-dioxolan-2-one",95.0,100.0,,12.0,tetrabutylammonium bromide,,,,,,,,,,water,ethyl acetate,,,"The general procedure for the coupling reaction of styreneoxide and CO2 In a typical reaction, CO2 (balloon) and styrene oxide (5 mmol)was mixed with rhodamine B (0.5 mmol), TBAB (0.5 mmol) in a 25 mL in a glass tubular reactor equipped with a magnetic stir bar.And then, the mixture was stirred at 100 C for 12 h. After the reaction,the mixture was diluted with H2O (10 mL), and extractedwith ethyl acetate (3x20 mL). The combined organic phases werewashed with water and brine, dried over anhydrous Na2SO4, andconcen‐ trated in vacuo. The residue was purified by flash columnchromatograph on silica gel to afford the target product 2a. Synthesisof other compounds 2b-2o was performed by an analogousprocedure. With tetrabutylammomium bromide, rhodamine B, Time= 12h, T= 100 °C Wu, Feng-tian; Wu, Ling; Cui, Chun-na; Tetrahedron; vol. 83; (2021)",2021,valid,ionic_liquid,water; ethyl acetate
1379,Propylene oxide,"4-methyl-1,3-dioxolan-2-one",95.0,60.0,0.1,3.0,tetrabutylammonium bromide,,,,,,,,,,无溶剂,,,,"Reagent/catalyst Dolai, Malay;Saha, Urmila;Goswami, Juli Nanda;Bhattacharya, Biswajit;Emmerling, Franziska;Ifseisi, Ahmad A.;Biswas, Surajit; New Journal of Chemistry; vol. 49; nb. 11; (2025); p. 4451 - 4463",2025,valid,ionic_liquid,无溶剂
1382,Propylene oxide,"4-methyl-1,3-dioxolan-2-one",94.0,50.0,0.10133,6.0,tetrabutylammonium bromide,,,,,,,,,,acetonitrile,,,,"Electrochemical reaction Buckley, Benjamin R.; Patel, Anish P.; Wijayantha, K. G. Upul; Chemical Communications; vol. 47; nb. 43; (2011); p. 11888 - 11890",2011,valid,ionic_liquid,acetonitrile
1384,Propylene oxide,"4-methyl-1,3-dioxolan-2-one",94.0,80.0,5.00008,20.0,tetrabutylammonium bromide,,,,,,,,,,,,,,"Re‐ agent/catalyst Fuchs, Monica A.;Altesleben, Christiane;Zevaco, Thomas A.;Dinjus, Eckhard; European Journal of Inorganic Chemistry; vol. 26; (2013); p. 4541 - 4545",2013,valid,ionic_liquid,
1386,Propylene oxide,"4-methyl-1,3-dioxolan-2-one",94.1,120.0,3.00005,1.0,tetrabutylammonium bromide,,,,,,,,,,,,,,"Catalytic behavior, Reagent/ catalyst, Temperature, Pressure Xie, Yong; Wang, Ting-Ting; Yang, Rui-Xia; Huang, Nian-Yu; Zou, Kun; Deng, Wei-Qiao; ChemSusChem; vol. 7; nb. 8; (2014); p. 2110 - 2114",2014,valid,ionic_liquid,
1387,Propylene oxide,"4-methyl-1,3-dioxolan-2-one",94.0,50.0,0.10133,6.0,tetrabutylammonium bromide,,,,,,,,,,acetonitrile,,,,"Electrochemical reaction, Large scale, Reagent/catalyst Buckley, Benjamin R.; Patel, Anish P.; Wijayantha, K. G. Upul; RSC Advances; vol. 4; nb. 102; (2014); p. 58581 - 58590",2014,valid,ionic_liquid,acetonitrile
1389,Propylene oxide,"4-methyl-1,3-dioxolan-2-one",94.6,20.0,0.10133,30.0,tetrabutylammonium bromide,,,,,,,,,,,,,,"Reagent/catalyst, Further stages Wang, Shaolei; Song, Kunpeng; Zhang, Chengxin; Shu, Yu; Li, Tao; Tan, Bien; Journal of Materials Chemistry A; vol. 5; nb. 4; (2017); p. 1509 - 1515",2017,valid,ionic_liquid,
1391,Propylene oxide,"4-methyl-1,3-dioxolan-2-one",94.8,80.0,2.00003,48.0,tetrabutylammonium bromide,,,,,,,,,,,,,,"Li, Bin; Inorganic Chemistry Communications; vol. 88; (2018); p. 56 - 59",2018,valid,ionic_liquid,
1393,Propylene oxide,"4-methyl-1,3-dioxolan-2-one",94.4,35.0,0.2,12.0,zinc acetate,,,,,,,,,,,,,,Reagent/catalyst PatentWUHAN AIAOLI CHEMICAL TECH CO LTD; WUHAN AIAOLI CHEMICAL TECH; CN108440487; (2018); (A) EnglishWUHAN AIAOLI CHEMICAL TECH,2018,valid,metal_halide,
1394,Propylene oxide,"4-methyl-1,3-dioxolan-2-one",94.0,70.0,0.1,24.0,tetra-(n-butyl)ammonium iodide,,,,,,,,,,无溶剂,,,,"Mesías-Salazar, ángela; Martínez, Javier; Rojas, René S.; Carrillo-Hermosilla, Fernando; Ramos, Alberto; Fernández-Galán, Rafael; Anti?olo, Antonio; Catalysis science and technology; vol. 9; nb. 15; (2019); p. 3879 - 3886",2019,valid,unknown,无溶剂
1396,Propylene oxide,"4-methyl-1,3-dioxolan-2-one",94.0,90.0,1.00001,6.0,tetrabutylammonium bromide,,,,,,,,,,,,,,"Huang, Xuan;Gao, Xian-Ming;Lin, Xue-Lian; Monatshefte fur Chemie; vol. 151; nb. 3; (2020); p. 345 - 352",2020,valid,ionic_liquid,
1397,Propylene oxide,"4-methyl-1,3-dioxolan-2-one",94.0,40.0,,16.0,tetra-(n-butyl)ammonium iodide,,,,,,,,,,acetonitrile,,,,"2.1.2. Synthesis of cyclic carbonates General procedure: Propylene oxide (2 mmol), L-Serine(at)ZnO (10 wt%), TBAI (10 mol%), Acetonitrile (5 mL) were taken in Schlenk tube and CO2 (balloon)was introduced and reaction was heated to desired temperature thenstirred for 16 h, cooled it to the room temperature, the AAs(at)ZnO wasregained by centrifugation, dried and reused for next recycled run. Theremaining solvent was concentrated in vacuo and product was separatedby column chromatogra‐ phy and analysed by using the GC as wellas GCMS and NMR analysis. With tetra-(n-butyl)ammonium iodide in acetonitrile, Time= 16h, T= 40 °C , Schlenk technique, Reagent/catalyst Phatake, Vishal V.;Ahire, Jayendra P.;Bhanage, Bhalchandra M.S2468823120302613; Molecular catalysis; vol. 492; (2020); Art.No: 111000",2020,valid,unknown,acetonitrile
1399,Propylene oxide,"4-methyl-1,3-dioxolan-2-one",94.0,25.0,1.00001,24.0,1-hexyl-3-methylimidazolium hydrogencarbonate,,imidazolium,,,,,,,,,,,,"Au‐ toclave, Green chemistry Liu, Jia;Yang, Guoqiang;Liu, Ying;Zhang, Dejin;Hu, Xingbang;Zhang, Zhibing; Green Chemistry; vol. 22; nb. 14; (2020); p. 4509 - 4515",2020,valid,ionic_liquid,
1400,Propylene oxide,"4-methyl-1,3-dioxolan-2-one",94.0,30.0,0.30001,24.0,tetrabutylammonium bromide,,,,,,,,,,无溶剂,,,,"Temperature Song, Wen-Yue;Liu, Qiuli;Bu, Qingqing;Wei, Donghui;Dai, Bin;Liu, Ning; Organometallics; vol. 39; nb. 19; (2020); p. 3546 - 3561",2020,valid,ionic_liquid,无溶剂
1402,Propylene oxide,"4-methyl-1,3-dioxolan-2-one",94.0,80.0,2.00003,6.0,tetrabutylammonium bromide,,,,,,,,,,,,,,"Lu, Yu-Ke;Wang, Hai-Hua;Hu, Qi-Xuan;Ma, Yao-Yu;Hou, Lei;Wang, Yao-YuS0022459620307210; Journal of Sol‐ id State Chemistry; vol. 295; (2021); Art.No: 121890",2021,valid,ionic_liquid,
1403,Propylene oxide,"4-methyl-1,3-dioxolan-2-one",94.0,50.0,0.50001,24.0,triphenylphosphine,,,,,,,,,,无溶剂,,,,"Catalytic behavior, Reagent/catalyst, Temperature Chen, Fei; Tao, Sheng; Liu, Ning; Guo, Cheng; Dai, Bin; Applied Organometallic Chemistry; vol. 35; nb. 2; (2021); Art.No: E6099",2021,valid,unknown,无溶剂
1404,Propylene oxide,"4-methyl-1,3-dioxolan-2-one",94.0,120.0,0.80001,2.0,tetrabutylammonium bromide,,,,,,,,,,无溶剂,,,,"Chen, Changjuan;Zhang, Aijiang; New Journal of Chemistry; vol. 45; nb. 43; (2021); p. 20155 - 20163",2021,valid,ionic_liquid,无溶剂
1406,Propylene oxide,"4-methyl-1,3-dioxolan-2-one",94.4,80.0,0.1,18.0,tetra-(n-butyl)ammonium iodide,,pyridine,,,,,,,,无溶剂,,,,"Mishra, Veenu;Kediya, Siddhi;Goud, Devender;Deka, Diku Raj;Chakraborty, Subhajit;Peter, Sebastian C.; Chemical Science; (2025)",2025,valid,organic_base,无溶剂
1407,Propylene oxide,"4-methyl-1,3-dioxolan-2-one",94.0,25.0,,48.0,tetrabutylammonium bromide,,,,,,,,,,,,,,"With tetrabutylammomium bromide, Time= 48h, T= 25 °C , Irradiation Liu, Hao;Li, Yanle;Qian, Yunyang;Tong, Yansi;Yang, Qihao;Wang, Jungang;Su, Desheng;Zhao, Yayun;Tian, Ziqi;Lu, Zhiyi;Jiang, Hai-Long;Chen, Liang; Angewandte Chemie - International Edition; vol. 65; nb. 7; (2026); Art.No: e25369; Angew. Chem.; vol. 138; nb. 7; (2026)",2026,valid,ionic_liquid,
1409,Propylene oxide,"4-methyl-1,3-dioxolan-2-one",93.6,20.0,2.00003,2.0,potassium iodide,,,,,,,,,,,,,,"Qu, Jin; Cao, Chang-Yan; Dou, Zhi-Feng; Liu, Hua; Yu, Yu; Li, Ping; Song, Wei-Guo; ChemSusChem; vol. 5; nb. 4; (2012); p. 652 - 655",2012,valid,metal_halide,
1410,Propylene oxide,"4-methyl-1,3-dioxolan-2-one",93.2,74.8,0.68949,16.0,DMAP,,,,,,,,,,,,,,"Shyu, Shin-Guang; Tseng, Chia-Kai; Chang, Chun-Kai; Chen, Hung-Po; Liu, Hsin-Chih; Twu, Jen; Journal of the Chinese Chemical Society; vol. 59; nb. 3; (2012); p. 443 - 451",2012,valid,mixed_system,
1412,Propylene oxide,"4-methyl-1,3-dioxolan-2-one",93.0,90.0,1.00001,4.0,triethanolammonium iodide,,,,,,,,,,无溶剂,,,,"Green chemistry, Reagent/catalyst Kohrt, Christina; Werner, Thomas; ChemSusChem; vol. 8; nb. 12; (2015); p. 2031 - 2034",2015,valid,ionic_liquid,无溶剂
1413,Propylene oxide,"4-methyl-1,3-dioxolan-2-one",93.0,80.0,1.00001,14.0,potassium iodide,,,,,,,,,,,,,,"Desens, Willi; Kohrt, Christina; Frank, Marcus; Werner, Thomas; ChemSusChem; vol. 8; nb. 22; (2015); p. 3815 -3822",2015,valid,metal_halide,
1414,Propylene oxide,"4-methyl-1,3-dioxolan-2-one",93.0,20.0,1.20002,18.0,tetrabutylammonium bromide,,,,,,,,,,toluene,,,,"Babu, Robin; Kim, Seol-Hee; Kathalikkattil, Amal Cherian; Kuruppathparambil, Roshith Roshan; Kim, Dong Woo; Cho, Sung June; Park, Dae-Won; Applied Catalysis A: General; vol. 544; (2017); p. 126 - 136",2017,valid,ionic_liquid,toluene
1415,Propylene oxide,"4-methyl-1,3-dioxolan-2-one",93.0,120.0,1.50002,4.0,potassium iodide,,,,,,,,,,,,,,"Chang, Haibo; Li, Qingshuo; Cui, Xuemin; Wang, Hongxia; Qiao, Congzhen; Bu, Zhanwei; Lin, Tong; Molecu‐ lar catalysis; vol. 449; (2018); p. 25 - 30",2018,valid,metal_halide,
1416,Propylene oxide,"4-methyl-1,3-dioxolan-2-one",93.0,80.0,0.80001,8.0,tetrabutylammonium bromide,,,,,,,,,,无溶剂,,,,"Patel, Parth; Parmar, Bhavesh; Kureshy, Rukhsana I.; Khan, Noor-Ul H.; Suresh, Eringathodi; Dalton Transac‐ tions; vol. 47; nb. 24; (2018); p. 8041 - 8051",2018,valid,ionic_liquid,无溶剂
1419,Propylene oxide,"4-methyl-1,3-dioxolan-2-one",93.0,25.0,0.1,24.0,tetrabutylammonium bromide,,,,,,,,,,无溶剂,,,,"Glovebox, Catalytic behavior Kim, Yoseph; Hyun, Kyunglim; Ahn, Duseong; Kim, Ran; Park, Myung Hwan; Kim, Youngjo; ChemSusChem; vol. 12; nb. 18; (2019); p. 4211 - 4220",2019,valid,ionic_liquid,无溶剂
1420,Propylene oxide,"4-methyl-1,3-dioxolan-2-one",93.7,100.0,2.00003,9.0,tetrabutylammonium bromide,,,,,,,,,,无溶剂,,,,"Catalytic behavior, Temperature Cho, Kyoungil; Lee, Sang Moon; Kim, Hae Jin; Ko, Yoon-Joo; Kang, Eun Joo; Son, Seung Uk; Chemistry - A European Journal; vol. 26; nb. 4; (2020); p. 788 - 794",2020,valid,ionic_liquid,无溶剂
1421,Propylene oxide,"4-methyl-1,3-dioxolan-2-one",93.1,20.0,1.00001,24.0,tetrabutylammonium bromide,,,,,,,,,,,,,,"Liu, Ce; Xing, Zhiqiang; Liu, Lin; Han, Zheng-Bo; Inorganic Chemistry Communications; vol. 113; (2020); Art.No: 107812",2020,valid,ionic_liquid,
1422,Propylene oxide,"4-methyl-1,3-dioxolan-2-one",93.0,70.0,0.1,24.0,tetra-(n-butyl)ammonium iodide,,,,,,,,,,无溶剂,,,,"Glovebox Rios Yepes, Yersica; Mesías-Salazar, ángela; Becerra, Alexandra; Daniliuc, Constantin G.; Ramos, Alberto; Fernández-Galán, Rafael; Rodríguez-Diéguez, Antonio; Anti?olo, Antonio; Carrillo-Hermosilla, Fernando; Ro‐ jas, René S.; Organometallics; vol. 40; nb. 16; (2021); p. 2859 - 2869",2021,valid,unknown,无溶剂
1425,Propylene oxide,"4-methyl-1,3-dioxolan-2-one",92.0,155.0,1.82384,5.5,triphenylphosphine,,,,,,,,,,,,,,Lermontov; Velikokhat'ko; Zavel'skii; Russian Journal of General Chemistry; vol. 72; nb. 9; (2002); p. 1492 - 1493,2002,valid,unknown,
1426,Propylene oxide,"4-methyl-1,3-dioxolan-2-one",92.0,20.0,0.1216,4.0,tetra-(n-butyl)ammonium iodide,,tetrabutylammonium iodide,,,,,,,,,,,,PatentEnel Produzione S.p.A.; ENEL PRODUZIONE; EP2055699; (2009); (A1) EnglishENEL,2009,valid,ionic_liquid,
1428,Propylene oxide,"4-methyl-1,3-dioxolan-2-one",92.3,120.0,2.00003,8.0,tetra-(n-butyl)ammonium iodide,,,,,,,,,,无溶剂,,,,"Catalytic behavior, Reagent/catalyst, Pressure, Temperature, Time Liu, Jing; Wang, Anqi; Jing, Huanwang; Chinese Journal of Catalysis; vol. 35; nb. 10; (2014); p. 1669 - 1675",2014,valid,unknown,无溶剂
1431,Propylene oxide,"4-methyl-1,3-dioxolan-2-one",92.1,20.0,0.1013,48.0,tetrabutylammonium bromide,,,,,,,,,,无溶剂,,,,"Kumar, Sanjay;Verma, Gaurav;Gao, Wen-Yang;Niu, Zheng;Wojtas, Lukasz;Ma, Shengqian; European Journal of Inorganic Chemistry; vol. 2016; nb. 27; (2016); p. 4373 - 4377",2016,valid,ionic_liquid,无溶剂
1435,Propylene oxide,"4-methyl-1,3-dioxolan-2-one",92.0,120.0,1.50002,2.0,imidazolium,,,,,,,,,,,,,,"Wang, Tengfei; Zhu, Xinrui; Mao, Lemin; Liu, Yi; Ren, Tiegang; Wang, Li; Zhang, Jinglai; Journal of Molecular Liquids; vol. 296; (2019); Art.No: 111936",2019,valid,ionic_liquid,
1437,Propylene oxide,"4-methyl-1,3-dioxolan-2-one",92.0,100.0,0.50001,2.0,tetrabutylammonium bromide,,,,,,,,,,无溶剂,,,,"Cui, Xinjiang; Dai, Xingchao; Surkus, Annette-Enrica; Junge, Kathrin; Kreyenschulte, Carsten; Agostini, Gio‐ vanni; Rockstroh, Nils; Beller, Matthias; Cuihua Xuebao/Chinese Journal of Catalysis; vol. 40; nb. 11; (2019); p. 1679 - 1685",2019,valid,ionic_liquid,无溶剂
1438,Propylene oxide,"4-methyl-1,3-dioxolan-2-one",92.2,20.0,1.50002,30.0,tetrabutylammonium bromide,,,,,,,,,,,,,,"High pressure, Reagent/catalyst, Pressure Liu, Ce;Liu, Lin;Han, Zheng-Bo; Polyhedron; vol. 196; (2021); Art.No: 115016",2021,valid,ionic_liquid,
1439,Propylene oxide,"4-methyl-1,3-dioxolan-2-one",92.0,20.0,0.1,24.0,tetrabutylammonium bromide,,,,,,,,,,无溶剂,,,,"Sealed tube, Catalytic behavior Guselnikova, Olga; Postnikov, Pavel; Kosina, Jiri; Kolska, Zdenla; Trelin, Andrii; Svorcik, Vaclav; Lyutakov, Oleksiy; Journal of Materials Chemistry A; vol. 9; nb. 13; (2021); p. 8462 - 8469",2021,valid,ionic_liquid,无溶剂
1440,Propylene oxide,"4-methyl-1,3-dioxolan-2-one",92.0,120.0,3.00005,2.0,imidazolium,,,,,,,,,,,,,,"Reagent/catalyst, Temperature, Pressure Bezerra, Werberson de Almeida;Milani, Jorge Luiz S?nego;Franco, Chris Hebert de Jesus;Martins, Felipe Terra;de Fátima, ?ngelo;da Mata, álvaro Farias Arruda;das Chagas, Rafael Pav?o; Molecular catalysis; vol. 530; (2022); Art.No: 112632",2022,valid,ionic_liquid,
1442,Propylene oxide,"4-methyl-1,3-dioxolan-2-one",91.0,120.0,3.00005,1.0,pyridine,,,,,,,,,,dichloromethane,,,,"Lu, Jinni; Toy, Patrick H.; Synlett; nb. 5; (2011); p. 659 - 662; Art.No: W19910ST",2011,valid,organic_base,dichloromethane
1443,Propylene oxide,"4-methyl-1,3-dioxolan-2-one",91.8,130.0,3.00005,5.0,"1,8-diazabicyclo[5.4.0]undec-7-ene",,,,,,,,,,,,,,"Mecha‐ nism, Reagent/catalyst, Pressure Chen, Angjun; Chen, Chen; Xiu, Yuhe; Liu, Xuerui; Chen, Jizhong; Guo, Li; Zhang, Ran; Hou, Zhenshan; Green Chemistry; vol. 17; nb. 3; (2015); p. 1842 - 1852",2015,valid,unknown,
1449,Propylene oxide,"4-methyl-1,3-dioxolan-2-one",91.0,80.0,0.50666,20.0,tetrabutylammonium bromide,,,,,,,,,,,,,,"Belousov, Yu. A.;Goncharenko;Bondarenko;Ganina;Bezzubov;Taidakov; Russian Journal of Coordination Chemistry; vol. 46; nb. 12; (2020); p. 805 - 811; Koord. Khim.; vol. 46; nb. 8; (2020); p. 477 - 486",2020,valid,ionic_liquid,
1450,Propylene oxide,"4-methyl-1,3-dioxolan-2-one",91.24,60.0,0.10133,24.0,tetrabutylammonium bromide,,,,,,,,,,,,,,"Schlenk tech‐ nique, Catalytic behavior, Reagent/catalyst Zeeshan, Mohd;Khan, Mohammad Yasir;Shahid;Ikram, Saiqa;Ahmad, Musheer; Dalton Transactions; vol. 54; nb. 29; (2025); p. 11398 - 11418",2025,valid,ionic_liquid,
1451,Propylene oxide,"4-methyl-1,3-dioxolan-2-one",90.0,120.0,0.34001,2.0,tetrabutylammonium chloride,,,,,,,,,,,,,,"Dharman, Manju Mamparambath; Yu, Jeong-In; Ahn, Ji-Yeon; Park, Dae-Won; Green Chemistry; vol. 11; nb. 11; (2009); p. 1754 - 1757",2009,valid,ionic_liquid,
1454,Propylene oxide,"4-methyl-1,3-dioxolan-2-one",90.0,110.0,4.00006,6.0,zinc dibromide,,imidazolium,,zinc chloride,,BMIM,,,,,,,,"Temperature, Pressure, Time, Reagent/catalyst Aquino, Aline S.; Bernard, Franciele L.; Vieira, Michele O.; Borges, Jéssica V.; Rojas, Marisol F.; Vecchia, Fe‐ lipe Dalla; Ligabue, Rosane A.; Seferin, Marcus; Menezes, Sonia; Einloft, Sandra; Journal of the Brazilian Chemical Society; vol. 25; nb. 12; (2014); p. 2251 - 2257",2014,valid,mixed_system,
1456,Propylene oxide,"4-methyl-1,3-dioxolan-2-one",90.4,120.0,3.00005,5.0,phenyltrimethylammonium tribromide,,,,,,,,,,ethanol,,,,"Reagent/catalyst, Temperature Zhang, Fengyong; Xie, Yujia; Liu, Pingle; Hao, Fang; Yao, Zhengjie; Luo, He'An; Catalysis Letters; vol. 144; nb. 11; (2014); p. 1894 - 1899",2014,valid,unknown,ethanol
1457,Propylene oxide,"4-methyl-1,3-dioxolan-2-one",90.0,50.0,1.03424,24.0,tetrabutylammonium bromide,,,,,,,,,,无溶剂,,,,"Lo, Sheng-Han; Senthil Raja, Duraisamy; Chen, Chia-Wei; Kang, Yu-Hao; Chen, Jiun-Jen; Lin, Chia-Her; Dal‐ ton Transactions; vol. 45; nb. 23; (2016); p. 9565 - 9573",2016,valid,ionic_liquid,无溶剂
1458,Propylene oxide,"4-methyl-1,3-dioxolan-2-one",90.0,40.0,3.50005,8.0,tetrabutylammonium bromide,,,,,,,,,,无溶剂,,,,"Auto‐ clave, Inert atmosphere, Catalytic behavior, Reagent/catalyst, Temperature Mandal, Mrinmay; Monkowius, Uwe; Chakraborty, Debashis; New Journal of Chemistry; vol. 40; nb. 11; (2016); p. 9824 - 9839",2016,valid,ionic_liquid,无溶剂
1459,Propylene oxide,"4-methyl-1,3-dioxolan-2-one",90.0,25.0,0.10133,24.0,(triphenylphosphoranylidene)acetaldehyde,,Jacobsen Co-salen,,salen,,,,,,无溶剂,,,,"Zhou, Feng; Xie, Shi-Liang; Gao, Xiao-Tong; Zhang, Rong; Wang, Cui-Hong; Yin, Guang-Qiang; Zhou, Jian; Green Chemistry; vol. 19; nb. 16; (2017); p. 3908 - 3915",2017,valid,unknown,无溶剂
1460,Propylene oxide,"4-methyl-1,3-dioxolan-2-one",90.0,25.0,0.1,24.0,tetrabutylammonium bromide,,,,,,,,,,无溶剂,,,,"Inert atmosphere, Schlenk technique, Catalytic behavior, Reagent/catalyst, Time Bresciani, Giulio; Bortoluzzi, Marco; Marchetti, Fabio; Pampaloni, Guido; ChemSusChem; vol. 11; nb. 16; (2018); p. 2737 - 2743",2018,valid,ionic_liquid,无溶剂
1461,Propylene oxide,"4-methyl-1,3-dioxolan-2-one",90.0,20.0,0.1,20.0,DMAP,,,,,,,,,,methanol,ethyl acetate,,,"Catalytic behavior Ullah, Habib; Mousavi, Bibimaryam; Younus, Hussein A.; Khattak, Zafar A.K.; Suleman, Suleman; Jan, Mu‐ hammad T.; Yu, Baoyi; Chaemchuen, Somboon; Verpoort, Francis; Journal of Catalysis; vol. 377; (2019); p. 190 -198",2019,valid,mixed_system,methanol; ethyl acetate
1462,Propylene oxide,"4-methyl-1,3-dioxolan-2-one",90.0,80.0,1.01332,5.0,potassium iodide,,18-crown-6 ether,,,,,,,,无溶剂,,,,"Souleymanou, Myriam Y.; El-Ouahabi, Fatima; Masdeu-Bultó, Anna M.; Godard, Cyril; ChemCatChem; vol. 13; nb. 7; (2021); p. 1706 - 1710",2021,valid,metal_halide,无溶剂
1463,Propylene oxide,"4-methyl-1,3-dioxolan-2-one",90.0,50.0,0.1,24.0,tetrabutylammonium bromide,,,,,,,,,,无溶剂,,,,"Zhang, Kuikui; Liu, Zhenbang; Liu, Ning; Applied Organometallic Chemistry; vol. 35; nb. 10; (2021); Art.No: E6347",2021,valid,ionic_liquid,无溶剂
1464,Propylene oxide,"4-methyl-1,3-dioxolan-2-one",90.0,120.0,1.00001,6.0,"tetrahydrofuran-2,5-dimethanol",,sodium bromide,,,,,,,,,,,,"Bragato, Nicola;Annatelli, Mattia;Bernardi, Alessandro;Bortoluzzi, Marco;Calmanti, Roberto;Perosa, Al‐ vise;Selva, Maurizio;Fiorani, Giulia; European Journal of Organic Chemistry; vol. 28; nb. 26; (2025); Art.No: e202500119",2025,valid,metal_halide,
1465,Propylene oxide,"4-methyl-1,3-dioxolan-2-one",90.0,140.0,1.00001,6.0,tetra-(n-butyl)ammonium iodide,,,,,,,,,,water,DMF,,,Reagent/ catalyst PatentUNIV NANKAI; UNIV NANKAI; CN121591689; (2026); (A) ChineseUNIV NANKAI,2026,valid,unknown,water; DMF
1467,Propylene oxide,"4-methyl-1,3-dioxolan-2-one",89.0,80.0,3.00005,16.0,tetra-(n-butyl)ammonium iodide,,,,,,,,,,,,,,"Inert at‐ mosphere, Schlenk technique, Catalytic behavior Mercad, Elisabet; Zangrando, Ennio; Claver, Carmen; Godard, Cyril; ChemCatChem; vol. 8; nb. 1; (2016); p. 234 - 243",2016,valid,unknown,
1468,Propylene oxide,"4-methyl-1,3-dioxolan-2-one",89.0,80.0,2.00003,18.0,tetra-(n-butyl)ammonium iodide,,,,,,,,,,,,,,"Zhang, Xiao; Lv, Yan-Zong; Liu, Xiao-Liang; Du, Guo-Jing; Yan, Shi-Hao; Liu, Jian; Zhao, Zhen; RSC Advan‐ ces; vol. 6; nb. 80; (2016); p. 76957 - 76963",2016,valid,unknown,
1470,Propylene oxide,"4-methyl-1,3-dioxolan-2-one",89.0,100.0,0.50666,12.0,tetrabutylammonium bromide,,,,,,,,,,无溶剂,,,,"Kumar, Yogesh;Panday, Rishukumar;Banerjee, Shaibal; Dalton Transactions; vol. 54; nb. 29; (2025); p. 11306 - 11314",2025,valid,ionic_liquid,无溶剂
1471,Propylene oxide,"4-methyl-1,3-dioxolan-2-one",88.0,110.0,0.90001,2.0,zinc diiodide,,,,,,,,,,water,,,,"Reagent/catalyst, Tempera‐ ture, Pressure Siewniak, Agnieszka; Jasiak, Katarzyna; Baj, Stefan; Applied Catalysis A: General; vol. 482; (2014); p. 266 - 274",2014,valid,metal_halide,water
1473,Propylene oxide,"4-methyl-1,3-dioxolan-2-one",88.0,50.0,1.00001,18.0,tetra-(n-butyl)ammonium iodide,,,,,,,,,,,,,,"Martínez-Rodríguez, Luis; Otalora Garmilla, Javier; Kleij, Arjan W.; ChemSusChem; vol. 9; nb. 7; (2016); p. 749 -755",2016,valid,unknown,
1476,Propylene oxide,"4-methyl-1,3-dioxolan-2-one",88.0,25.0,0.10133,20.0,tetrabutylammonium bromide,,,,,,,,,,无溶剂,,,,"Cata‐ lytic behavior, Temperature Tiffner, Maximilian; Gonglach, Sabrina; Haas, Michael; Sch?fberger, Wolfgang; Waser, Mario; Chemistry - An Asian Journal; vol. 12; nb. 10; (2017); p. 1048 - 1051",2017,valid,ionic_liquid,无溶剂
1478,Propylene oxide,"4-methyl-1,3-dioxolan-2-one",88.0,50.0,0.10133,24.0,tetra-(n-butyl)ammonium iodide,,,,,,,,,,THF,ethyl acetate,,,"Guo, Zhiqiang; Yan, Leilei; Liu, Yaoming; Wu, Xiaoqin; Wei, Xuehong; Journal of Organometallic Chemistry; vol. 922; (2020); Art.No: 121365",2020,valid,unknown,THF; ethyl acetate
1479,Propylene oxide,"4-methyl-1,3-dioxolan-2-one",88.0,80.0,0.50001,20.0,tetra-(n-butyl)ammonium iodide,,tetrabutylammonium iodide,,,,,,,,无溶剂,,,,"Chen, Fei;Tao, Sheng;Liu, Ning;Dai, Bin; Polyhedron; vol. 196; (2021); Art.No: 114990",2021,valid,ionic_liquid,无溶剂
1480,Propylene oxide,"4-methyl-1,3-dioxolan-2-one",87.4,20.0,0.10133,48.0,tetrabutylammonium bromide,,,,,,,,,,无溶剂,,,,"Gao, Wen-Yang; Wojtas, Lukasz; Ma, Shengqian; Chemical Communications; vol. 50; nb. 40; (2014); p. 5316 - 5318",2014,valid,ionic_liquid,无溶剂
1484,Propylene oxide,"4-methyl-1,3-dioxolan-2-one",86.0,25.0,0.10133,20.0,tetra-(n-butyl)ammonium iodide,,pyridine,,,,,,,,,,,,"Wang, Lin; Zhang, Guangyou; Kodama, Koichi; Hirose, Takuji; Green Chemistry; vol. 18; nb. 5; (2016); p. 1229 - 1233",2016,valid,organic_base,
1485,Propylene oxide,"4-methyl-1,3-dioxolan-2-one",86.0,140.0,,2.0,imidazolium bromide,,,,,,,,,,,,,,"6 : Example 6 Cycloaddition reaction of different epoxides catalyzed by imidazole bromide ionic liquid with monoamino groups General procedure: In a 50 ml autoclave,The catalyst [NH2pbim] Br and the epoxy compound (Table 6) were add‐ ed,mixing,1MP CO2,At temperature 140 ,The reaction was carried out for 2 hours.The catalyst was added in an amount of 0.6% of the moles of epichlorohydrin.After the completion of the reaction, the yield of the cyclic carbonate was calculated,The results are shown in Table 6. With 1-(3-aminopropyl)-3-butylimidazolium bromide, Time= 2h, T= 140 °C , Autoclave PatentUNIV LIAONING; LIAONING UNIVERSITY; CN105949129; (2016); (A) EnglishLIAONING UNIVERSITY",2016,valid,ionic_liquid,
1486,Propylene oxide,"4-methyl-1,3-dioxolan-2-one",86.3,25.0,0.101325,24.0,tetra-(n-butyl)ammonium iodide,,pyridine,,tetrabutylammonium iodide,,,,,,ethyl acetate,hexane,,,"Propylene carbonate In a 5 mL Schlenk flask, propylene oxide (5 mmol, 0.29 g), 3-hydroxypyridine (0.25 mmol, 0.024 g) and TBAI (0.25 mmol, 0.092 g) were stirred at 25 oC for 24 h under an atmosphere of CO2 (balloon). The crude product was purified by column chromatography (hexane : ethyl acetate = 1 : 1) to afford the desired cyclic carbonate 0.44 g (yield: 86.3%) as a colorless oil. 1H NMR (500 MHz, CDCl3): 4.92-4.80 (m, 1H), 4.62-4.51 (m, 1H), 4.10-3.95 (m, 1H), 1.55-1.40 (m, 3H). 13C NMR (125 MHz, CDCl3): 155.2, 73.7, 70.7, 19.3. With 3-HYDROXYPYRIDINE, tetra-(n-butyl)ammonium iodide, Time= 24h, T= 25 °C , Schlenk technique Wang, Xiangyong; Wang, Lin; Zhao, Yingying; Kodama, Koichi; Hirose, Takuji; Tetrahedron; vol. 73; nb. 8; (2017); p. 1190 - 1195",2017,valid,mixed_system,ethyl acetate; hexane
1489,Propylene oxide,"4-methyl-1,3-dioxolan-2-one",86.0,120.0,1.00001,2.0,imidazolium bromide,,,,,,,,,,,,,,"Ionic liquid Yue, Shuang; Song, Qian; Zang, Shuliang; Deng, Guichun; Li, Jun; Australian Journal of Chemistry; vol. 71; nb. 6; (2018); p. 407 - 415",2018,valid,ionic_liquid,
1490,Propylene oxide,"4-methyl-1,3-dioxolan-2-one",86.0,100.0,0.1,8.0,triethylamine,,,,,,,,,,acetonitrile,,,,"Catalytic behav‐ ior Muthuramalingam, Sethuraman; Sankaralingam, Muniyandi; Velusamy, Marappan; Mayilmurugan, Ramasa‐ my; Inorganic Chemistry; vol. 58; nb. 19; (2019); p. 12975 - 12985",2019,valid,organic_base,acetonitrile
1491,Propylene oxide,"4-methyl-1,3-dioxolan-2-one",86.0,120.0,3.00005,20.0,imidazolium,,,,,,,,,,,,,,"Catalytic behavior Zhang, Wenli; Ma, Fangpei; Ma, Long; Zhou, Yu; Wang, Jun; ChemSusChem; vol. 13; nb. 2; (2020); p. 341 - 350",2020,valid,ionic_liquid,
1492,Propylene oxide,"4-methyl-1,3-dioxolan-2-one",86.0,90.0,0.25,9.0,tetrabutylammonium bromide,,,,,,,,,,,,,,"Hussain, Md. Waseem;Bhardwaj, Vipin;Giri, Arkaprabha;Chande, Ajit;Patra, Abhijit; Chemical Science; vol. 11; nb. 30; (2020); p. 7910 - 7920",2020,valid,ionic_liquid,
1495,Propylene oxide,"4-methyl-1,3-dioxolan-2-one",85.0,100.0,0.10133,20.5,pyridinium,,,,,,,,,,,,,,"Motokura, Ken; Itagaki, Shintaro; Iwasawa, Yasuhiro; Miyaji, Akimitsu; Baba, Toshihide; Green Chemistry; vol. 11; nb. 11; (2009); p. 1876 - 1880",2009,valid,ionic_liquid,
1496,Propylene oxide,"4-methyl-1,3-dioxolan-2-one",85.0,0.0,0.1,24.0,tetrabutylammonium bromide,,,,,,,,,,,,,,"Castro-Osma, Jose A.; Alonso-Moreno, Carlos; Lara-Sanchez, Agustin; Martinez, Javier; North, Michael; Otero, Antonio; Catalysis science and technology; vol. 4; nb. 6; (2014); p. 1674 - 1684",2014,valid,ionic_liquid,
1497,Propylene oxide,"4-methyl-1,3-dioxolan-2-one",85.0,23.0,0.10133,24.0,18-crown-6 ether,,,,,,,,,,无溶剂,,,,Steinbauer; Spannenberg; Werner; Green Chemistry; vol. 19; nb. 16; (2017); p. 3769 - 3779,2017,valid,unknown,无溶剂
1498,Propylene oxide,"4-methyl-1,3-dioxolan-2-one",85.0,110.0,4.00006,6.0,zinc dibromide,,,,,,,,,,,,,,"Catalytic behavior, Reagent/catalyst Monteiro, Wesley F.; Vieira, Michele O.; Aquino, Aline S.; de Souza, Michèle O.; de Lima, Jeane; Einloft, San‐ dra; Ligabue, Rosane; Applied Catalysis A: General; vol. 544; (2017); p. 46 - 54",2017,valid,metal_halide,
1499,Propylene oxide,"4-methyl-1,3-dioxolan-2-one",85.0,24.8,0.1,8.0,tetrabutylammonium bromide,,,,,,,,,,,,,,"Schlenk tech‐ nique Sharma, Vivekanand; De, Dinesh; Saha, Ranajit; Das, Ranjita; Chattaraj, Pratim Kumar; Bharadwaj, Parimal K.; Chemical Communications; vol. 53; nb. 100; (2017); p. 13371 - 13374",2017,valid,ionic_liquid,
1500,Propylene oxide,"4-methyl-1,3-dioxolan-2-one",85.0,25.0,0.10133,48.0,tetra-(n-butyl)ammonium iodide,,,,,,,,,,,,,,"Rios Yepes, Yersica; Martínez, Javier; Rangel Sánchez, Hiram; Quintero, Celso; Ortega-Alfaro, M. Carmen; López-Cortés, José G.; Daniliuc, Constantin G.; Anti?olo, Antonio; Ramos, Alberto; Rojas, René S.; Dalton Transactions; vol. 49; nb. 4; (2020); p. 1124 - 1134",2020,valid,unknown,
1501,Propylene oxide,"4-methyl-1,3-dioxolan-2-one",85.9,100.0,1.00001,3.0,tetrabutylammonium bromide,,,,,,,,,,,,,,"Reagent/catalyst Zhang, Zhuxiu; Lei, Yifan; Zhou, Jie; Cui, Mifen; Chen, Xian; Fei, Zhaoyang; Liu, Qing; Tang, Jihai; Qiao, Xu; Chemical Communications; vol. 56; nb. 94; (2020); p. 14833 - 14836",2020,valid,ionic_liquid,
1503,Propylene oxide,"4-methyl-1,3-dioxolan-2-one",84.0,60.0,1.00001,24.0,tetrabutylammonium bromide,,,,,,,,,,无溶剂,,,,"Green chemistry, Catalytic behavior, Reagent/catalyst, Temperature Della Monica, Francesco; Buonerba, Antonio; Grassi, Alfonso; Capacchione, Carmine; Milione, Stefano; ChemSusChem; vol. 9; nb. 24; (2016); p. 3457 - 3464",2016,valid,ionic_liquid,无溶剂
1504,Propylene oxide,"4-methyl-1,3-dioxolan-2-one",84.4,20.0,0.10133,48.0,tetrabutylammonium bromide,,,,,,,,,,,,,,"Sealed tube, Reagent/catalyst Zhang, Xiuling;Fu, Junna;Zhang, Da-Shuai;Geng, Longlong; Polyhedron; vol. 146; (2018); p. 12 - 18",2018,valid,ionic_liquid,
1505,Propylene oxide,"4-methyl-1,3-dioxolan-2-one",84.0,25.0,,24.0,tetrabutylammonium bromide,,,,,,,,,,dichloromethane,THF,,,"15 : Reaction of 2,3-epoxypropane n-propyl ether with carbon dioxide catalyzed by 1% ZnYL (THF) and 3% tetrabutylammonium bromide: In the reaction flask, add 1.8 ml2,3-epoxypropane n-propyl ether(0.0152 mol), 0.1795 g of ZnYL (THF) (1.52 x 10-4 mol) and0.1511 g of tetrabutylammonium bromide (4.56 x 10-4 mol),Connect a gas bag containing carbon dioxide and react in a 25 ° C oil bath for 24 hours.The excess carbon dioxide gas was purged and the reaction solution was dissolved in 5 ml of dichloromethane.Using a flash column to remove the catalyst and tetrabutylammonium bro‐ mide,The solvent was removed by rotary evaporation to give 1.69 g of a colorless oil, yield 84%. With C68H105N2O5YZn, tetrabutylammomium bromide, Time= 24h, T= 25 °C , Temperature PatentUNIV SUZHOU; SOOCHOW UNIVERSITY SUZHOUSoochow University; CN107827855; (2018); (A) Eng‐ lishSOOCHOW UNIVERSITY (SUZHOU)",2018,valid,ionic_liquid,dichloromethane; THF
1506,Propylene oxide,"4-methyl-1,3-dioxolan-2-one",84.0,80.0,0.10133,24.0,tetra-(n-butyl)ammonium iodide,,,,,,,,,,,,,,"Sperandio, Céline;Rodriguez, Jean;Quintard, Adrien; Organic and Biomolecular Chemistry; vol. 18; nb. 14; (2020); p. 2637 - 2640",2020,valid,unknown,
1507,Propylene oxide,"4-methyl-1,3-dioxolan-2-one",84.0,69.8,0.10133,24.0,tetra-(n-butyl)ammonium iodide,,,,,,,,,,,,,,"Ghosh, Anindya;Reddy, G. Naaresh;Siddhique P. K., Mohammed;Chatterjee, Sauvik;Bhattacharjee, Su‐ dip;Maitra, Rahul;Lyubimov, Sergey E.;Arzumanyan, Ashot V.;Naumkin, Alexander;Bhaumik, Asim;Chowd‐ hury, Biswajit; Green Chemistry; vol. 24; nb. 4; (2022); p. 1673 - 1692",2022,valid,unknown,
1509,Propylene oxide,"4-methyl-1,3-dioxolan-2-one",83.0,25.0,0.10133,48.0,tetrabutylammonium bromide,,,,,,,,,,无溶剂,,,,"Catalytic behavior, Pressure Yao, Cheng; Zhou, Shaolin; Kang, Xiaojing; Zhao, Yang; Yan, Rui; Zhang, Yan; Wen, Lili; Inorganic Chemistry; vol. 57; nb. 17; (2018); p. 11157 - 11164",2018,valid,ionic_liquid,无溶剂
1510,Propylene oxide,"4-methyl-1,3-dioxolan-2-one",83.6,24.8,1.00001,48.0,tetrabutylammonium bromide,,,,,,,,,,,,,,"Catalytic behavior, Re‐ agent/catalyst, Pressure Zhang, Xiaofeng; Ding, Junhao; Qiu, Bo; Li, Dajian; Bian, Yunpeng; Zhu, Dandan; Wang, Shimin; Mai, Wen‐ peng; Ming, Shujun; Chen, Jian; Li, Tao; ChemCatChem; vol. 13; nb. 11; (2021); p. 2664 - 2673",2021,valid,ionic_liquid,
1512,Propylene oxide,"4-methyl-1,3-dioxolan-2-one",82.0,45.0,0.10133,22.0,"1,8-diazabicyclo[5.4.0]undec-7-ene",,,,,,,,,,toluene,,,,"Inert atmosphere, Green chemistry Wang, Lin; Kodama, Koichi; Hirose, Takuji; Catalysis science and technology; vol. 6; nb. 11; (2016); p. 3872 - 3877",2016,valid,unknown,toluene
1513,Propylene oxide,"4-methyl-1,3-dioxolan-2-one",82.9,100.0,,3.5,tetrabutylammonium bromide,,zinc dibromide,,,,,,,,,,,,"10 : Example 10 To a three-necked flask equipped with a condenser tube was sequentially added 300 mmol of propylene oxide, 1 mmol of ZnBr2, 1 mmol of tetrabutylammonium bromide and 10 mL of N,N-dimethylformamide.Carbon dioxide was introduced into the flask, and the air was replaced for 0.5 h. The temperature was raised to 100 oC and the reaction was continued for 3 h. After the reaction was completed, the reaction mixture was cooled to room temperature and the liquid phase product was collected.After centrifugation, a small amount of supernatant was taken and the product composition in the liquid phase was analyzed by GC. The yield of propylene carbonate was 82.9%. With tetrabutylammomium bromide, zinc dibromide in N,N-dimethyl-formamide, Time= 3.5h, T= 100 °C PatentUNIV WUHAN POLYTECHNIC; WUHAN POLYTECHNIC UNIVERSITYWuhan Polytechnic University; CN107417659; (2017); (A) EnglishWUHAN POLYTECHNIC UNIVERSITY",2017,valid,mixed_system,
1514,Propylene oxide,"4-methyl-1,3-dioxolan-2-one",82.0,20.0,0.1,2.0,tetrabutylammonium bromide,,,,,,,,,,无溶剂,,,,"Baalbaki, Hassan A.; Roshandel, Hootan; Hein, Jason E.; Mehrkhodavandi, Parisa; Catalysis science and tech‐ nology; vol. 11; nb. 6; (2021); p. 2119 - 2129",2021,valid,ionic_liquid,无溶剂
1515,Propylene oxide,"4-methyl-1,3-dioxolan-2-one",82.0,120.0,2.00003,4.0,tetrabutylammonium bromide,,,,,,,,,,,,,,"He, Wenfang;Wen, Mingshan;Shi, Lijun;Wang, Rongmin;Li, FuweiS0022459622000895; Journal of Solid State Chemistry; vol. 309; (2022); Art.No: 122965",2022,valid,ionic_liquid,
1516,Propylene oxide,"4-methyl-1,3-dioxolan-2-one",82.0,80.0,0.1,12.0,tetrabutylammonium bromide,,,,,,,,,,,,,,"Liang, Ze-Long;Wang, Yong-Wei;Ai, Xin-Min;Lv, Jia-Can;Yu, Ying-Ying;Shao, Hong-Xia;Xu, Hang;Zhao, Bin; Dalton Transactions; vol. 54; nb. 48; (2025); p. 17888 - 17895",2025,valid,ionic_liquid,
1517,Propylene oxide,"4-methyl-1,3-dioxolan-2-one",81.0,120.0,0.68949,,N-bromosuccinimide,,dibenzoyl peroxide,,,,,,,,,,,,"Inert atmosphere Kozak, Jennifer A.; Wu, Jie; Su, Xiao; Simeon, Fritz; Hatton, T. Alan; Jamison, Timothy F.; Journal of the Amer‐ ican Chemical Society; vol. 135; nb. 49; (2013); p. 18497 - 18501",2013,valid,unknown,
1519,Propylene oxide,"4-methyl-1,3-dioxolan-2-one",80.0,80.0,2.00003,4.0,tetrabutylammonium bromide,,,,,,,,,,,,,,"Pressure, Reagent/catalyst, Temperature, Time Ren, Yanwei; Shi, Yanchao; Chen, Junxian; Yang, Shaorong; Qi, Chaorong; Jiang, Huanfeng; RSC Advances; vol. 3; nb. 7; (2013); p. 2167 - 2170",2013,valid,ionic_liquid,
1521,Propylene oxide,"4-methyl-1,3-dioxolan-2-one",80.0,80.0,0.50666,6.0,tetra-(n-butyl)ammonium iodide,,,,,,,,,,,,,,"Mamone, Marius; Milcent, Thierry; Crousse, Benoit; Chemical Communications; vol. 51; nb. 64; (2015); p. 12736 -12739",2015,valid,unknown,
1522,Propylene oxide,"4-methyl-1,3-dioxolan-2-one",80.0,70.0,1.00001,3.3,tetra-(n-butyl)ammonium iodide,,,,,,,,,,无溶剂,,,,"Reagent/catalyst, Temperature Alaji; Safaei; Wojtczak; New Journal of Chemistry; vol. 41; nb. 18; (2017); p. 10121 - 10131",2017,valid,unknown,无溶剂
1523,Propylene oxide,"4-methyl-1,3-dioxolan-2-one",80.0,120.0,0.1,8.0,tetrabutylammonium chloride,,tetrabutylammonium bromide,,tetra-(n-butyl)ammonium iodide,,pyridine,,,,ethyl acetate,,,,"Suleman, Suleman; Younus, Hussein A.; Ahmad, Nazir; Khattak, Zafar A.K.; Ullah, Habib; Park, Jihae; Han, Taejun; Yu, Baoyi; Verpoort, Francis; Applied Catalysis A: General; vol. 591; (2020); Art.No: 117384",2020,valid,mixed_system,ethyl acetate
1524,Propylene oxide,"4-methyl-1,3-dioxolan-2-one",80.0,25.0,1.20002,3.0,N-trimethylanilinium bromide,,,,,,,,,,,,,,"Kinetics, Reagent/catalyst Li, Bo; Zhang, Lilong; Song, Yingying; Bai, Dongsheng; Jing, Huanwang; Journal of Molecular Catalysis A: Chemical; vol. 363-364; (2012); p. 26 - 30,5",2012,valid,unknown,
1526,Propylene oxide,"4-methyl-1,3-dioxolan-2-one",80.0,55.0,0.1,18.0,tetra-(n-butyl)ammonium iodide,,,,,,,,,,THF,,,,"álvarez-Ruiz, Elena;Navarro, Marta;Sancho, Ignacio;Fernández, Israel;Santamaría, Cristina;Hernán-Gómez, Alberto; Advanced Synthesis and Catalysis; vol. 367; nb. 18; (2025); Art.No: e70057",2025,valid,unknown,THF
1527,Propylene oxide,"4-methyl-1,3-dioxolan-2-one",80.0,45.0,,12.0,tetrabutylammonium bromide,,,,,,,,,,acetonitrile,,,,"With tetrabutylammomium bromide, C16H16N3O3SV in acetonitrile, Time= 12h, T= 45 °C , Sealed tube, Reagent/ catalyst Maurya, Mannar R.;Singh, Teenu;Dixit, Tejal;Venkatesh;Avecilla, Fernando;Sankar, Muniappan; Inorganic Chemistry; vol. 65; nb. 1; (2026); p. 372 - 394",2026,valid,ionic_liquid,acetonitrile
1528,Propylene oxide,"4-methyl-1,3-dioxolan-2-one",79.0,50.0,0.1,24.0,tetrabutylammonium bromide,,,,,,,,,,,,,,"Inert atmosphere, Schlenk technique, Catalytic behavior Martínez, Javier; Castro-Osma, José A.; Earlam, Amy; Alonso-Moreno, Carlos; Otero, Antonio; Lara-Sán‐ chez, Agustín; North, Michael; Rodríguez-Diéguez, Antonio; Chemistry - A European Journal; vol. 21; nb. 27; (2015); p. 9850 - 9862",2015,valid,ionic_liquid,
1529,Propylene oxide,"4-methyl-1,3-dioxolan-2-one",79.0,100.0,1.00001,3.0,potassium iodide,,18-crown-6 ether,,,,,,,,,,,,"Desens, Willi; Werner, Thomas; Advanced Synthesis and Catalysis; vol. 358; nb. 4; (2016); p. 622 - 630",2016,valid,metal_halide,
1531,Propylene oxide,"4-methyl-1,3-dioxolan-2-one",78.0,,0.10132,168.0,triphenylphosphine,,,,,,,,,,,,,,"Ambient temperature, use of var. cata‐ lysators and bases, Product distribution Ratzenhofer, Michael; Kisch, Horst; Angewandte Chemie; vol. 92; nb. 4; (1980); p. 303",1980,valid,unknown,
1532,Propylene oxide,"4-methyl-1,3-dioxolan-2-one",78.0,,0.10132,168.0,triphenylphosphine,,,,,,,,,,,,,,"Ambient temperature Ratzenhofer, Michael; Kisch, Horst; Angewandte Chemie; vol. 92; nb. 4; (1980); p. 303",1980,valid,unknown,
1535,Propylene oxide,"4-methyl-1,3-dioxolan-2-one",77.0,0.0,0.10133,3.0,tetrabutylammonium bromide,2.5,,,,,,,,,无溶剂,,,,"Product distribution / selectivity PatentUNIVERSITY OF NEWCASTLE UPON TYNE;NORTH, Michael; UNIVERSITY OF YORKUniversity of York; WO2008/132474; (2008); (A1) EnglishUNIVERSITY OF YORK",2008,valid,ionic_liquid,无溶剂
1536,Propylene oxide,"4-methyl-1,3-dioxolan-2-one",77.0,0.0,,3.0,tetrabutylammonium bromide,,salen,,,,,,,,,,,,"With {Al(salen)}2O, tetrabutylammomium bromide, Time= 3h, T= 0 °C Clegg, William; Harrington, Ross W.; North, Michael; Pasquale, Riccardo; Chemistry - A European Journal; vol. 16; nb. 23; (2010); p. 6828 - 6843",2010,valid,ionic_liquid,
1537,Propylene oxide,"4-methyl-1,3-dioxolan-2-one",77.0,80.0,3.00005,5.0,zinc diiodide,,,,,,,,,,ethyl acetate,,,,"Catalytic behavior, Reagent/catalyst, Temperature, Pressure Yang, Chaokun; Liu, Mengshuai; Zhang, Jiaxu; Wang, Xin; Jiang, Yichen; Sun, Jianmin; Molecular catalysis; vol. 450; (2018); p. 39 - 45",2018,valid,metal_halide,ethyl acetate
1539,Propylene oxide,"4-methyl-1,3-dioxolan-2-one",76.27,20.0,0.10133,,tetrabutylammonium bromide,,,,,,,,,,无溶剂,,,,"Autoclave, Catalytic behavior Hu, Hui; Zhang, Dashuai; Liu, Huiling; Jin, Yaoqiang; Gao, Jun; Zhang, Yongzheng; Liu, Zhongmin; Zhang, Xiuling; Geng, Longlong; Liu, Suijun; Zhang, Ranhui; Chinese Chemical Letters; vol. 32; nb. 1; (2021); p. 557 - 560",2021,valid,ionic_liquid,无溶剂
1541,Propylene oxide,"4-methyl-1,3-dioxolan-2-one",75.2,25.0,0.10133,48.0,tetrabutylammonium bromide,,pyridine,,,,,,,,,,,,"Sealed tube, Catalytic behavior, Reagent/catalyst Zhang, Xiuling; Jin, Yaoqiang; Wang, Guangyin; Liu, Aizhen; Zhang, Da-Shuai; Zhang, Yong-Zheng; Hu, Hui; Li, Tingting; Geng, Longlong; Journal of Solid State Chemistry; vol. 296; (2021); Art.No: 121979",2021,valid,mixed_system,
1542,Propylene oxide,"4-methyl-1,3-dioxolan-2-one",74.0,40.0,0.1,18.0,tetra-(n-butyl)ammonium iodide,,,,,,,,,,toluene,,,,"Green chemistry Hardman-Baldwin, Andrea M.; Mattson, Anita E.; ChemSusChem; vol. 7; nb. 12; (2014); p. 3275 - 3278",2014,valid,unknown,toluene
1544,Propylene oxide,"4-methyl-1,3-dioxolan-2-one",74.0,25.0,0.1,24.0,tetrabutylammonium bromide,,,,,,,,,,无溶剂,,,,"Microwave irradia‐ tion, Sealed tube Phan, Ha;de la Cruz-Sánchez, Pol;Cabrera-Afonso, María Jesús;Martín-Matute, Belén; Green Chemistry; vol. 27; nb. 9; (2025); p. 2439 - 2448",2025,valid,ionic_liquid,无溶剂
1545,Propylene oxide,"4-methyl-1,3-dioxolan-2-one",73.0,80.0,1.00001,12.0,tetrabutylammonium bromide,,,,,,,,,,,,,,PatentINST CHEMISTRY CAS; INSTITUTE OF CHEMISTRY OF CHINESE ACADEMY OF SCIENCES; CN112979606; (2021); (A) EnglishInstitute of Chemistry (in: CAS); CHINESE ACADEMY OF SCIENCES,2021,valid,ionic_liquid,
1548,Propylene oxide,"4-methyl-1,3-dioxolan-2-one",72.0,100.0,2.00003,2.0,tetrabutylammonium bromide,,,,,,,,,,,,,,"Inert at‐ mosphere, Reagent/catalyst, Pressure Ramírez-Cuellar, Karla P.; Salas-Martin, Karla P.; Méndez-Ocampo, Pedro A.; Martínez- dlCruz, Lorena; Gar‐ cía-Márquez, Alfonso; Guerrero-Ríos, Itzel; Catalysis Today; vol. 358; (2020); p. 45 - 50",2020,valid,ionic_liquid,
1549,Propylene oxide,"4-methyl-1,3-dioxolan-2-one",71.0,0.0,0.1,24.0,tetrabutylammonium bromide,,,,,,,,,,无溶剂,,,,"Castro-Osma, José A.; Lamb, Katie J.; North, Michael; ACS Catalysis; vol. 6; nb. 8; (2016); p. 5012 - 5025",2016,valid,ionic_liquid,无溶剂
1550,Propylene oxide,"4-methyl-1,3-dioxolan-2-one",71.0,100.0,2.00003,5.0,tetrabutylammonium bromide,,,,,,,,,,,,,,"Reagent/catalyst Zhao, Li-Yuan; Dong, Xiao-Ling; Chen, Jun-Yue; Lu, An-Hui; Chemistry - A European Journal; vol. 26; nb. 9; (2020); p. 2041 - 2050",2020,valid,ionic_liquid,
1551,Propylene oxide,"4-methyl-1,3-dioxolan-2-one",71.0,27.0,0.1,24.0,tetra-(n-butyl)ammonium iodide,,,,,,,,,,无溶剂,,,,"Sealed tube, Catalytic behavior Nayak, Prakash;Murali, Anna Chandrasekar;Pal, Pradeep Kumar;Priyakumar, U. Deva;Chandrasekhar, Vada‐ palli;Venkatasubbaiah, Krishnan; Inorganic Chemistry; vol. 61; nb. 37; (2022); p. 14511 - 14516",2022,valid,unknown,无溶剂
1552,Propylene oxide,"4-methyl-1,3-dioxolan-2-one",70.0,80.0,3.00005,16.0,tetra-(n-butyl)ammonium iodide,,,,,,,,,,dichloromethane,,,,"Auto‐ clave, Catalytic behavior, Reagent/catalyst Mu?oz, Bianca K.; Viciano, Mónica; Godard, Cyril; Castillón, Sergio; García-Ruiz, Mónica; Blanco González, Ma Dolores; Claver, Carmen; Inorganica Chimica Acta; vol. 517; (2020); Art.No: 120194",2020,valid,unknown,dichloromethane
1554,Propylene oxide,"4-methyl-1,3-dioxolan-2-one",69.7,120.0,4.50007,24.0,DMAP,,,,,,,,,,dichloromethane,,,,"Ren, Tiegang; Li, Weijie; Bu, Zhanwei; Yang, Lirong; Wang, Zhiqiang; Journal of Chemical Research; nb. 7; (2010); p. 361 - 364",2010,valid,mixed_system,dichloromethane
1555,Propylene oxide,"4-methyl-1,3-dioxolan-2-one",69.0,100.0,1.60002,2.0,DMAP,,,,,,,,,,,,,,"Ulusoy, Mahmut; Kilic, Ahmet; Durgun, Mustafa; Tasci, Zeynep; Cetinkaya, Bekir; Journal of Organometallic Chemistry; vol. 696; nb. 7; (2011); p. 1372 - 1379",2011,valid,mixed_system,
1557,Propylene oxide,"4-methyl-1,3-dioxolan-2-one",69.0,100.0,0.50001,16.0,imidazolium,,,,,,,,,,无溶剂,,,,"Auto‐ clave, Sealed tube Grollier, Kevin; Vu, Nam Duc; Onida, Killian; Akhdar, Ayman; Norsic, Sébastien; D'Agosto, Franck; Boisson, Christophe; Duguet, Nicolas; Advanced Synthesis and Catalysis; vol. 362; nb. 8; (2020); p. 1696 - 1705",2020,valid,ionic_liquid,无溶剂
1558,Propylene oxide,"4-methyl-1,3-dioxolan-2-one",69.57,20.0,0.10133,48.0,tetrabutylammonium bromide,,,,,,,,,,,,,,"Sealed tube, Reagent/catalyst Zhang, Xiuling;Fu, Junna;Wang, Guangyin;Hu, Hui;Zhang, Da-Shuai;Zhang, Yong-Zheng;Zhang, Yan- Kai;Zhang, Zhen-Wei;Zhou, Wen-Feng;Li, Ting-Ting;Lv, Dongjun;Geng, LonglongS0022459622000883; Jour‐ nal of Solid State Chemistry; vol. 309; (2022); Art.No: 122964",2022,valid,ionic_liquid,
1559,Propylene oxide,"4-methyl-1,3-dioxolan-2-one",69.0,60.0,0.10133,10.0,tetrabutylammonium bromide,,,,,,,,,,无溶剂,,,,"Green chemistry Sarkar, Somnath;Ghosh, Swarbhanu;Islam, Sk. Manirul; Organic and Biomolecular Chemistry; vol. 20; nb. 8; (2022); p. 1707 - 1722",2022,valid,ionic_liquid,无溶剂
1561,Propylene oxide,"4-methyl-1,3-dioxolan-2-one",68.5,100.0,1.60002,2.0,lithium bromide,,,,,,,,,,无溶剂,,,,"Kilic, Ahmet; Durgun, Mustafa; Aytar, Emine; Yavuz, Rahime; Journal of Organometallic Chemistry; vol. 858; (2018); p. 78 - 88",2018,valid,metal_halide,无溶剂
1562,Propylene oxide,"4-methyl-1,3-dioxolan-2-one",68.3,60.0,4.00006,24.0,tetra-(n-butyl)ammonium iodide,,,,,,,,,,DMF,dichloromethane,,,"Javadzade, Tahir A.;Hajiyeva, Sevinc R.;Chyragov, Famil M.;Nunes, Ana V.M.;Lasri, Jamal;Hamidov, Sahil Z.;Hasanov, Khudayar I.;Mahmudov, Kamran T.; Journal of Organometallic Chemistry; vol. 1046; (2026); Art.No: 123901",2026,valid,unknown,DMF; dichloromethane
1563,Propylene oxide,"4-methyl-1,3-dioxolan-2-one",67.0,10.0,0.10133,10.0,tetrabutylammonium bromide,,,,,,,,,,,,,,"Inert atmosphere, Catalytic behavior, Reagent/catalyst, Temperature, Time Vignesh Babu, Heeralal; Muralidharan, Krishnamurthi; Dalton Transactions; vol. 42; nb. 4; (2013); p. 1238 - 1248",2013,valid,ionic_liquid,
1564,Propylene oxide,"4-methyl-1,3-dioxolan-2-one",67.0,100.0,1.50002,2.0,imidazolium,,DMAP,,,,,,,,无溶剂,,,,"Coskun, Senem; Tasci, Zeynep; Ulusoy, Mahmut; Yurdakoc, Mueruevvet; Turkish Journal of Chemistry; vol. 38; nb. 4; (2014); p. 600 - 610",2014,valid,mixed_system,无溶剂
1566,Propylene oxide,"4-methyl-1,3-dioxolan-2-one",67.0,50.0,0.60001,5.0,tetrabutylammonium bromide,,,,,,,,,,,,,,"High pressure, Temperature, Pressure Zhang, Liangliang; Feng, Yang; He, Huihui; Liu, Yang; Weng, Jiena; Zhang, Peng; Huang, Wei; Catalysis To‐ day; vol. 374; (2021); p. 38 - 43",2021,valid,ionic_liquid,
1567,Propylene oxide,"4-methyl-1,3-dioxolan-2-one",66.0,120.0,1.00001,24.0,tetra-(n-butyl)ammonium hydroxide,,,,,,,,,,,,,,"Ema, Tadashi; Fukuhara, Kazuki; Sakai, Takashi; Ohbo, Masaki; Bai, Fu-Quan; Hasegawa, Jun-Ya; Catalysis science and technology; vol. 5; nb. 4; (2015); p. 2314 - 2321",2015,valid,unknown,
1571,Propylene oxide,"4-methyl-1,3-dioxolan-2-one",64.0,25.0,0.1,24.0,tetrabutylammonium bromide,,,,,,,,,,,,,,"Inert atmosphere, Schlenk technique Gaona, Miguel A.;de la Cruz-Martínez, Felipe;Caballero, María P.;Francés-Poveda, Enrique;Rodríguez, Ana M.;Rodríguez-Diéguez, Antonio;North, Michael;Castro-Osma, José A.;Lara-Sánchez, Agustín; Dalton Transac‐ tions; vol. 51; nb. 30; (2022); p. 11302 - 11315",2022,valid,ionic_liquid,
1573,Propylene oxide,"4-methyl-1,3-dioxolan-2-one",63.0,0.0,0.10133,24.0,tetrabutylammonium bromide,,,,,,,,,,,,,,"Meléndez, Jaisiel;North, Michael;Pasquale, Riccardo; European Journal of Inorganic Chemistry; vol. 21; (2007); p. 3323 - 3326",2007,valid,ionic_liquid,
1577,Propylene oxide,"4-methyl-1,3-dioxolan-2-one",60.0,50.0,1.00001,24.0,tetrabutylammonium bromide,,,,,,,,,,无溶剂,,,,"Wu, Xiao; North, Michael; ChemSusChem; vol. 10; nb. 1; (2017); p. 74 - 78",2017,valid,ionic_liquid,无溶剂
1578,Propylene oxide,"4-methyl-1,3-dioxolan-2-one",59.0,,0.96001,0.25,potassium iodide,,,,,,,,,,,,,,"Microwave irradiation, Green chemistry Tharun, Jose; Mathai, George; Kathalikkattil, Amal Cherian; Roshan, Roshith; Kwak, Joo-Young; Park, Dae- Won; Green Chemistry; vol. 15; nb. 6; (2013); p. 1673 - 1677",2013,valid,metal_halide,
1580,Propylene oxide,"4-methyl-1,3-dioxolan-2-one",59.0,25.0,0.1,24.0,tetrabutylammonium bromide,,,,,,,,,,无溶剂,,,,"Gaona, Miguel A.; De La Cruz-Martínez, Felipe; Fernández-Baeza, Juan; Sánchez-Barba, Luis F.; Alonso-Mor‐ eno, Carlos; Rodríguez, Ana M.; Rodríguez-Diéguez, Antonio; Castro-Osma, José A.; Otero, Antonio; Lara- Sánchez, Agustín; Dalton Transactions; vol. 48; nb. 13; (2019); p. 4218 - 4227",2019,valid,ionic_liquid,无溶剂
1582,Propylene oxide,"4-methyl-1,3-dioxolan-2-one",58.0,25.0,0.10133,48.0,tetrabutylammonium bromide,,,,,,,,,,,,,,"Ng, Chee Koon; Toh, Ren Wei; Lin, Ting Ting; Luo, He-Kuan; Hor, T. S. Andy; Wu, Jie; Chemical Science; vol. 10; nb. 5; (2019); p. 1549 - 1554",2019,valid,ionic_liquid,
1583,Propylene oxide,"4-methyl-1,3-dioxolan-2-one",57.0,100.0,0.50001,24.0,tetrabutylammonium bromide,,,,,,,,,,chlorobenzene,,,,"Flow reactor, Cata‐ lytic behavior, Reagent/catalyst James, Bryant R.; Boissonnault, Jake A.; Wong-Foy, Antek G.; Matzger, Adam J.; Sanford, Melanie S.; RSC Advances; vol. 8; nb. 4; (2018); p. 2132 - 2137",2018,valid,ionic_liquid,chlorobenzene
1584,Propylene oxide,"4-methyl-1,3-dioxolan-2-one",57.2,120.0,2.50004,3.0,imidazolium chloride,,imidazolium,,,,,,,,,,,,"Reagent/catalyst, Temperature PatentINST PROCESS ENG CAS; INSTITUTE OF PROCESS ENGINEERING CAS; CN109776480; (2019); (A) EnglishInstitute of Process Engineering (in: CAS); CHINESE ACADEMY OF SCIENCES",2019,valid,ionic_liquid,
1585,Propylene oxide,"4-methyl-1,3-dioxolan-2-one",56.0,80.0,0.10133,10.0,"1,8-diazabicyclo[5.4.0]undec-7-ene",,zinc dibromide,,,,,,,,,,,,"Seo, Ue Ryung; Chung, Young Keun; Advanced Synthesis and Catalysis; vol. 356; nb. 9; (2014); p. 1955 - 1961",2014,valid,metal_halide,
1586,Propylene oxide,"4-methyl-1,3-dioxolan-2-one",56.0,20.0,0.10133,48.0,tetrabutylammonium bromide,,,,,,,,,,,,,,"Reagent/catalyst Kumar, Ram; Rao; Dalton Transactions; vol. 46; nb. 25; (2017); p. 7998 - 8003",2017,valid,ionic_liquid,
1589,Propylene oxide,"4-methyl-1,3-dioxolan-2-one",52.0,100.0,1.50002,2.0,lithium bromide,,DMAP,,,,,,,,,,,,"Catalytic behavior Kilic, Ahmet; Palali, Ahmet Arif; Durgun, Mustafa; Tasci, Zeynep; Ulusoy, Mahmut; Spectrochimica Acta Part A: Molecular and Biomolecular Spectroscopy; vol. 113; (2013); p. 432 - 438",2013,valid,mixed_system,
1590,Propylene oxide,"4-methyl-1,3-dioxolan-2-one",51.0,20.0,0.10133,24.0,tetrabutylammonium bromide,,,,,,,,,,无溶剂,,,,"Schlenk technique, Sealed tube Hossain, Md. Saddam;Yuasa, Mayu;Kametani, Yohei;Shiota, Yoshihito;Hoshino, Yu;Shichijo, Keita;Fujitsuka, Mamoru;Shimakoshi, Hisashi; Chemistry - A European Journal; vol. 31; nb. 45; (2025); Art.No: e01845",2025,valid,ionic_liquid,无溶剂
1592,Propylene oxide,"4-methyl-1,3-dioxolan-2-one",50.0,0.0,,,tetrabutylammonium bromide,,,,,,,,,,cyclohexane,,,,"With [aluminum((1R,2R)-N,N′-bis(3,5-di-tert-butyl-salicylidene)cyclohexane-1,2-diamine)2O], tetrabutylammomium bromide, T= 0 - 20 °C North, Michael; Pasquale, Riccardo; Angewandte Chemie - International Edition; vol. 48; (2009); p. 2946 - 2948; Angew. Chem., Int. Ed.; vol. 121; (2009); p. 2990 - 2992",2009,valid,ionic_liquid,cyclohexane
1594,Propylene oxide,"4-methyl-1,3-dioxolan-2-one",49.8,120.0,3.00005,1.0,triphenylphosphine,,,,,,,,,,,,,,"Catalytic behavior, Reagent/catalyst, Tempera‐ ture, Pressure, Time Li, Cunyao; Wang, Wenlong; Yan, Li; Wang, Yuqing; Jiang, Miao; Ding, Yunjie; Journal of Materials Chemistry A; vol. 4; nb. 41; (2016); p. 16017 - 16027",2016,valid,unknown,
1595,Propylene oxide,"4-methyl-1,3-dioxolan-2-one",48.3,50.0,0.10133,8.0,1-butyl-3-methylimidazolium bromide,,,,,,,,,,acetonitrile,water,ethyl acetate,diethyl ether,"Niu, Dongfang; Wu, Zhijuan; Zhang, Lipu; Du, Rongbin; Xu, Heng; Zhang, Xinsheng; Cuihua Xuebao/Chinese Journal of Catalysis; vol. 37; nb. 7; (2016); p. 1076 - 1080",2016,valid,ionic_liquid,acetonitrile; water; ethyl acetate; diethyl ether
1596,Propylene oxide,"4-methyl-1,3-dioxolan-2-one",44.0,120.0,3.00005,1.0,imidazolium bromide,,,,,,,,,,,,,,"Catalytic behavior, Reagent/catalyst, Temperature Wang, Wenlong; Li, Cunyao; Yan, Li; Wang, Yuqing; Jiang, Miao; Ding, Yunjie; ACS Catalysis; vol. 6; nb. 9; (2016); p. 6091 - 6100",2016,valid,ionic_liquid,
1597,Propylene oxide,"4-methyl-1,3-dioxolan-2-one",43.0,0.0,0.1,12.0,tetrabutylammonium bromide,,,,,,,,,,无溶剂,,,,"De, Dinesh; Bhattacharyya, Aditya; Bharadwaj, Parimal K.; Inorganic Chemistry; vol. 56; nb. 18; (2017); p. 11443 - 11449",2017,valid,ionic_liquid,无溶剂
1598,Propylene oxide,"4-methyl-1,3-dioxolan-2-one",42.0,50.0,0.1,12.0,tetrabutylammonium bromide,,,,,,,,,,无溶剂,,,,"Song, Tian-Qun; Dong, Jie; Gao, Hong-Ling; Cui, Jian-Zhong; Zhao, Bin; Dalton Transactions; vol. 46; nb. 40; (2017); p. 13862 - 13868",2017,valid,ionic_liquid,无溶剂
1599,Propylene oxide,"4-methyl-1,3-dioxolan-2-one",41.0,135.0,1.96119,12.0,magnesium oxide,,,,,,,,,,,,,,"Yano, Takashi; Matsui, Hideo; Koike, Takahiro; Ishiguro, Hiroyasu; Fujihara, Hisashi; Yoshihara, Masakuni; Maeshima, Toshihisa; Chemical Communications; nb. 12; (1997); p. 1129 - 1130",1997,valid,metal_halide,
1600,Propylene oxide,"4-methyl-1,3-dioxolan-2-one",41.4,150.0,,2.0,potassium iodide,,,,,,,,,,,,,,"With potassium iodide, zinc(II) oxide, Time= 2h, T= 150 °C , Cycloaddition, Product distribution, Further Variations: Catalysts, Temperatures, Pressures Zhao, Tiansheng; Han, Yizhuo; Sun, Yuhan; Physical Chemistry Chemical Physics; vol. 1; nb. 12; (1999); p. 3047 -3051",1999,valid,metal_halide,
1601,Propylene oxide,"4-methyl-1,3-dioxolan-2-one",41.4,150.0,,2.0,potassium iodide,,,,,,,,,,,,,,"With potassium iodide, zinc(II) oxide, Time= 2h, T= 150 °C , Cycloaddition Zhao, Tiansheng; Han, Yizhuo; Sun, Yuhan; Physical Chemistry Chemical Physics; vol. 1; nb. 12; (1999); p. 3047 -3051",1999,valid,metal_halide,
1602,Propylene oxide,"4-methyl-1,3-dioxolan-2-one",41.0,130.0,1.00001,4.0,pyridine,,,,,,,,,,无溶剂,,,,"Li, Yi-Meng; Yang, Li; Sun, Lei; Ma, Lei; Deng, Wei-Qiao; Li, Zhen; Journal of Materials Chemistry A; vol. 7; nb. 45; (2019); p. 26071 - 26076",2019,valid,organic_base,无溶剂
1603,Propylene oxide,"4-methyl-1,3-dioxolan-2-one",37.0,22.0,0.101325,5.0,tetrabutylammonium bromide,,,,,,,,,,,,,,"With yttrium(III) chloride, tetrabutylammomium bromide, Time= 5h, T= 22 °C , Inert atmosphere, Schlenk technique, chemoselective reaction Barthel, Alexander; Saih, Youssef; Gimenez, Michel; Pelletier, Jérémie D. A.; Kühn; D'Elia, Valerio; Basset, Jean-Marie; Green Chemistry; vol. 18; nb. 10; (2016); p. 3116 - 3123",2016,valid,ionic_liquid,
1604,Propylene oxide,"4-methyl-1,3-dioxolan-2-one",33.8,90.0,1.00001,48.0,tetrabutylammonium bromide,,,,,,,,,,无溶剂,,,,Reagent/catalyst PatentUNIWERSYTET WARSZAWSKI; UNIVERSITY OF WARSAWUniversity of Warsaw; WO2025/120614; (2025); (A1) EnglishUNIVERSITY OF WARSAW,2025,valid,ionic_liquid,无溶剂
1606,Propylene oxide,"4-methyl-1,3-dioxolan-2-one",23.6,80.0,1.20002,6.0,tetrabutylammonium chloride,0.3,tetrabutylammonium bromide,0.3,tetra-(n-butyl)ammonium iodide,0.3,tetrabutylammonium iodide,0.3,,,methanol,toluene,,,"Auto‐ clave, Reagent/catalyst Kim, Han-Ung; Babu, Robin; Roshan, Roshith; Park, Dae-Won; Applied Catalysis A: General; vol. 538; (2017); p. 59 - 65",2017,valid,ionic_liquid,methanol; toluene
1607,Propylene oxide,"4-methyl-1,3-dioxolan-2-one",19.8,100.0,1.60002,2.0,tetrabutylammonium bromide,,,,,,,,,,无溶剂,,,,"Green chemistry, Solvent Shao, Dan; Shi, Jinbiao; Zhang, Jianling; Tan, Xiuniang; Luo, Tian; Cheng, Xiuyan; Zhang, Bingxing; Han, Buxing; Chemistry - An Asian Journal; vol. 13; nb. 4; (2018); p. 386 - 389",2018,valid,ionic_liquid,无溶剂
1608,Propylene oxide,"4-methyl-1,3-dioxolan-2-one",17.7,100.0,1.60002,2.0,DMAP,,,,,,,,,,,,,,"Sogukomerogullari, Hatice Gamze;Aytar, Emine; Polyhedron; vol. 267; (2025); Art.No: 117316",2025,valid,mixed_system,
1610,Propylene oxide,"4-methyl-1,3-dioxolan-2-one",15.0,25.0,0.10133,24.0,tetrabutylammonium bromide,,,,,,,,,,无溶剂,,,,"Chand, Hushan;Allasia, Nicolò;Cipriano, Luis A.;Liberto, Giovanni Di;Kwon, Ik Seon;Zhang, Min;Pacchioni, Gianfranco;Krishnan, Venkata;Vilé, Gianvito; ChemCatChem; vol. 17; nb. 5; (2025); Art.No: e202401768",2025,valid,ionic_liquid,无溶剂
1611,Propylene oxide,"4-methyl-1,3-dioxolan-2-one",13.0,80.0,1.50002,1.0,1-methyl-1-N-propylpyrrolidinium bromide,,pyridine,,,,,,,,,,,,"Wong, Wing-Leung; Cheung, Kwong-Chak; Chan, Pak-Ho; Zhou, Zhong-Yuan; Lee, Kam-Han; Wong, Kwok- Yin; Chemical Communications; nb. 21; (2007); p. 2175 - 2177",2007,valid,organic_base,
1612,Propylene oxide,"4-methyl-1,3-dioxolan-2-one",12.9,20.0,0.15,1.5,1-ethyl-1-methylpyrrolidinium bromide,,,,,,,,,,,,,,"Catalytic behavior Lu, Jingkun; Ma, Xinyi; Singh, Vikram; Zhang, Yujiao; Wang, Ping; Feng, Junwei; Ma, Pengtao; Niu, Jin‐ gyang; Wang, Jingping; Inorganic Chemistry; vol. 57; nb. 23; (2018); p. 14632 - 14643",2018,valid,unknown,
1613,Propylene oxide,"4-methyl-1,3-dioxolan-2-one",7.0,25.0,0.1,24.0,tetrabutylammonium bromide,,,,,,,,,,无溶剂,,,,"Re‐ agent/catalyst Castro-Osma, José A.; North, Michael; Wu, Xiao; Chemistry - A European Journal; vol. 22; nb. 6; (2016); p. 2100 -2107",2016,valid,ionic_liquid,无溶剂
1614,Propylene oxide,"4-methyl-1,3-dioxolan-2-one",72.0,180.0,5.06624,2.0,pyridine,,,,,,,,,,,,,,"other reagents, other tempera‐",,valid,organic_base,
1622,Propylene oxide,"4-methyl-1,3-dioxolan-2-one",92.0,155.0,1.82384,5.5,triphenylphosphine,,,,,,,,,,,,,,Unknown reference,,valid,unknown,
1624,Propylene oxide,"4-methyl-1,3-dioxolan-2-one",99.0,60.0,13.99988,2.0,imidazolium,,,,,,,,,,,,,,Unknown reference,,valid,ionic_liquid,
1626,Propylene oxide,"4-methyl-1,3-dioxolan-2-one",46.0,110.0,,20.0,bromopentacarbonylrhenium,,,,,,,,,,,,,,"With bromopentacarbonylrhenium, Time= 20h, T= 110 °C , high pressure",,valid,unknown,
1628,Propylene oxide,"4-methyl-1,3-dioxolan-2-one",98.0,119.8,7.99996,6.0,PEG6000(NBu3Br)2,,,,,,,,,,,,,,"Product distribution, Further Variations: Temper‐",,valid,unknown,
1630,Propylene oxide,"4-methyl-1,3-dioxolan-2-one",100.0,75.0,0.34475,1.5,DMAP,,,,,,,,,,dichloromethane,,,,Paddock; Nguyen; Journal of the American Chemical Society; vol. 123; nb. 46; (2001); p. 11498 - 11499,2001,valid,mixed_system,dichloromethane
1631,Propylene oxide,"4-methyl-1,3-dioxolan-2-one",99.0,120.0,,1.0,DMAP,,,,,,,,,,dichloromethane,,,,"With dmap, CoTPP(Cl) in dichloromethane, Time= 1h, T= 120 °C Paddock, Robert L.; Hiyama, Yaeko; McKay, Jonathan M.; Nguyen, SonBinh T.; Tetrahedron Letters; vol. 45; nb. 9; (2004); p. 2023 - 2026",2004,valid,mixed_system,dichloromethane
1632,Propylene oxide,"4-methyl-1,3-dioxolan-2-one",99.0,110.0,4.00006,4.0,polyethylene glycol-supported hexaalkylguanidinium bromide,,,,,,,,,,,,,,"Dou, Xiao-Yong; Wang, Jin-Quan; Du, Ya; Wang, Er; He, Liang-Nian; Synlett; nb. 19; (2007); p. 3058 - 3062",2007,valid,unknown,
1633,Propylene oxide,"4-methyl-1,3-dioxolan-2-one",9.5,130.0,9.11925,0.25,aluminum chloride,,,,,,,,,,,,,,Product distribution / selectivity PatentAFANASIEV VLADIMIR V;ZEFIROV NIKOLAI S;ZALEPUGIN DMITRY Y;POLYAKOV VICTOR S;TILKUNO‐ VA NATALIYA A;TOMILOVA LARISA G; UNITED STATES DEPARTMENT OF ENERGY; US2007/78268; (2007); (A1) EnglishGOVERNMENT OF THE UNITED STATES,2007,valid,metal_halide,
1634,Propylene oxide,"4-methyl-1,3-dioxolan-2-one",99.0,125.0,2.00003,1.0,imidazolium bromide,,,,,,,,,,,,,,Unknown reference,,valid,ionic_liquid,
1639,Propylene oxide,"4-methyl-1,3-dioxolan-2-one",97.6,50.0,6.00009,4.0,tetrabutylammonium bromide,,,,,,,,,,,,,,"Song, Jinliang; Zhang, Zhaofu; Hu, Suqin; Wu, Tianbin; Jiang, Tao; Han, Buxing; Green Chemistry; vol. 11; nb. 7; (2009); p. 1031 - 1036",2009,valid,ionic_liquid,
1640,Propylene oxide,"4-methyl-1,3-dioxolan-2-one",98.0,150.0,4.00006,12.0,1-butyl-3-methylimidazolium alanine,,,,,,,,,,无溶剂,,,,"neat (no solvent) Wu, Fang; Dou, Xiao-Yong; He, Liang-Nian; Miao, Cheng-Xia; Letters in Organic Chemistry; vol. 7; nb. 1; (2010); p. 73 - 78",2010,valid,ionic_liquid,无溶剂
1641,Propylene oxide,"4-methyl-1,3-dioxolan-2-one",99.2,120.0,2.50004,4.0,imidazolium bromide,,,,,,,,,,,,,,"Dai, Wei-Li; Chen, Lang; Yin, Shuang-Feng; Luo, Sheng-Lian; Au, Chak-Tong; Catalysis Letters; vol. 135; nb. 3-4; (2010); p. 295 - 304",2010,valid,ionic_liquid,
1642,Propylene oxide,"4-methyl-1,3-dioxolan-2-one",10.4,100.0,1.60002,2.0,DMAP,,,,,,,,,,,,,,"Kilic, Ahmet; Ulusoya, Mahmut; Durgun, Mustafa; Tasci, Zeynep; Yilmaz, Ismail; Cetinkaya, Bekir; Applied Or‐ ganometallic Chemistry; vol. 24; nb. 6; (2010); p. 446 - 453",2010,valid,mixed_system,
1644,Propylene oxide,"4-methyl-1,3-dioxolan-2-one",97.0,140.0,1.00001,2.0,"1,8-diazabicyclo[5.4.0]undec-7-ene",,,,,,,,,,,,,,"cycload‐ dition, Kinetics, Mechanism, Reagent/catalyst, Pressure, Temperature, Time, chemoselective reaction Yang, Zhen-Zhen; He, Liang-Nian; Miao, Cheng-Xia; Chanfreau, Sebastien; Advanced Synthesis and Catalysis; vol. 352; nb. 13; (2010); p. 2233 - 2240",2010,valid,unknown,
1645,Propylene oxide,"4-methyl-1,3-dioxolan-2-one",94.0,120.0,2.00003,1.0,sodium iodide,,,,,,,,,,,,,,"Zhou, Xi; Zhang, Yi; Yang, Xiangui; Yao, Jie; Wang, Gongying; Cuihua Xuebao/Chinese Journal of Catalysis; vol. 31; nb. 7; (2010); p. 765 - 768",2010,valid,metal_halide,
1646,Propylene oxide,"4-methyl-1,3-dioxolan-2-one",90.0,45.0,1.00001,18.0,tetra-(n-butyl)ammonium iodide,,,,,,,,,,dichloromethane,,,,"Decortes, Antonello; Martinez Belmonte, Marta; Benet-Buchholz, Jordi; Kleij, Arjan W.; Chemical Communica‐ tions; vol. 46; nb. 25; (2010); p. 4580 - 4582",2010,valid,unknown,dichloromethane
1648,Propylene oxide,"4-methyl-1,3-dioxolan-2-one",82.0,20.0,0.1,5.0,triphenylphosphine,,,,,,,,,,无溶剂,,,,"neat (no solvent), chemoselec‐ tive reaction Shibata, Ikuya; Mitani, Ikuko; Imakuni, Akira; Baba, Akio; Tetrahedron Letters; vol. 52; nb. 6; (2011); p. 721 - 723",2011,valid,unknown,无溶剂
1651,Propylene oxide,"4-methyl-1,3-dioxolan-2-one",87.0,45.0,1.00001,68.0,tetra-(n-butyl)ammonium iodide,,,,,,,,,,,,,,"Haak, Robert M.; Decortes, Antonello; Escudero-Adan, Eduardo C.; Belmonte, Marta Martinez; Martin, Eddy; Benet-Buchholz, Jordi; Kleij, Arjan W.; Inorganic Chemistry; vol. 50; nb. 17; (2011); p. 7934 - 7936",2011,valid,unknown,
1652,Propylene oxide,"4-methyl-1,3-dioxolan-2-one",88.6,100.0,1.60002,12.0,DMAP,,,,,,,,,,,,,,"Ulusoy, Mahmut; Sahin, Onur; Kilic, Ahmet; Bueyuekguengoer, Orhan; Catalysis Letters; vol. 141; nb. 5; (2011); p. 717 - 725",2011,valid,mixed_system,
1654,Propylene oxide,"4-methyl-1,3-dioxolan-2-one",99.0,120.0,1.00001,3.0,BrTBDPEG150TBDBr,,,,,,,,,,无溶剂,,,,"Neat (no solvent) Yang, Zhen-Zhen; Zhao, Ya-Nan; He, Liang-Nian; Gao, Jian; Yin, Zhong-Shu; Green Chemistry; vol. 14; nb. 2; (2012); p. 519 - 527",2012,valid,unknown,无溶剂
1655,Propylene oxide,"4-methyl-1,3-dioxolan-2-one",74.0,25.0,,18.0,tetra-(n-butyl)ammonium iodide,,,,,,,,,,,,,,"With C54H60Fe2N2O6, tetra-(n-butyl)ammonium iodide in butanone, Time= 18h, T= 25 °C Whiteoak, Christopher J.; Martin, Eddy; Belmonte, Marta Martinez; Benet-Buchholz, Jordi; Kleij, Arjan W.; Advanced Synthesis and Catalysis; vol. 354; nb. 2-3; (2012); p. 469 - 476",2012,valid,unknown,
1656,Propylene oxide,"4-methyl-1,3-dioxolan-2-one",90.0,45.0,1.00001,18.0,tetra-(n-butyl)ammonium iodide,,,,,,,,,,,,,,"Anselmo, Daniele; Bocokic, Vladica; Decortes, Antonello; Escudero-Adan, Eduardo C.; Benet-Buchholz, Jor‐ di; Reek, Joost N.H.; Kleij, Arjan W.; Polyhedron; vol. 32; nb. 1; (2012); p. 49 - 53",2012,valid,unknown,
1657,Propylene oxide,"4-methyl-1,3-dioxolan-2-one",98.0,110.0,1.76002,2.0,imidazolium chloride,,,,,,,,,,无溶剂,,,,"Neat (no solvent) Han, Lina; Park, Moon-Seok; Choi, Soo-Jin; Kim, Yu-Jin; Lee, Seon-Myong; Park, Dae-Won; Catalysis Letters; vol. 142; nb. 2; (2012); p. 259 - 266",2012,valid,ionic_liquid,无溶剂
1658,Propylene oxide,"4-methyl-1,3-dioxolan-2-one",96.0,120.0,2.00003,4.0,1-ethyl-3-methylimidazolium bromide,,,,,,,,,,,,,,"Sun, Jian; Wang, Jinquan; Cheng, Weiguo; Zhang, Jianxin; Li, Xiaohua; Zhang, Suojiang; She, Yuanbin; Green Chemistry; vol. 14; nb. 3; (2012); p. 654 - 660",2012,valid,ionic_liquid,
1659,Propylene oxide,"4-methyl-1,3-dioxolan-2-one",97.7,100.0,2.00003,4.0,potassium iodide,,,,,,,,,,无溶剂,,,,"Neat (no solvent) Song, Jinliang; Zhang, Binbin; Zhang, Peng; Ma, Jun; Liu, Jinli; Fan, Honglei; Jiang, Tao; Han, Buxing; Catal‐ ysis Today; vol. 183; nb. 1; (2012); p. 130 - 135",2012,valid,metal_halide,无溶剂
1661,Propylene oxide,"4-methyl-1,3-dioxolan-2-one",88.0,25.0,1.00001,18.0,tetrabutylammonium bromide,,,,,,,,,,THF,,,,"Catalytic behavior, Solvent, Reagent/catalyst Whiteoak, Christopher J.; Martin, Eddy; Belmonte, Marta Martinez; Escudero-Adan, Eduardo C.; Kleij, Arjan. W.; Gjoka, Blerina; Zonta, Cristiano; Licini, Giulia; Inorganic Chemistry; vol. 51; nb. 20; (2012); p. 10639 - 10649,11",2012,valid,ionic_liquid,THF
1662,Propylene oxide,"4-methyl-1,3-dioxolan-2-one",42.0,120.0,,8.0,imidazolium,,,,,,,,,,,,,,"With cross-linked imidazolium salt entrapped silica coated iron oxide nanoparticles, Time= 8h, T= 120 °C , Auto‐ clave, Catalytic behavior, Reagent/catalyst Agrigento, Paola; Beier, Matthias J.; Knijnenburg, Jesper T.N.; Baiker, Alfons; Gruttadauria, Michelangelo; Journal of Materials Chemistry; vol. 22; nb. 38; (2012); p. 20728 - 20735",2012,valid,ionic_liquid,
1664,Propylene oxide,"4-methyl-1,3-dioxolan-2-one",65.0,100.0,1.50002,2.0,lithium bromide,,DMAP,,,,,,,,,,,,"Kilic, Ahmet; Palali, Ahmet Arif; Durgun, Mustafa; Tasci, Zeynep; Ulusoy, Mahmut; Dagdevren, Metin; Yilmaz, Ismail; Inorganica Chimica Acta; vol. 394; (2013); p. 635 - 644",2013,valid,mixed_system,
1666,Propylene oxide,"4-methyl-1,3-dioxolan-2-one",98.8,130.0,2.50004,2.0,potassium iodide,,,,,,,,,,,,,,"Zhou, Liang; Liu, Yuanfeng; He, Zhenhong; Luo, Yanping; Zhou, Feng; Yu, Erlei; Hou, Zhenshan; Eli, Wu‐ manjiang; Journal of Chemical Research; vol. 37; nb. 2; (2013); p. 102 - 104",2013,valid,metal_halide,
1669,Propylene oxide,"4-methyl-1,3-dioxolan-2-one",97.0,70.0,0.40001,22.0,tetrabutylammonium bromide,,,,,,,,,,,,,,"Inert atmosphere, Green chemistry, Time, Reagent/catalyst Wilhelm, Michael E.; Anthofer, Michael H.; Cokoja, Mirza; Markovits, Iulius I. E.; Herrmann, Wolfgang A.; Kühn, Fritz E.; ChemSusChem; vol. 7; nb. 5; (2014); p. 1357 - 1360",2014,valid,ionic_liquid,
1671,Propylene oxide,"4-methyl-1,3-dioxolan-2-one",94.0,120.0,1.00001,9.0,imidazolium,,,,,,,,,,无溶剂,,,,"Yang, Zhen-Zhen; Zhao, Yanfei; Ji, Guipeng; Zhang, Hongye; Yu, Bo; Gao, Xiang; Liu, Zhimin; Green Chemis‐ try; vol. 16; nb. 8; (2014); p. 3724 - 3728",2014,valid,ionic_liquid,无溶剂
1673,Propylene oxide,"4-methyl-1,3-dioxolan-2-one",95.0,120.0,2.00003,2.0,potassium iodide,,,,,,,,,,,,,,"Catalytic behavior, Pressure, Tempera‐ ture Sun, Yong-Bin; Cao, Chang-Yan; Yang, Shu-Liang; Huang, Pei-Pei; Wang, Chun-Ru; Song, Wei-Guo; Chemi‐ cal Communications; vol. 50; nb. 71; (2014); p. 10307 - 10310",2014,valid,metal_halide,
1674,Propylene oxide,"4-methyl-1,3-dioxolan-2-one",94.0,20.0,1.00001,1.5,imidazolium,,,,,,,,,,,,,,"Reagent/catalyst Wang, Jinquan; Leong, Jiayu; Zhang, Yugen; Green Chemistry; vol. 16; nb. 10; (2014); p. 4515 - 4519",2014,valid,ionic_liquid,
1675,Propylene oxide,"4-methyl-1,3-dioxolan-2-one",11.6,70.0,1.00001,1.0,1-ethyl-1-methylpyrrolidinium bromide,,,,,,,,,,,,,,"Catalytic behavior Huo, Zhiyuan; Zhao, Juan; Bu, Zhanwei; Ma, Pengtao; Liu, Qisen; Niu, Jingyang; Wang, Jingping; Chem‐ CatChem; vol. 6; nb. 11; (2014); p. 3096 - 3100",2014,valid,unknown,
1677,Propylene oxide,"4-methyl-1,3-dioxolan-2-one",58.7,150.0,8.00012,3.0,imidazolium bromide,,imidazolium,,,,,,,,dichloromethane,,,,"Buaki-Sogo, Mireia; Garcia, Hermenegildo; Aprile, Carmela; Catalysis science and technology; vol. 5; nb. 2; (2015); p. 1222 - 1230",2015,valid,ionic_liquid,dichloromethane
1680,Propylene oxide,"4-methyl-1,3-dioxolan-2-one",78.0,120.0,1.00001,4.0,imidazolium,,,,,,,,,,ethanol,,,,"Reagent/catalyst, Time Wang, Jinquan; Sng, Waihong; Yi, Guangshun; Zhang, Yugen; Chemical Communications; vol. 51; nb. 60; (2015); p. 12076 - 12079",2015,valid,ionic_liquid,ethanol
1681,Propylene oxide,"4-methyl-1,3-dioxolan-2-one",10.8,70.0,1.00001,1.0,1-ethyl-1-methylpyrrolidinium bromide,,,,,,,,,,,,,,"Huo, Zhiyuan; Guo, Jipeng; Lu, Jingkun; Xu, Qiaofei; Ma, Pengtao; Zhao, Juan; Zhang, Dongdi; Niu, Jin‐ gyang; Wang, Jingping; RSC Advances; vol. 5; nb. 84; (2015); p. 69006 - 69009",2015,valid,unknown,
1684,Propylene oxide,"4-methyl-1,3-dioxolan-2-one",82.7,140.0,2.00003,4.0,imidazolium,,,,,,,,,,water,,,,"Pressure, Time, Tempera‐ ture, Concentration Feng, Miaona; Zhao, Guoying; Gao, Hongling; Zhang, Suojiang; Australian Journal of Chemistry; vol. 68; nb. 10; (2015); p. 1513 - 1517",2015,valid,ionic_liquid,water
1687,Propylene oxide,"4-methyl-1,3-dioxolan-2-one",99.0,80.0,1.00001,6.0,tetra-(n-butyl)ammonium iodide,,pyridine,,,,,,,,,,,,"Green chemistry, Reagent/catalyst Ma, Ran; He, Liang-Nian; Zhou, Yue-Biao; Green Chemistry; vol. 18; nb. 1; (2016); p. 226 - 231",2016,valid,organic_base,
1689,Propylene oxide,"4-methyl-1,3-dioxolan-2-one",99.0,100.0,3.00005,12.0,pyridine,,,,,,,,,,,,,,"Inert atmosphere Buyukcakir, Onur; Je, Sang Hyun; Choi, Dong Shin; Talapaneni, Siddulu Naiudu; Seo, Yongbeom; Jung, You‐ sung; Polychronopoulou, Kyriaki; Coskun, Ali; Chemical Communications; vol. 52; nb. 5; (2016); p. 934 - 937",2016,valid,organic_base,
1690,Propylene oxide,"4-methyl-1,3-dioxolan-2-one",97.0,30.0,1.00001,48.0,tetrabutylammonium bromide,,,,,,,,,,,,,,"chemoselective reaction Liu, Mei-Pin; Luo, Yan-Ping; Xu, Lei; Sun, Lin; Du, Hong-Bin; Dalton Transactions; vol. 45; nb. 6; (2016); p. 2369 -2373",2016,valid,ionic_liquid,
1691,Propylene oxide,"4-methyl-1,3-dioxolan-2-one",91.0,,1.00001,12.0,tetra-(n-butyl)ammonium iodide,,,,,,,,,,无溶剂,,,,"Green chemistry Saptal, Vitthal B.; Sasaki, Takehiko; Harada, Kei; Nishio-Hamane, Daisuke; Bhanage, Bhalchandra M.; Chem‐ SusChem; vol. 9; nb. 6; (2016); p. 644 - 650",2016,valid,unknown,无溶剂
1692,Propylene oxide,"4-methyl-1,3-dioxolan-2-one",9.5,100.0,1.60002,2.0,lithium bromide,,DMAP,,,,,,,,,,,,"Oncel, Nurdal; Kasumov, Veli T.; Sahin, Ertan; Ulusoy, Mahmut; Journal of Organometallic Chemistry; vol. 811; (2016); p. 81 - 90",2016,valid,mixed_system,
1694,Propylene oxide,"4-methyl-1,3-dioxolan-2-one",93.9,80.0,2.00003,4.0,tetrabutylammonium bromide,,,,,,,,,,,,,,"Catalytic behavior, Temperature, Pressure, Reagent/catalyst Liu, Lin; Wang, Shi-Ming; Han, Zheng-Bo; Ding, Meili; Yuan, Da-Qiang; Jiang, Hai-Long; Inorganic Chemistry; vol. 55; nb. 7; (2016); p. 3558 - 3565",2016,valid,ionic_liquid,
1695,Propylene oxide,"4-methyl-1,3-dioxolan-2-one",93.0,100.0,0.50001,12.0,"1,8-diazabicyclo[5.4.0]undec-7-ene",,,,,,,,,,,,,,"Liu, Xi; Zhang, Shuai; Song, Qing-Wen; Liu, Xiao-Fang; Ma, Ran; He, Liang-Nian; Green Chemistry; vol. 18; nb. 9; (2016); p. 2871 - 2876",2016,valid,unknown,
1696,Propylene oxide,"4-methyl-1,3-dioxolan-2-one",100.0,20.0,0.10133,26.0,tetrabutylammonium bromide,,,,,,,,,,acetonitrile,,,,"Green chemistry, Reagent/catalyst, Pressure, Temperature Beyzavi, M. Hassan; Klet, Rachel C.; Tussupbayev, Samat; Borycz, Joshua; Vermeulen, Nicolaas A.; Cramer, Christopher J.; Stoddart, J. Fraser; Hupp, Joseph T.; Farha, Omar K.; Journal of the American Chemical Soci‐ ety; vol. 136; nb. 45; (2014); p. 15861 - 15864",2014,valid,ionic_liquid,acetonitrile
1698,Propylene oxide,"4-methyl-1,3-dioxolan-2-one",99.0,100.0,0.10133,16.0,DABCO,,,,,,,,,,无溶剂,,,,"Pressure Han, Yun-Hu; Zhou, Zhong-Yuan; Tian, Chong-Bin; Du, Shao-Wu; Green Chemistry; vol. 18; nb. 14; (2016); p. 4086 - 4091",2016,valid,mixed_system,无溶剂
1700,Propylene oxide,"4-methyl-1,3-dioxolan-2-one",99.0,25.0,0.1,48.0,tetrabutylammonium bromide,,,,,,,,,,,,,,"Catalytic behavior, Reagent/ catalyst, Pressure, Temperature Ji, Guipeng; Yang, Zhenzhen; Zhang, Hongye; Zhao, Yanfei; Yu, Bo; Ma, Zhishuang; Liu, Zhimin; Angewandte Chemie - International Edition; vol. 55; nb. 33; (2016); p. 9685 - 9689; Angew. Chem.; vol. 128; nb. 33; (2016); p. 9837 - 9841,5",2016,valid,ionic_liquid,
1701,Propylene oxide,"4-methyl-1,3-dioxolan-2-one",98.0,85.0,0.1,24.0,tetrabutylammonium bromide,,,,,,,,,,无溶剂,,,,"Temperature, Concentration Xu, Bin; Wang, Peng; Lv, Min; Yuan, Dan; Yao, Yingming; ChemCatChem; vol. 8; nb. 15; (2016); p. 2466 - 2471",2016,valid,ionic_liquid,无溶剂
1702,Propylene oxide,"4-methyl-1,3-dioxolan-2-one",70.0,100.0,2.00003,22.0,tetrabutylammonium bromide,,,,,,,,,,,,,,"Catalytic behavior, Activation energy, Reagent/catalyst, Pressure Alhashmialameer, Dalal; Collins, Julie; Hattenhauer, Karen; Kerton, Francesca M.; Catalysis science and tech‐ nology; vol. 6; nb. 14; (2016); p. 5364 - 5373",2016,valid,ionic_liquid,
1703,Propylene oxide,"4-methyl-1,3-dioxolan-2-one",97.8,70.0,0.1,12.0,tetrabutylammonium bromide,,,,,,,,,,无溶剂,,,,"Xu, Hang; Zhai, Bin; Cao, Chun-Shuai; Zhao, Bin; Inorganic Chemistry; vol. 55; nb. 19; (2016); p. 9671 - 9676",2016,valid,ionic_liquid,无溶剂
1704,Propylene oxide,"4-methyl-1,3-dioxolan-2-one",99.0,39.8,0.10133,40.0,tetrabutylammonium bromide,,,,,,,,,,无溶剂,,,,"Schlenk techni‐ que, Reagent/catalyst Zhou, Zhen; Yang, Lu; Wang, Yefei; He, Cheng; Liu, Tao; Duan, Chunying; RSC Advances; vol. 6; nb. 109; (2016); p. 108010 - 108016",2016,valid,ionic_liquid,无溶剂
1705,Propylene oxide,"4-methyl-1,3-dioxolan-2-one",94.0,25.0,0.10133,72.0,pyridine,,,,,,,,,,,,,,"Sealed tube Sun, Qi; Aguila, Briana; Perman, Jason; Nguyen, Nicholas; Ma, Shengqian; Journal of the American Chemical Society; vol. 138; nb. 48; (2016); p. 15790 - 15796",2016,valid,organic_base,
1706,Propylene oxide,"4-methyl-1,3-dioxolan-2-one",95.0,40.0,2.00003,24.0,tetrabutylammonium bromide,,,,,,,,,,,,,,"Catalytic behavior, Reagent/ catalyst Xu, Lei; Zhai, Meng-Ke; Lu, Xin-Chao; Du, Hong-Bin; Dalton Transactions; vol. 45; nb. 46; (2016); p. 18730 - 18736",2016,valid,ionic_liquid,
1707,Propylene oxide,"4-methyl-1,3-dioxolan-2-one",52.0,120.0,2.00003,1.0,tetrabutylammonium bromide,,,,,,,,,,,,,,"Concentration, Reagent/catalyst, Temperature, Pressure, chemoselective reaction Della Monica, Francesco; Vummaleti, Sai V. C.; Buonerba, Antonio; Nisi, Assunta De; Monari, Magda; Mil‐ ione, Stefano; Grassi, Alfonso; Cavallo, Luigi; Capacchione, Carmine; Advanced Synthesis and Catalysis; vol. 358; nb. 20; (2016); p. 3231 - 3243",2016,valid,ionic_liquid,
1708,Propylene oxide,"4-methyl-1,3-dioxolan-2-one",92.0,120.0,1.00001,8.0,imidazolium,,,,,,,,,,ethanol,,,,"PatentAGENCY FOR SCIENCE, TECHNOLOGY AND RESEARCH; AGENCY FOR SCIENCE TECHNOLOGY AND RESEARCH; WO2016/167725; (2016); (A1) EnglishAGENCY FOR SCIENCE, TECHNOLOGY AND RE‐ SEARCH",2016,valid,ionic_liquid,ethanol
1710,Propylene oxide,"4-methyl-1,3-dioxolan-2-one",95.0,25.0,1.00001,12.0,tetrabutylammonium bromide,,,,,,,,,,,,,,"Reagent/catalyst Wei, Na; Zuo, Rong-Xia; Zhang, Yu-Yang; Han, Zheng-Bo; Gu, Xue-Jun; Chemical Communications; vol. 53; nb. 22; (2017); p. 3224 - 3227",2017,valid,ionic_liquid,
1712,Propylene oxide,"4-methyl-1,3-dioxolan-2-one",99.9,130.0,2.00003,5.0,imidazolium chloride,,imidazolium,,,,,,,,,,,,"Catalytic behavior, Reagent/catalyst, Temperature, Pressure Wang, Tao; Wang, Wenlong; Lyu, Yuan; Chen, Xingkun; Li, Cunyao; Zhang, Yan; Song, Xiangen; Ding, Yun‐ jie; RSC Advances; vol. 7; nb. 5; (2017); p. 2836 - 2841",2017,valid,ionic_liquid,
1713,Propylene oxide,"4-methyl-1,3-dioxolan-2-one",99.0,29.0,0.10133,48.0,tetrabutylammonium bromide,,,,,,,,,,无溶剂,,,,"Sealed tube Dai, Zhifeng; Sun, Qi; Liu, Xiaolong; Guo, Liping; Li, Jixue; Pan, Shuxiang; Bian, Chaoqun; Wang, Liang; Hu, Xin; Meng, Xiangju; Zhao, Leihong; Deng, Feng; Xiao, Feng-Shou; ChemSusChem; vol. 10; nb. 6; (2017); p. 1186 - 1192",2017,valid,ionic_liquid,无溶剂
1714,Propylene oxide,"4-methyl-1,3-dioxolan-2-one",53.0,90.0,1.00001,2.0,triphenylphosphine,,,,,,,,,,无溶剂,,,,"Reagent/catalyst Rintjema, Jeroen; Kleij, Arjan W.; ChemSusChem; vol. 10; nb. 6; (2017); p. 1274 - 1282",2017,valid,unknown,无溶剂
1715,Propylene oxide,"4-methyl-1,3-dioxolan-2-one",98.0,100.0,1.50002,5.0,potassium iodide,,,,,,,,,,无溶剂,,,,"High pressure, Cata‐ lytic behavior, Pressure, Temperature Liu, Mengshuai; Lu, Xingyuan; Shi, Lei; Wang, Fangxiao; Sun, Jianmin; ChemSusChem; vol. 10; nb. 6; (2017); p. 1110 - 1119",2017,valid,metal_halide,无溶剂
1718,Propylene oxide,"4-methyl-1,3-dioxolan-2-one",40.0,60.0,0.1,12.0,tetrabutylammonium bromide,,,,,,,,,,无溶剂,,,,"Dong, Jie; Xu, Hang; Hou, Sheng-Li; Wu, Zhi-Lei; Zhao, Bin; Inorganic Chemistry; vol. 56; nb. 11; (2017); p. 6244 - 6250",2017,valid,ionic_liquid,无溶剂
1722,Propylene oxide,"4-methyl-1,3-dioxolan-2-one",67.3,80.0,2.00003,4.0,tetrabutylammonium bromide,,,,,,,,,,无溶剂,,,,"Temperature, Reagent/catalyst, Time, Pressure Narang, Shilpa; Mehta, Rajeev; Upadhyay; Inorganic and Nano-Metal Chemistry; vol. 47; nb. 6; (2017); p. 909 - 916",2017,valid,ionic_liquid,无溶剂
1723,Propylene oxide,"4-methyl-1,3-dioxolan-2-one",98.0,50.0,1.00001,6.0,tetrabutylammonium bromide,,,,,,,,,,,,,,"High pressure Verma, Ashish; De, Dinesh; Tomar, Kapil; Bharadwaj, Parimal K.; Inorganic Chemistry; vol. 56; nb. 16; (2017); p. 9765 - 9771",2017,valid,ionic_liquid,
1724,Propylene oxide,"4-methyl-1,3-dioxolan-2-one",99.0,110.0,2.00003,8.0,potassium iodide,,,,,,,,,,无溶剂,,,,"Catalytic behavior, Reagent/catalyst, Temperature, Pressure Xue, Zhimin; Zhao, Xinhui; Wang, Jinfang; Mu, Tiancheng; Chemistry - An Asian Journal; vol. 12; nb. 17; (2017); p. 2271 - 2277",2017,valid,metal_halide,无溶剂
1725,Propylene oxide,"4-methyl-1,3-dioxolan-2-one",97.5,120.0,1.50002,4.0,tetraphenylphosphonium bromide,,,,,,,,,,acetonitrile,,,,"Catalytic behavior, Reagent/catalyst Xu, Kaikai; Dai, Yihu; Ye, Benfei; Wang, Hongming; Dalton Transactions; vol. 46; nb. 33; (2017); p. 10780 - 10785",2017,valid,ionic_liquid,acetonitrile
1727,Propylene oxide,"4-methyl-1,3-dioxolan-2-one",95.0,80.0,0.10133,2.0,tetrabutylammonium bromide,,,,,,,,,,,,,,"Green chemistry, Catalytic behavior Khatun, Resmin; Bhanja, Piyali; Mondal, Paramita; Bhaumik, Asim; Das, Debasis; Manirul Islam; New Journal of Chemistry; vol. 41; nb. 21; (2017); p. 12937 - 12946",2017,valid,ionic_liquid,
1730,Propylene oxide,"4-methyl-1,3-dioxolan-2-one",97.0,80.0,2.00003,3.0,tetra-(n-butyl)ammonium iodide,,,,,,,,,,无溶剂,,,,"Temperature, Time, Pressure Saptal, Vitthal B.; Nanda, Binita; Parida, Kulamani M.; Bhanage, Bhalchandra M.; ChemCatChem; vol. 9; nb. 21; (2017); p. 4105 - 4111",2017,valid,unknown,无溶剂
1731,Propylene oxide,"4-methyl-1,3-dioxolan-2-one",5.9,100.0,1.60002,2.0,lithium bromide,,DMAP,,,,,,,,,,,,"Sogukomerogullari, Hatice Gamze; Aytar, Emine; Ulusoy, Mahmut; Demir, Sibel; Dege, Necmi; Richeson, Darrin S.; S?nmez, Mehmet; Inorganica Chimica Acta; vol. 471; (2018); p. 290 - 296",2018,valid,mixed_system,
1732,Propylene oxide,"4-methyl-1,3-dioxolan-2-one",47.0,120.0,1.00001,12.0,tetrabutylammonium bromide,,,,,,,,,,,,,,"Xu, Cong; Liu, Yan; Wang, Li; Ma, Jingxin; Yang, Lizi; Pan, Fu-Xin; Kirillov, Alexander M.; Liu, Weisheng; Dal‐ ton Transactions; vol. 46; nb. 47; (2017); p. 16426 - 16431",2017,valid,ionic_liquid,
1733,Propylene oxide,"4-methyl-1,3-dioxolan-2-one",99.0,100.0,0.1,24.0,tetrabutylammonium bromide,,,,,,,,,,,,,,"Inert atmosphere, Catalytic behavior, Reagent/catalyst, Pressure Du, Ya; Yang, Haishen; Wan, Shun; Jin, Yinghua; Zhang, Wei; Journal of Materials Chemistry A; vol. 5; nb. 19; (2017); p. 9163 - 9168",2017,valid,ionic_liquid,
1734,Propylene oxide,"4-methyl-1,3-dioxolan-2-one",99.0,80.0,1.00001,12.0,tetrabutylammonium bromide,,,,,,,,,,,,,,"Fan, Yamei;Li, Jiawei;Ren, Yanwei;Jiang, Huanfeng; European Journal of Inorganic Chemistry; vol. 2017; nb. 43; (2017); p. 4982 - 4989",2017,valid,ionic_liquid,
1736,Propylene oxide,"4-methyl-1,3-dioxolan-2-one",92.0,90.0,,6.0,tetrabutylammonium bromide,,,,,,,,,,,,,,"With 2C H O  (2-)*C H N*2CH O*3Zn(2+)*2C H N  (1-)9 4 6 2 3 4 2 3 4 , tetrabutylammomium bromide, Time= 6h, T= 90 °C , Auto‐ clave, Reagent/catalyst, Temperature, Time Gao, Xiangxiang; Liu, Mengshuai; Lan, Jianwen; Liang, Lin; Zhang, Xiao; Sun, Jianmin; Crystal Growth and Design; vol. 17; nb. 1; (2017); p. 51 - 57",2017,valid,ionic_liquid,
1737,Propylene oxide,"4-methyl-1,3-dioxolan-2-one",95.0,70.0,0.10133,12.0,tetrabutylammonium bromide,,,,,,,,,,无溶剂,,,,"Qiao, Wan-Zhen; Xu, Hang; Cheng, Peng; Zhao, Bin; Crystal Growth and Design; vol. 17; nb. 6; (2017); p. 3128 - 3133",2017,valid,ionic_liquid,无溶剂
1738,Propylene oxide,"4-methyl-1,3-dioxolan-2-one",98.0,115.0,1.01332,15.0,imidazolium,,,,,,,,,,无溶剂,,,,"Reagent/catalyst, Temperature Zhong, Wei; Bobbink, Felix D.; Fei, Zhaofu; Dyson, Paul J.; ChemSusChem; vol. 10; nb. 13; (2017); p. 2728 - 2735",2017,valid,ionic_liquid,无溶剂
1739,Propylene oxide,"4-methyl-1,3-dioxolan-2-one",96.0,130.0,1.00001,10.0,imidazolium,,,,,,,,,,,,,,"Temperature Zhong, Hong; Su, Yanqing; Chen, Xingwei; Li, Xiaoju; Wang, Ruihu; ChemSusChem; vol. 10; nb. 24; (2017); p. 4855 - 4863",2017,valid,ionic_liquid,
1740,Propylene oxide,"4-methyl-1,3-dioxolan-2-one",99.0,140.0,1.00001,8.0,tetra-n-propylammonium bromide,,,,,,,,,,,,,,"Catalytic behavior, Re‐ agent/catalyst, Temperature, Pressure Zhao, Qing-Ning; Song, Qing-Wen; Liu, Ping; Zhang, Qian-Xia; Gao, Jun-Hua; Zhang, Kan; Chinese Journal of Chemistry; vol. 36; nb. 3; (2018); p. 187 - 193",2018,valid,ionic_liquid,
1741,Propylene oxide,"4-methyl-1,3-dioxolan-2-one",98.0,70.0,3.03994,6.0,tetra-(n-butyl)ammonium iodide,,,,,,,,,,,,,,"Catalytic behavior, Reagent/catalyst, Temperature, Pressure Tang, Lei; Zhang, Shengbo; Wu, Qilong; Wang, Xinru; Wu, Hong; Jiang, Zhongyi; Journal of Materials Chemis‐ try A; vol. 6; nb. 7; (2018); p. 2964 - 2973",2018,valid,unknown,
1742,Propylene oxide,"4-methyl-1,3-dioxolan-2-one",98.2,50.0,0.10133,36.0,tetrabutylammonium bromide,,,,,,,,,,,,,,"Catalytic behavior, Kinetics, Solvent, Reagent/ catalyst, Temperature, Time Ji, Xiao-He; Zhu, Ning-Ning; Ma, Jian-Gong; Cheng, Peng; Dalton Transactions; vol. 47; nb. 6; (2018); p. 1768 - 1771",2018,valid,ionic_liquid,
1743,Propylene oxide,"4-methyl-1,3-dioxolan-2-one",85.0,25.0,0.10133,48.0,tetrabutylammonium bromide,,,,,,,,,,无溶剂,,,,"Catalytic behavior Chen, Jing-Jing; Gan, Zhi-Liang; Yi, Xiao-Yi; Catalysis Letters; vol. 148; nb. 3; (2018); p. 852 - 856",2018,valid,ionic_liquid,无溶剂
1745,Propylene oxide,"4-methyl-1,3-dioxolan-2-one",49.0,75.0,3.00005,2.5,triphenylphosphine,,,,,,,,,,,,,,"Inert atmosphere, Schlenk technique, Glovebox, Autoclave, Catalytic behavior, Concentration, Tem‐ perature, Reagent/catalyst Wang, Yong; Zhao, Yajun; Ye, Yunsheng; Peng, Haiyan; Zhou, Xingping; Xie, Xiaolin; Wang, Xianhong; Wang, Fosong; Angewandte Chemie - International Edition; vol. 57; nb. 14; (2018); p. 3593 - 3597; Angew. Chem.; vol. 130; (2018); p. 3655 - 3659,5",2018,valid,unknown,
1748,Propylene oxide,"4-methyl-1,3-dioxolan-2-one",96.0,20.0,0.10133,48.0,tetrabutylammonium bromide,,,,,,,,,,,,,,"Catalytic behavior, Reagent/catalyst He, Hongming; Sun, Qi; Gao, Wenyang; Perman, Jason A.; Sun, Fuxing; Zhu, Guangshan; Aguila, Briana; Forrest, Katherine; Space, Brian; Ma, Shengqian; Angewandte Chemie - International Edition; vol. 57; nb. 17; (2018); p. 4657 - 4662; Angew. Chem.; vol. 130; nb. 17; (2018); p. 4747 - 4752,6",2018,valid,ionic_liquid,
1749,Propylene oxide,"4-methyl-1,3-dioxolan-2-one",87.0,20.0,0.10133,10.0,tetrabutylammonium bromide,,,,,,,,,,,,,,"Ghosh, Swarbhanu; Bhanja, Piyali; Salam, Noor; Khatun, Resmin; Bhaumik, Asim; Islam, Sk. Manirul; Cataly‐ sis Today; vol. 309; (2018); p. 253 - 262",2018,valid,ionic_liquid,
1750,Propylene oxide,"4-methyl-1,3-dioxolan-2-one",45.5,70.0,0.1,12.0,tetrabutylammonium bromide,,,,,,,,,,,,,,"Jing, Tan; Chen, Lian; Jiang, Feilong; Yang, Yan; Zhou, Kang; Yu, Muxin; Cao, Zhen; Li, Shengchang; Hong, Maochun; Crystal Growth and Design; vol. 18; nb. 5; (2018); p. 2956 - 2963",2018,valid,ionic_liquid,
1751,Propylene oxide,"4-methyl-1,3-dioxolan-2-one",90.0,20.0,0.10133,6.0,tetrabutylammonium bromide,,,,,,,,,,,,,,"Ghosh, Swarbhanu; Mondal, Paramita; Das, Debasis; Tuhina, Kazi; Islam, Sk. Manirul; Journal of Organome‐ tallic Chemistry; vol. 866; (2018); p. 1 - 12",2018,valid,ionic_liquid,
1752,Propylene oxide,"4-methyl-1,3-dioxolan-2-one",99.0,80.0,2.00003,12.0,tetrabutylammonium bromide,,,,,,,,,,,,,,"Liu, Anhua; Zhang, Jinju; Lv, Xiaobing; Cuihua Xuebao/Chinese Journal of Catalysis; vol. 39; nb. 8; (2018); p. 1320 - 1328",2018,valid,ionic_liquid,
1757,Propylene oxide,"4-methyl-1,3-dioxolan-2-one",99.0,57.0,1.00001,3.0,imidazolium,,,,,,,,,,,,,,"Huang, Zhangjun; Uranga, Jorge G.; Zhou, Shiliu; Jia, Haiyan; Fei, Zhaofu; Wang, Yefeng; Bobbink, Felix D.; Lu, Qinghua; Dyson, Paul J.; Journal of Materials Chemistry A; vol. 6; nb. 42; (2018); p. 20916 - 20925",2018,valid,ionic_liquid,
1759,Propylene oxide,"4-methyl-1,3-dioxolan-2-one",97.0,20.0,0.10133,6.0,tetrabutylammonium bromide,,,,,,,,,,water,ethyl acetate,,,"Time Mondal, Ranjan Kumar; Riyajuddin, Sk; Ghosh, Aniruddha; Ghosh, Swarbhanu; Ghosh, Kaushik; Islam, Sk.Manirul; Journal of Organometallic Chemistry; vol. 880; (2019); p. 322 - 332",2019,valid,ionic_liquid,water; ethyl acetate
1761,Propylene oxide,"4-methyl-1,3-dioxolan-2-one",93.0,60.0,2.00003,8.0,potassium iodide,,,,,,,,,,无溶剂,,,,"Mei, Qingqing; Shen, Xiaojun; Liu, Huizhen; Liu, Hangyu; Xiang, Junfeng; Han, Buxing; Chemical Science; vol. 10; nb. 4; (2019); p. 1082 - 1088",2019,valid,metal_halide,无溶剂
1763,Propylene oxide,"4-methyl-1,3-dioxolan-2-one",99.0,80.0,2.50004,5.0,tetrabutylammonium bromide,,,,,,,,,,,,,,Journal of Molecular Structure,,valid,ionic_liquid,
1765,Propylene oxide,"4-methyl-1,3-dioxolan-2-one",99.0,25.0,0.10133,48.0,tetrabutylammonium bromide,,,,,,,,,,无溶剂,,,,"Reagent/catalyst Chen, Jing-Jing;Xu, Yao-Chun;Gan, Zhi-Liang;Peng, Xiao;Yi, Xiao-Yi; European Journal of Inorganic Chemistry; vol. 2019; nb. 13; (2019); p. 1733 - 1739",2019,valid,ionic_liquid,无溶剂
1767,Propylene oxide,"4-methyl-1,3-dioxolan-2-one",98.0,25.0,0.10133,36.0,tetrabutylammonium bromide,,,,,,,,,,,,,,"Catalytic behavior, Reagent/catalyst Wei, Lian-Qiang; Ye, Bao-Hui; Inorganic Chemistry; vol. 58; nb. 7; (2019); p. 4385 - 4393",2019,valid,ionic_liquid,
1768,Propylene oxide,"4-methyl-1,3-dioxolan-2-one",54.0,50.0,0.1,12.0,tetrabutylammonium bromide,,,,,,,,,,无溶剂,,,,"Qiao, Wanzhen; Song, Tianqun; Zhao, Bin; Chinese Journal of Chemistry; vol. 37; nb. 5; (2019); p. 474 - 478",2019,valid,ionic_liquid,无溶剂
1770,Propylene oxide,"4-methyl-1,3-dioxolan-2-one",89.0,70.0,0.1,12.0,tetrabutylammonium bromide,,,,,,,,,,无溶剂,,,,"Xu, Hang; Cao, Chun-Shuai; Hu, Han-Shi; Wang, Shi-Bin; Liu, Jin-Cheng; Cheng, Peng; Kaltsoyannis, Niko‐ las; Li, Jun; Zhao, Bin; Angewandte Chemie - International Edition; vol. 58; nb. 18; (2019); p. 6022 - 6027; Angew. Chem.; vol. 131; nb. 18; (2019); p. 6083 - 6088,6",2019,valid,ionic_liquid,无溶剂
1771,Propylene oxide,"4-methyl-1,3-dioxolan-2-one",99.0,80.0,,8.0,tetrabutylammonium bromide,,,,,,,,,,,,,,"With 2C21H9NO8(4-)*5H2O*4C3H7NO*4Mn(2+), tetrabutylammomium bromide, Time= 8h, T= 80 °C , Catalytic behav‐ ior, Mechanism Cheng, Shan; Wu, Yunlong; Jin, Jing; Liu, Jiao; Wu, Dan; Yang, Guoping; Wang, Yao-Yu; Dalton Transactions; vol. 48; nb. 22; (2019); p. 7612 - 7618",2019,valid,ionic_liquid,
1772,Propylene oxide,"4-methyl-1,3-dioxolan-2-one",99.0,20.0,0.10133,48.0,tetrabutylammonium bromide,,,,,,,,,,无溶剂,,,,"He, Liang; Nath, Jayanta Kumar; Lin, Qipu; Chemical Communications; vol. 55; nb. 3; (2019); p. 412 - 415",2019,valid,ionic_liquid,无溶剂
1774,Propylene oxide,"4-methyl-1,3-dioxolan-2-one",99.0,80.0,1.00001,12.0,tetrabutylammonium bromide,,,,,,,,,,,,,,"Reagent/ catalyst, Temperature, Pressure Cheng, Weiwei; Xue, Yun-shan; Luo, Xi-Ming; Xu, Yan; Chemical Communications; vol. 54; nb. 91; (2018); p. 12808 - 12811",2018,valid,ionic_liquid,
1775,Propylene oxide,"4-methyl-1,3-dioxolan-2-one",95.0,25.0,0.10133,24.0,tetrabutylammonium bromide,,,,,,,,,,无溶剂,,,,"Sealed tube Sun, Xiaodong; Gu, Jiaming; Yuan, Yang; Yu, Chengyang; Li, Jiantang; Shan, Hongyan; Li, Guanghua; Liu, Yunling; Inorganic Chemistry; vol. 58; nb. 11; (2019); p. 7480 - 7487",2019,valid,ionic_liquid,无溶剂
1776,Propylene oxide,"4-methyl-1,3-dioxolan-2-one",95.0,20.0,0.10133,18.0,tetrabutylammonium bromide,,,,,,,,,,,,,,"Catalytic behavior, Reagent/catalyst Bhaskaran; Trivedi, Manoj; Yadav, Anita K.; Singh, Gurmeet; Kumar, Abhinav; Kumar, Girijesh; Husain, Ah‐ mad; Rath, Nigam P.; Dalton Transactions; vol. 48; nb. 27; (2019); p. 10078 - 10088",2019,valid,ionic_liquid,
1778,Propylene oxide,"4-methyl-1,3-dioxolan-2-one",99.0,25.0,0.1,48.0,tetrabutylammonium bromide,,,,,,,,,,,,,,"Gu, Shuai; Yu, Wenguang; Chen, Jingjing; Zhang, He; Wang, Yan; Tang, Juntao; Yu, Guipeng; Pan, Chunyue; Catalysis science and technology; vol. 9; nb. 16; (2019); p. 4422 - 4428",2019,valid,ionic_liquid,
1779,Propylene oxide,"4-methyl-1,3-dioxolan-2-one",99.0,120.0,1.70003,3.0,tetrabutylammonium bromide,,,,,,,,,,,,,,"Ge, Yuansheng; Cheng, Guoe; Xu, Nanfeng; Wang, Weizhou; Ke, Hanzhong; Catalysis science and technology; vol. 9; nb. 16; (2019); p. 4255 - 4261",2019,valid,ionic_liquid,
1780,Propylene oxide,"4-methyl-1,3-dioxolan-2-one",100.0,20.0,0.10133,5.0,tetrabutylammonium bromide,,,,,,,,,,water,,,,"Catalytic behavior Biswas, Surajit; Roy, Dipanwita; Ghosh, Swarbhanu; Islam, Sk Manirul; Journal of Organometallic Chemistry; vol. 898; (2019); Art.No: 120877",2019,valid,ionic_liquid,water
1781,Propylene oxide,"4-methyl-1,3-dioxolan-2-one",90.0,80.0,2.00003,3.0,tetra-(n-butyl)ammonium iodide,,copper cobaltite,,,,,,,,无溶剂,,,,"Prasad, Divya; Patil, Komal N.; Bhanushali, Jayesh T.; Nagaraja, Bhari Mallana; Jadhav, Arvind H.; Catalysis science and technology; vol. 9; nb. 16; (2019); p. 4393 - 4412",2019,valid,metal_halide,无溶剂
1782,Propylene oxide,"4-methyl-1,3-dioxolan-2-one",92.0,80.0,0.50001,6.0,tetrabutylammonium bromide,,,,,,,,,,无溶剂,,,,"Molecular sieve, Catalytic behavior, Reagent/catalyst, Temperature, Pressure Li, Yixing; Zhang, Xiao; Lan, Jianwen; Xu, Ping; Sun, Jianmin; Inorganic Chemistry; vol. 58; nb. 20; (2019); p. 13917 - 13926",2019,valid,ionic_liquid,无溶剂
1783,Propylene oxide,"4-methyl-1,3-dioxolan-2-one",94.0,25.0,1.00001,,imidazolium,,,,,,,,,,,,,,"High pressure, Heating Qin, Li; Ji, Yayan; Ding, Tong; Liu, Bo; Wang, Rong; Ji, Liangzheng; Gao, Guohua; Catalysis Letters; vol. 150; nb. 4; (2020); p. 1196 - 1203",2020,valid,ionic_liquid,
1784,Propylene oxide,"4-methyl-1,3-dioxolan-2-one",97.0,40.0,0.20266,8.0,tetra-(n-butyl)ammonium iodide,,,,,,,,,,,,,,"Catalytic behav‐ ior Wang, Hongmei; Zhang, Zulei; Wang, Hailong; Guo, Liping; Li, Lei; Dalton Transactions; vol. 48; nb. 42; (2019); p. 15970 - 15976",2019,valid,unknown,
1785,Propylene oxide,"4-methyl-1,3-dioxolan-2-one",99.0,,2.00003,5.0,imidazolium,,,,,,,,,,water,ethyl acetate,,,"Heating Guan, Ruqun; Zhang, Xiaoming; Chang, Fangfang; Xue, Nan; Yang, Hengquan; Cuihua Xuebao/Chinese Jour‐ nal of Catalysis; vol. 40; nb. 12; (2019); p. 1874 - 1883",2019,valid,ionic_liquid,water; ethyl acetate
1786,Propylene oxide,"4-methyl-1,3-dioxolan-2-one",99.6,70.0,1.00001,12.0,tetrabutylammonium bromide,,,,,,,,,,,,,,"Catalytic behavior, Reagent/catalyst, Temperature Song, Kunpeng; Tang, Cheng; Zou, Zhijuan; Wu, Yundang; Transition Metal Chemistry; vol. 45; nb. 2; (2020); p. 111 - 119",2020,valid,ionic_liquid,
1788,Propylene oxide,"4-methyl-1,3-dioxolan-2-one",91.0,100.0,0.60001,5.0,"2,5-dihydroxyterephthalohydrazide",,cobalt(II) nitrate,,,,,,,,,,,,"Wu, Fengtian; Lin, Yu; Applied Organometallic Chemistry; vol. 34; nb. 3; (2020); Art.No: E5427",2020,valid,metal_halide,
1789,Propylene oxide,"4-methyl-1,3-dioxolan-2-one",41.0,80.0,1.00001,24.0,tetrabutylammonium chloride,,,,,,,,,,,,,,"Glovebox, Schlenk technique, Autoclave, Inert atmosphere, Catalytic behavior Driscoll, Oliver J.; Hafford-Tear, Claudia H.; McKeown, Paul; Stewart, Jack A.; Kociok-K?hn, Gabriele; Ma‐ hon, Mary F.; Jones, Matthew D.; Dalton Transactions; vol. 48; nb. 40; (2019); p. 15049 - 15058",2019,valid,ionic_liquid,
1790,Propylene oxide,"4-methyl-1,3-dioxolan-2-one",99.0,70.0,0.50001,16.0,tetrabutylammonium bromide,,,,,,,,,,,,,,"Reagent/catalyst, Temperature, Pressure, Time Cao, Jia-Peng; Xue, Yun-Shan; Li, Ning-Fang; Gong, Jun-Jie; Kang, Run-Kun; Xu, Yan; Journal of the Ameri‐ can Chemical Society; vol. 141; nb. 49; (2019); p. 19487 - 19497",2019,valid,ionic_liquid,
1791,Propylene oxide,"4-methyl-1,3-dioxolan-2-one",94.0,45.0,0.50001,24.0,tetra-(n-butyl)ammonium iodide,,tetrabutylammonium iodide,,,,,,,,无溶剂,,,,"Ma, Hui; Zeng, Ji-jun; Tu, Dong-huai; Mao, Wei; Zhao, Bo; Wang, Kuan; Liu, Zhao-tie; Lu, Jian; Tetrahedron Letters; vol. 61; nb. 11; (2020); Art.No: 151593",2020,valid,ionic_liquid,无溶剂
1792,Propylene oxide,"4-methyl-1,3-dioxolan-2-one",79.8,25.0,0.10133,,tetrabutylammonium bromide,,,,,,,,,,,,,,"Sealed tube, Catalytic behavior, Reagent/catalyst Zhang, Xiuling; Zhang, Ran-Hui; Hu, Hui; Geng, Longlong; Zhang, Yong-Zheng; Gao, Jun; Zhang, Da-Shuai; Jin, Yao-Qiang; Sheng, Jianmin; Dalton Transactions; vol. 49; nb. 7; (2020); p. 2058 - 2062",2020,valid,ionic_liquid,
1794,Propylene oxide,"4-methyl-1,3-dioxolan-2-one",96.3,80.0,2.00003,3.0,tetrabutylammonium bromide,,,,,,,,,,,,,,"Catalytic behav‐ ior, Reagent/catalyst Guo, Feng; Su, Changhua; Fan, Yuhang; Shi, Wenbing; Australian Journal of Chemistry; vol. 73; nb. 11; (2020); p. 1060 - 1064",2020,valid,ionic_liquid,
1795,Propylene oxide,"4-methyl-1,3-dioxolan-2-one",85.4,80.0,2.50004,4.0,tetrabutylammonium bromide,,,,,,,,,,,,,,"Auto‐ clave, Kinetics, Reagent/catalyst, Pressure, Temperature, Time Wang, Wen-Zhen;Lei, Zhe;Jia, Xin-Gang;Li, Lei-Lei;Fan, WeiS0022286020303288; Journal of Molecular Struc‐ ture; vol. 1212; (2020); Art.No: 128003",2020,valid,ionic_liquid,
1796,Propylene oxide,"4-methyl-1,3-dioxolan-2-one",81.0,80.0,1.00001,24.0,tetrabutylammonium chloride,,,,,,,,,,,,,,"Glovebox, Auto‐ clave, Inert atmosphere, Catalytic behavior Driscoll, Oliver J.; Stewart, Jack A.; McKeown, Paul; Jones, Matthew D.; New Journal of Chemistry; vol. 44; nb. 15; (2020); p. 6063 - 6067",2020,valid,ionic_liquid,
1797,Propylene oxide,"4-methyl-1,3-dioxolan-2-one",90.0,40.0,0.1,24.0,tetrabutylammonium bromide,,,,,,,,,,,,,,"Sealed tube Yang, Fan;Li, Yusen;Zhang, Ting;Zhao, Ziqiang;Xing, Guolong;Chen, Long; Chemistry - A European Journal; vol. 26; nb. 20; (2020); p. 4510 - 4514",2020,valid,ionic_liquid,
1798,Propylene oxide,"4-methyl-1,3-dioxolan-2-one",69.0,100.0,1.50002,6.0,lithium bromide,,DMAP,,,,,,,,无溶剂,,,,"Kinetics, Catalytic behavior, Temperature, Reagent/catalyst, Time Pradhan, Harish Chandra; Mantri, Somanath; Maharana, Tungabidya; Sutar, Alekha Kumar; Chemical Papers; vol. 74; nb. 10; (2020); p. 3423 - 3430",2020,valid,mixed_system,无溶剂
1799,Propylene oxide,"4-methyl-1,3-dioxolan-2-one",59.0,80.0,2.00003,24.0,tetrabutylammonium bromide,,,,,,,,,,无溶剂,,,,"Auto‐ clave, Sealed tube You, Li-Xin;Yao, Shan-Xin;Zhao, Bai-Bei;Xiong, Gang;Dragutan, Ileana;Dragutan, Valerian;Liu, Xue-Gui;Ding, Fu;Sun, Ya-Guang; Dalton Transactions; vol. 49; nb. 19; (2020); p. 6368 - 6376",2020,valid,ionic_liquid,无溶剂
1800,Propylene oxide,"4-methyl-1,3-dioxolan-2-one",62.0,50.0,0.1,12.0,tetrabutylammonium bromide,,,,,,,,,,,,,,"Tong, Shuping;Chen, Hui;Cheng, Gang;Zhang, Yaping;Liu, Jingjun;Liu, Jinsheng;Wen, Jiawei; Journal of Co‐ ordination Chemistry; vol. 73; nb. 7; (2020); p. 1086 - 1096",2020,valid,ionic_liquid,
1801,Propylene oxide,"4-methyl-1,3-dioxolan-2-one",99.0,100.0,3.00005,1.0,tetrabutylammonium bromide,,,,,,,,,,,,,,"Catalytic behavior, Reagent/ catalyst, Temperature, Pressure Wu, Yunyan;Zuo, Shouwei;Zhao, Yanfei;Wang, Huan;Li, Dongyang;Guo, Shien;Zhao, Zhijuan;Zhang, Jing;Han, Buxing;Liu, Zhimin; Green Chemistry; vol. 22; nb. 9; (2020); p. 2846 - 2851",2020,valid,ionic_liquid,
1803,Propylene oxide,"4-methyl-1,3-dioxolan-2-one",99.0,80.0,0.50001,5.0,tetrabutylammonium bromide,,,,,,,,,,,,,,"Guo, Feng;Su, Changhua;Fan, Yuhang;Shi, Wenbing;Zhang, Xiuling; Crystal Growth and Design; vol. 20; nb. 6; (2020); p. 4135 - 4143",2020,valid,ionic_liquid,
1804,Propylene oxide,"4-methyl-1,3-dioxolan-2-one",99.0,80.0,0.50001,5.0,tetrabutylammonium bromide,,,,,,,,,,,,,,"Reagent/catalyst Ye, Qing;Zhang, Li;Shao, Zhou-Li;Zhang, Wei;Li, Chao;Ye, Xiang-Ming; Inorganica Chimica Acta; vol. 512; (2020); Art.No: 119880",2020,valid,ionic_liquid,
1806,Propylene oxide,"4-methyl-1,3-dioxolan-2-one",98.0,120.0,0.10133,10.0,imidazolium bromide,,,,,,,,,,无溶剂,,,,"Pressure Gao, Jinwei; Sa, Rongjian; Wang, Ruihu; Wu, Zhicheng; Yang, Shuailong; Zhong, Hong; ChemSusChem; -2020",,valid,ionic_liquid,无溶剂
1807,Propylene oxide,"4-methyl-1,3-dioxolan-2-one",84.0,20.0,0.10133,24.0,tetrabutylammonium bromide,,,,,,,,,,无溶剂,,,,"Paul, Priyanka; Salam, Noor; Khan, Aslam; Das, Debasis; Alam, Seikh Mafiz; Islam, Sk. Manirul; New Journal of Chemistry; vol. 44; nb. 32; (2020); p. 13852 - 13862",2020,valid,ionic_liquid,无溶剂
1809,Propylene oxide,"4-methyl-1,3-dioxolan-2-one",99.0,90.0,0.70001,4.0,tetrabutylammonium bromide,,,,,,,,,,DMF,,,,"Cat‐ alytic behavior, Temperature, Pressure, Time Guo, Feng;Su, Changhua;Fan, Yuhang;Shi, Wenbing;Zhang, Xiuling;Xu, Jiakun; Dalton Transactions; vol. 49; nb. 32; (2020); p. 11209 - 11216",2020,valid,ionic_liquid,DMF
1811,Propylene oxide,"4-methyl-1,3-dioxolan-2-one",95.0,25.0,0.1,48.0,tetrabutylammonium bromide,,,,,,,,,,无溶剂,,,,"Catalytic behavior, Reagent/catalyst Li, Zhi-Wei; Wang, Xin; Wei, Lian-Qiang; Ivanovi?-Burmazovi?, Ivana; Liu, Gao-Feng; Journal of the American Chemical Society; vol. 142; nb. 16; (2020); p. 7283 - 7288",2020,valid,ionic_liquid,无溶剂
1812,Propylene oxide,"4-methyl-1,3-dioxolan-2-one",89.0,25.0,0.10133,24.0,tetrabutylammonium bromide,,,,,,,,,,,,,,"Time, Reagent/catalyst, Pressure Yuan, Yang;Li, Jiantang;Sun, Xiaodong;Li, Guanghua;Liu, Yunling;Verma, Gaurav;Ma, Shengqian; Chemistry of Materials; vol. 31; nb. 3; (2019); p. 1084 - 1091",2019,valid,ionic_liquid,
1813,Propylene oxide,"4-methyl-1,3-dioxolan-2-one",99.0,20.0,3.00005,24.0,pyridine,,,,,,,,,,dichloromethane,,,,"Inert atmosphere, Catalytic behavior, Kinetics, Reagent/catalyst, Pressure, Temperature Schoepff, Laetitia; Monnereau, Laure; Durot, Stéphanie; Jenni, Sébastien; Gourlaouen, Christophe; Heitz, Valérie; ChemCatChem; vol. 12; nb. 22; (2020); p. 5826 - 5833",2020,valid,organic_base,dichloromethane
1814,Propylene oxide,"4-methyl-1,3-dioxolan-2-one",99.0,70.0,0.10133,24.0,tetrabutylammonium bromide,,,,,,,,,,无溶剂,,,,"Chen, Hongtai;Fan, Liming;Lv, Hongxiao;Zhang, Xiutang; Inorganic Chemistry; vol. 59; nb. 18; (2020); p. 13407 -13415",2020,valid,ionic_liquid,无溶剂
1815,Propylene oxide,"4-methyl-1,3-dioxolan-2-one",99.0,70.0,0.10133,,tetrabutylammonium bromide,,,,,,,,,,无溶剂,,,,"Lv, Hongxiao;Chen, Hongtai;Fan, Liming;Zhang, Xiutang; Dalton Transactions; vol. 49; nb. 41; (2020); p. 14656 -14664",2020,valid,ionic_liquid,无溶剂
1816,Propylene oxide,"4-methyl-1,3-dioxolan-2-one",90.0,80.0,0.10133,6.0,tetrabutylammonium bromide,,,,,,,,,,无溶剂,,,,"Inert atmosphere, Schlenk technique, Glovebox, Reagent/catalyst Tran; Nguyen, Phuong T. K.; Luong, Quang T.; Nguyen, Khoi D.; Inorganic Chemistry; vol. 59; nb. 22; (2020); p. 16747 - 16759",2020,valid,ionic_liquid,无溶剂
1818,Propylene oxide,"4-methyl-1,3-dioxolan-2-one",100.0,20.0,,48.0,tetrabutylammonium bromide,,,,,,,,,,无溶剂,,,,"With tetrabutylammomium bromide in neat (no solvent), Time= 48h, T= 20 °C Zhao, Kai;He, Ying;Shan, Chuan;Ren, Junyu;Wojtas, Lukasz;Wang, Li;Li, Guanghua;Song, Zhiguang;Shi, Xiaodong; Chemistry - A European Journal; vol. 26; nb. 69; (2020); p. 16272 - 16276",2020,valid,ionic_liquid,无溶剂
1819,Propylene oxide,"4-methyl-1,3-dioxolan-2-one",99.0,120.0,1.50002,3.0,imidazolium bromide,,imidazolium,,,,,,,,,,,,"High pressure, Green chemistry, Catalytic behavior, Reagent/cata‐ lyst Gou, Haibin; Ma, Xifei; Su, Qian; Liu, Lei; Ying, Ting; Qian, Wei; Dong, Li; Cheng, Weiguo; Physical Chemistry Chemical Physics; vol. 23; nb. 3; (2021); p. 2005 - 2014",2021,valid,ionic_liquid,
1820,Propylene oxide,"4-methyl-1,3-dioxolan-2-one",99.0,85.0,0.50001,5.0,tetrabutylammonium bromide,,,,,,,,,,,,,,"Yuan, Rongrong; Chen, Hongxu; Zhu, Qian-Qian; He, Hongming; Journal of Solid State Chemistry; vol. 297; (2021); Art.No: 122036",2021,valid,ionic_liquid,
1821,Propylene oxide,"4-methyl-1,3-dioxolan-2-one",28.0,20.0,,8.0,tetrabutylammonium bromide,,,,,,,,,,,,,,"With tetrabutylammomium bromide, Ca3(tris[(4-carboxyl)phenylduryl]amine)2(N,N-dimethylacetamide)2(H2O)2, Time= 8h, T= 20 °C , Schlenk technique Wang, Ying-Xia; Wang, Hui-Min; Meng, Pan; Song, Dong-Xia; Hou, Juan-Juan; Zhang, Xian-Ming; Dalton Transactions; vol. 50; nb. 5; (2021); p. 1740 - 1745",2021,valid,ionic_liquid,
1822,Propylene oxide,"4-methyl-1,3-dioxolan-2-one",99.0,60.0,0.10133,8.0,tetrabutylammonium bromide,,,,,,,,,,无溶剂,,,,"Temperature, Reagent/catalyst, Time Chen, Hongtai; Fan, Liming; Hu, Tuoping; Zhang, Xiutang; Inorganic Chemistry; vol. 60; nb. 5; (2021); p. 3384 - 3392",2021,valid,ionic_liquid,无溶剂
1823,Propylene oxide,"4-methyl-1,3-dioxolan-2-one",98.0,100.0,2.50004,24.0,tetrabutylammonium bromide,,,,,,,,,,无溶剂,,,,"Reagent/catalyst Kuznetsova, Svetlana A.; Gorodishch, Ilia V.; Gak, Alexander S.; Zherebtsova, Valeria V.; Gerasimov, Igor S.; Medvedev, Michael G.; Kitaeva, Dinara Kh.; Khakina, Ekaterina A.; North, Michael; Belokon, Yuri N.; Tetrahe‐ dron; vol. 82; (2021)",2021,valid,ionic_liquid,无溶剂
1824,Propylene oxide,"4-methyl-1,3-dioxolan-2-one",40.0,75.0,0.10133,8.0,tetrabutylammonium bromide,,,,,,,,,,无溶剂,,,,"Knoevenagel Condensation, Catalytic behavior Chen, Hongtai; Hu, Tuoping; Fan, Liming; Zhang, Xiutang; Inorganic Chemistry; vol. 60; nb. 2; (2021); p. 1028 - 1036",2021,valid,ionic_liquid,无溶剂
1825,Propylene oxide,"4-methyl-1,3-dioxolan-2-one",99.0,20.0,0.10133,16.0,tetrabutylammonium bromide,,,,,,,,,,,,,,"Green chemistry Elorriaga, David; de la Cruz-Martínez, Felipe; Rodríguez-álvarez, María Jesús; Lara-Sánchez, Agustín; Cas‐ tro-Osma, José Antonio; García-álvarez, Joaquín; ChemSusChem; vol. 14; nb. 9; (2021); p. 2084 - 2092",2021,valid,ionic_liquid,
1826,Propylene oxide,"4-methyl-1,3-dioxolan-2-one",86.0,80.0,2.06848,1.0,tetrabutylammonium bromide,,,,,,,,,,无溶剂,,,,"Inert atmosphere, Schlenk technique, Glovebox, Catalytic behavior, Reagent/catalyst, Temperature Kiriratnikom, Jiraya; Laiwattanapaisarn, Nattiya; Vongnam, Kunnigar; Thavornsin, Nopparat; Sae-Ung, Pornpen; Kaeothip, Sophon; Euapermkiati, Anucha; Namuangruk, Supawadee; Phomphrai, Khamphee; Inor‐ ganic Chemistry; vol. 60; nb. 9; (2021); p. 6147 - 6151",2021,valid,ionic_liquid,无溶剂
1827,Propylene oxide,"4-methyl-1,3-dioxolan-2-one",16.5,70.0,0.10133,3.0,tetrabutylammonium bromide,,,,,,,,,,,,,,"Yu, Wei-Dong; Zhang, Yin; Han, Yu-Yang; Li, Bin; Shao, Sai; Zhang, Le-Ping; Xie, Hong-Ke; Yan, Jun; Inorgan‐ ic Chemistry; vol. 60; nb. 6; (2021); p. 3980 - 3987",2021,valid,ionic_liquid,
1828,Propylene oxide,"4-methyl-1,3-dioxolan-2-one",99.0,60.0,0.50001,24.0,tetrabutylammonium bromide,,,,,,,,,,无溶剂,,,,"Catalytic behavior, Reagent/catalyst Liu, Kang; Jiao, Shaoshao; Zhao, Huihui; Cao, Fan; Ma, Dingxuan; Green Chemistry; vol. 23; nb. 4; (2021); p. 1766 - 1771 With tetrabutylammomium bromide, (Me2NH2)2[VO(H2O)][Tm2(BDCP)2]·3DMF·3H2O in neat (no solvent), Time= 6h, p= 760.051Torr , Sealed tube, Heating, Catalytic behavior, Reagent/catalyst Chen, Hongtai; Fan, Liming; Hu, Tuoping; Zhang, Xiutang; Inorganic Chemistry; vol. 60; nb. 7; (2021); p. 5005 - 5013",2021,valid,ionic_liquid,无溶剂
1829,Propylene oxide,"4-methyl-1,3-dioxolan-2-one",98.0,65.0,0.1,8.0,tetrabutylammonium bromide,,,,,,,,,,,,,,"Catalytic behavior Chen, Hongtai; Fan, Liming; Hu, Tuoping; Zhang, Xiutang; Inorganic Chemistry; vol. 60; nb. 10; (2021); p. 7276 - 7283",2021,valid,ionic_liquid,
1830,Propylene oxide,"4-methyl-1,3-dioxolan-2-one",99.0,100.0,1.00001,4.0,tetra-(n-butyl)ammonium iodide,,,,,,,,,,无溶剂,,,,"Inert atmosphere, Schlenk technique, Autoclave Rago, Aurélie;Framery, Eric;Andrioletti, Bruno; Journal of Porphyrins and Phthalocyanines; vol. 26; nb. 6-7; (2022); p. 443 - 451",2022,valid,unknown,无溶剂
1831,Propylene oxide,"4-methyl-1,3-dioxolan-2-one",99.0,80.0,0.40001,3.0,tetrabutylammonium bromide,,,,,,,,,,,,,,"Pres‐ sure, Reagent/catalyst, Temperature, Time Wang, Zheng; Wang, Yajun; Xie, Qianjie; Fan, Zhiying; Shen, Yehua; New Journal of Chemistry; vol. 45; nb. 21; (2021); p. 9403 - 9408",2021,valid,ionic_liquid,
1832,Propylene oxide,"4-methyl-1,3-dioxolan-2-one",98.3,80.0,0.80001,24.0,tetrabutylammonium bromide,,iron(II) chloride,,,,,,,,THF,,,,"Ionic liq‐ uid, Autoclave, Catalytic behavior Ribeiro, Ana P. C.;Goodrich, Peter;Martins, Luísa M. D. R. S.; Molecules; vol. 26; nb. 4; (2021); Art.No: 1089",2021,valid,mixed_system,THF
1833,Propylene oxide,"4-methyl-1,3-dioxolan-2-one",97.0,60.0,0.1,12.0,tetrabutylammonium bromide,,,,,,,,,,无溶剂,,,,"Wang, Wen-Min; Wang, Wan-Ting; Wang, Mei-Ying; Gu, Ai-Ling; Hu, Tian-Ding; Zhang, Ya-Xin; Wu, Zhi-Lei; Inorganic Chemistry; vol. 60; nb. 12; (2021); p. 9122 - 9131",2021,valid,ionic_liquid,无溶剂
1834,Propylene oxide,"4-methyl-1,3-dioxolan-2-one",91.0,100.0,0.10133,8.0,triethylamine,,,,,,,,,,acetonitrile,,,,"Reagent/catalyst, Temperature, Solvent Muthuramalingam, Sethuraman;Velusamy, Marappan;Mayilmurugan, Ramasamy; Dalton Transactions; vol. 50; nb. 23; (2021); p. 7984 - 7994",2021,valid,organic_base,acetonitrile
1835,Propylene oxide,"4-methyl-1,3-dioxolan-2-one",92.5,100.0,1.00001,2.5,imidazolium,,,,,,,,,,hexane,,,,"Sealed tube, Catalytic behavior, Mechanism, Reagent/ catalyst, Pressure, Time Jiang, Yichen; Wang, Zhijiang; Xu, Ping; Sun, Jianmin; Crystal Growth and Design; vol. 21; nb. 7; (2021); p. 3689 - 3698",2021,valid,ionic_liquid,hexane
1836,Propylene oxide,"4-methyl-1,3-dioxolan-2-one",79.0,80.0,,12.0,tetrabutylammonium bromide,,,,,,,,,,无溶剂,,,,"Cycloaddition of PO and CO2 General procedure: The cycloaddition reaction was performed in a 25-mL stainless-steel autoclave.For each typical semi-batch operation, PO with the MOF catalyst and co-catalystwere introduced into the reactor without solvent, and the reactor was pressurizedwith CO2.The reactor was then heated to the desired temperature, and the reactionwas initiated by stirring at 600 rpm. After the cycloaddition reaction, the reactorwas cooled externally to 0 °C using an ice bath. Toluene was added as an internal standard. The mixture was centrifuged to separate the catalyst and the su‐ pernatantwas identified using a gas chromatograph (GC, Agilent HP 6890 A), equippedwith a capillary column (HP-5, 30 m × 0.25 mm) using a flame ionization detector(Scheme 2). With C4H NO  (2-)5 4 *3H2O*Cu(2+)*0.5C14H14N4, tetrabutylammomium bromide, Time= 12h, T= 80 °C , Autoclave, Mechanism, Reagent/catalyst, Time, Temperature Kathalikkattil, Amal Cherian; Gu, Yunjang; Kurisingal, Jintu F.; Lee, Hankyul; Kim, Hyungjun; Choe, Young‐ son; Park, Dae-Won; Research on Chemical Intermediates; vol. 47; nb. 10; (2021); p. 3979 - 3997",2021,valid,ionic_liquid,无溶剂
1838,Propylene oxide,"4-methyl-1,3-dioxolan-2-one",99.0,70.0,0.1,12.0,tetrabutylammonium bromide,,,,,,,,,,acetonitrile,,,,"Kong, Xiang-He; Hu, Kong-Qiu; Mei, Lei; Li, Ailin; Liu, Kang; Zeng, Li-Wen; Wu, Qun-Yan; Chai, Zhi-Fang; Nie, Chang-Ming; Shi, Wei-Qun; Inorganic Chemistry; vol. 60; nb. 15; (2021); p. 11485 - 11495",2021,valid,ionic_liquid,acetonitrile
1839,Propylene oxide,"4-methyl-1,3-dioxolan-2-one",90.0,60.0,0.1,24.0,2-morpholinoethanol hydriodide,,,,,,,,,,无溶剂,,,,"Schlenk techni‐ que Li, Cheng;Liu, Fei;Zhao, Tianxiang;Gu, Jiarui;Chen, Peng;Chen, TengS2468823121003734; Molecular catalysis; vol. 511; (2021); Art.No: 111756",2021,valid,unknown,无溶剂
1840,Propylene oxide,"4-methyl-1,3-dioxolan-2-one",99.0,15.0,0.80001,18.0,tetra-(n-butyl)ammonium iodide,,,,,,,,,,,,,,"álvarez-Miguel, Lucía; Burgoa, Jesús Damián; Mosquera, Marta E. G.; Hamilton, Alex; Whiteoak, Christopher J.; ChemCatChem; vol. 13; nb. 19; (2021); p. 4099 - 4110",2021,valid,unknown,
1842,Propylene oxide,"4-methyl-1,3-dioxolan-2-one",99.9,30.0,0.10133,24.0,tetrabutylammonium bromide,,,,,,,,,,无溶剂,,,,"Catalytic behavior Tang, Jia;Wei, Fen;Ding, Shujiang;Wang, Xiaoxia;Xie, Guanqun;Fan, Hongbo; Chemistry - A European Journal; vol. 27; nb. 50; (2021); p. 12890 - 12899",2021,valid,ionic_liquid,无溶剂
1844,Propylene oxide,"4-methyl-1,3-dioxolan-2-one",99.0,80.0,0.1,24.0,tetrabutylammonium bromide,,,,,,,,,,,,,,"Reagent/catalyst Qi, Xueping; Chang, Tao; Zhu, Zheng; Hao, Yongjing; Liu, Yufeng; Hou, Jing; Journal of Solid State Chemistry; vol. 304; (2021); Art.No: 122604",2021,valid,ionic_liquid,
1845,Propylene oxide,"4-methyl-1,3-dioxolan-2-one",99.0,60.0,0.1,4.0,tetrabutylammonium bromide,,,,,,,,,,无溶剂,,,,"Catalytic behavior Chen, Hongtai; Zhang, Zhengguo; Hu, Tuoping; Zhang, Xiutang; Inorganic Chemistry; vol. 60; nb. 21; (2021); p. 16429 - 16438",2021,valid,ionic_liquid,无溶剂
1846,Propylene oxide,"4-methyl-1,3-dioxolan-2-one",99.0,80.0,2.00003,12.0,"1,8-diazabicyclo[5.4.0]undec-7-ene",,BMIM,,sodium bromide,,,,,,ethyl acetate,,,,"Sun, Jianfei;Li, Zhuojian;Li, Xintong;Xue, Mantong;Yin, Jianzhong; Catalysis Letters; vol. 152; nb. 9; (2022); p. 2669 - 2677",2022,valid,mixed_system,ethyl acetate
1847,Propylene oxide,"4-methyl-1,3-dioxolan-2-one",99.0,65.0,1.00001,7.0,tetrabutylammonium bromide,,,,,,,,,,无溶剂,,,,"Catalytic behavior, Reagent/catalyst, Time Khan, Munir Ullah; Khan, Safir Ullah; Kiriratnikom, Jiraya; Zareen, Shah; Zhang, Xinghong; Chinese Chemical Letters; vol. 33; nb. 2; (2022); p. 1081 - 1086",2022,valid,ionic_liquid,无溶剂
1848,Propylene oxide,"4-methyl-1,3-dioxolan-2-one",99.0,90.0,0.90001,1.0,potassium iodide,,,,,,,,,,,,,,"Reagent/catalyst, Tem‐ perature, Pressure Wang, Yajun; Shen, Yehua; Wang, Zheng; New Journal of Chemistry; vol. 45; nb. 43; (2021); p. 20323 - 20328",2021,valid,metal_halide,
1849,Propylene oxide,"4-methyl-1,3-dioxolan-2-one",99.0,60.0,0.10133,6.0,tetrabutylammonium bromide,,,,,,,,,,无溶剂,,,,"Temperature Zhang, Tao; Zhang, Zhengguo; Chen, Hongtai; Zhang, Xiutang; Li, Qiaoling; Crystal Growth and Design; vol. 22; nb. 1; (2022); p. 304 - 312",2022,valid,ionic_liquid,无溶剂
1850,Propylene oxide,"4-methyl-1,3-dioxolan-2-one",97.0,120.0,0.60001,12.0,tetrabutylammonium bromide,,,,,,,,,,,,,,"Green chemistry Wu, Ling;Zeng, Qingpeng;Hu, Pinghua;Zong, Taoqi;Wu, Fengtian; Letters in Organic Chemistry; vol. 18; nb. 10; (2021); p. 812 - 816",2021,valid,ionic_liquid,
1852,Propylene oxide,"4-methyl-1,3-dioxolan-2-one",99.2,55.0,0.10133,6.0,tetrabutylammonium bromide,,,,,,,,,,无溶剂,,,,"Lv, Hongxiao;Fan, Liming;Chen, Hongtai;Zhang, Xiutang;Gao, Yanpeng; Dalton Transactions; vol. 51; nb. 9; (2022); p. 3546 - 3556",2022,valid,ionic_liquid,无溶剂
1854,Propylene oxide,"4-methyl-1,3-dioxolan-2-one",99.0,20.0,0.10133,24.0,tetrabutylammonium bromide,,,,,,,,,,,,,,"Ding, Qing-Rong;Yu, Yinghua;Cao, Changsheng;Zhang, Jian;Zhang, Lei; Chemical Science; vol. 13; nb. 12; (2022); p. 3395 - 3401",2022,valid,ionic_liquid,
1856,Propylene oxide,"4-methyl-1,3-dioxolan-2-one",92.0,120.0,1.00001,10.0,tetrabutylammonium bromide,,,,,,,,,,water,,,,"Reagent/catalyst, Temperature, Time, Pressure Li, Lei-Lei; Fang, Yi-Fan; Liu, Shuang; Chen, Shuang-Shuang; Wang, Wen-Zhen; Inorganica Chimica Acta; vol. 538; (2022); Art.No: 120979",2022,valid,ionic_liquid,water
1857,Propylene oxide,"4-methyl-1,3-dioxolan-2-one",94.0,20.0,0.10133,48.0,tetrabutylammonium bromide,,,,,,,,,,无溶剂,,,,"Li, He-Juan;Zhang, Xiang-Yu;Huang, Kun;Qin, Da-BinS0277538722002029; Polyhedron; vol. 220; (2022); Art.No: 115850",2022,valid,ionic_liquid,无溶剂
1858,Propylene oxide,"4-methyl-1,3-dioxolan-2-one",88.0,45.0,,24.0,tetrabutylammonium bromide,,,,,,,,,,无溶剂,,,,"With tetrabutylammomium bromide, 0.5C8H3NO6(2-)*0.5Cd(2+)*0.5C24H20N4O2*0.5C3H7NO*1.5H2O in neat (no sol‐ vent), Time= 24h, T= 45 °C , Sealed tube, Catalytic behavior, Reagent/catalyst Rani, Pooja;Husain, Ahmad;Bhasin;Kumar, Girijesh; Inorganic Chemistry; vol. 61; nb. 18; (2022); p. 6977 - 6994",2022,valid,ionic_liquid,无溶剂
1859,Propylene oxide,"4-methyl-1,3-dioxolan-2-one",22.2,100.0,1.60002,2.0,pyridine,,lithium bromide,,DMAP,,,,,,,,,,"Sogukomerogullari, Hatice Gamze;Zirek, Ay?e Gül;Aytar, Emine;K?se, Muhammet;S?nmez, Meh‐ metS0022286022007347; Journal of Molecular Structure; vol. 1263; (2022); Art.No: 133074",2022,valid,mixed_system,
1860,Propylene oxide,"4-methyl-1,3-dioxolan-2-one",91.7,25.0,0.1,48.0,tetrabutylammonium bromide,,,,,,,,,,无溶剂,,,,"Reagent/catalyst Liu, Li-Hua;Liu, Lin;Chi, Hao-Ran;Li, Chen-Ning;Han, Zheng-Bo; Chemical Communications; vol. 58; nb. 44; (2022); p. 6417 - 6420",2022,valid,ionic_liquid,无溶剂
1863,Propylene oxide,"4-methyl-1,3-dioxolan-2-one",99.0,65.0,0.10133,6.0,tetrabutylammonium bromide,,,,,,,,,,,,,,"Liu, Shurong;Chen, Hongtai;Zhang, Xiutang; ACS Catalysis; vol. 12; nb. 16; (2022); p. 10373 - 10383",2022,valid,ionic_liquid,
1864,Propylene oxide,"4-methyl-1,3-dioxolan-2-one",99.0,60.0,0.10133,8.0,tetrabutylammonium bromide,,,,,,,,,,无溶剂,,,,"Catalytic behavior Chen, Hongtai;Zhang, Tao;Liu, Shurong;Lv, Hongxiao;Fan, Liming;Zhang, Xiutang; Inorganic Chemistry; vol. 61; nb. 30; (2022); p. 11949 - 11958",2022,valid,ionic_liquid,无溶剂
1866,Propylene oxide,"4-methyl-1,3-dioxolan-2-one",72.6,,0.80001,,tetrabutylammonium bromide,,,,,,,,,,,,,,"Catalytic behavior, Reagent/catalyst Fan, Shu-Cong;Chen, Shuang-Qiu;Wang, Jia-Wen;Li, Yong-Peng;Zhang, Peng;Wang, Ying;Yuan, We‐ nyu;Zhai, Quan-Guo; Inorganic Chemistry; vol. 61; nb. 35; (2022); p. 14131 - 14139",2022,valid,ionic_liquid,
1867,Propylene oxide,"4-methyl-1,3-dioxolan-2-one",100.0,110.0,4.00006,,BMIM,,,,,,,,,,,,,,"Au‐ toclave, Catalytic behavior Yan, Qianqian;Liang, Hao;Wang, Shenglin;Hu, Hui;Su, Xiaofang;Xiao, Songtao;Xu, Huanjun;Jing, Xue‐ chao;Lu, Fei;Gao, Yanan; Molecules; vol. 27; nb. 19; (2022); Art.No: 6204",2022,valid,ionic_liquid,
1868,Propylene oxide,"4-methyl-1,3-dioxolan-2-one",98.0,60.0,0.10133,,tetrabutylammonium bromide,,,,,,,,,,,,,,"Reagent/catalyst, Temperature Lv, Hongxiao;Chen, Hongtai;Fan, Liming;Zhang, Xiutang; Inorganic Chemistry; vol. 61; nb. 39; (2022); p. 15558 -15568",2022,valid,ionic_liquid,
1869,Propylene oxide,"4-methyl-1,3-dioxolan-2-one",92.0,50.0,0.1,,tetrabutylammonium bromide,,,,,,,,,,无溶剂,,,,"Sealed tube Qiao, Na;Xin, Xiao-Yan;Guan, Xiao-Fen;Zhang, Chen-Xi;Wang, Wen-Min; Inorganic Chemistry; vol. 61; nb. 38; (2022); p. 15098 - 15107",2022,valid,ionic_liquid,无溶剂
1870,Propylene oxide,"4-methyl-1,3-dioxolan-2-one",39.0,30.0,0.10133,,tetrabutylammonium bromide,,,,,,,,,,,,,,"Reagent/catalyst Qiao, Junyi;Zhang, Borong;Zhang, Lirong;Liu, Yunling; Journal of Materials Chemistry A; vol. 10; nb. 34; (2022); p. 17773 - 17781",2022,valid,ionic_liquid,
1871,Propylene oxide,"4-methyl-1,3-dioxolan-2-one",99.0,100.0,0.10133,,tetrabutylammonium bromide,,,,,,,,,,,,,,"Reagent/catalyst Parmar, Bhavesh;Patel, Parth;Bhadu, Gopala Ram;Suresh, Eringathodi; European Journal of Inorganic Chemis‐ try; vol. 2022; nb. 31; (2022); Art.No: e202200410",2022,valid,ionic_liquid,
1872,Propylene oxide,"4-methyl-1,3-dioxolan-2-one",99.0,25.0,0.10133,,tetrabutylammonium bromide,,,,,,,,,,无溶剂,,,,"Reagent/catalyst Wang, Yi-Xin;Zhou, Jing-Hui;Xiong, Jun;Huang, Wan-Qi;Li, Quan;Min, Xue;Li, Ming; CrystEngComm; vol. 116; -2022",,valid,ionic_liquid,无溶剂
1874,Propylene oxide,"4-methyl-1,3-dioxolan-2-one",95.0,50.0,0.50001,,tetra-(n-butyl)ammonium iodide,,,,,,,,,,methanol,ethyl acetate,hexane,,"Temperature, Pressure, Reagent/cata‐ lyst PatentKing Fahd University of Petroleum and Minerals; KING FAHD UNIVERSITY OF PETROLEUM AND MINER‐ ALSKing Fahd University; US11498906; (2022); (B1) EnglishKING FAHD UNIVERSITY OF PETROLEUM AND MINERALS",2022,valid,unknown,methanol; ethyl acetate; hexane
1875,Propylene oxide,"4-methyl-1,3-dioxolan-2-one",71.3,25.0,0.10133,,tetrabutylammonium bromide,,,,,,,,,,无溶剂,,,,"Zhou, Wen-Feng;Wei, Yi-Min;Xiao, Zhi-Wei;Jiang, Yan;Zhang, Yan-Kai;Zhang, Zhen-Wei;Hu, Hui;Geng, Long‐ long;Zhang, Da-Shuai;Zhang, Yong-Zheng;Zhang, Xiuling;Zhuang, Shujuan; Journal of Solid State Chemistry; vol. 317; (2023); Art.No: 123699",2023,valid,ionic_liquid,无溶剂
1879,Propylene oxide,"4-methyl-1,3-dioxolan-2-one",86.0,70.0,0.1,16.0,tetrabutylammonium bromide,,,,,,,,,,acetonitrile,methanol,,,"Chen, Weixuan;Wang, Weize;Wang, Junjun;Liu, Bo;Zhou, Huifang; Journal of Solid State Chemistry; vol. 317; (2023); Art.No: 123729",2023,valid,ionic_liquid,acetonitrile; methanol
1880,Propylene oxide,"4-methyl-1,3-dioxolan-2-one",77.0,25.0,0.1,,tetrabutylammonium bromide,,,,,,,,,,acetonitrile,,,,"Wang, Weize;Chen, Weixuan;Yuan, Wenke;Xu, Hai-Qun;Liu, Bo; Inorganic Chemistry; vol. 61; nb. 45; (2022); p. 17937 - 17942",2022,valid,ionic_liquid,acetonitrile
1882,Propylene oxide,"4-methyl-1,3-dioxolan-2-one",99.0,60.0,0.50001,,tetrabutylammonium bromide,,,,,,,,,,,,,,"Wang, Ji-Lei;Cao, Jia-Peng;Zhu, Yin-Hua;Wang, Qin;Li, Ning-Fang;Fan, Xin-Rong;Mei, Hua;Xu, Yan; Science China Chemistry; vol. 66; nb. 1; (2023); p. 107 - 116",2023,valid,ionic_liquid,
1885,Propylene oxide,"4-methyl-1,3-dioxolan-2-one",95.0,70.0,0.1,,tetrabutylammonium bromide,,,,,,,,,,无溶剂,,,,"Sealed tube, Catalytic behavior, Reagent/catalyst, Temperature Wang, Wen-Min;Qiao, Na;Xin, Xiao-Yan;Wu, Zhi-Lei;Cui, Jian-Zhong; Crystal Growth and Design; vol. 23; nb. 1; (2023); p. 87 - 95",2023,valid,ionic_liquid,无溶剂
1886,Propylene oxide,"4-methyl-1,3-dioxolan-2-one",99.0,100.0,1.00001,,potassium iodide,,18-crown-6 ether,,,,,,,,无溶剂,,,,"Liu, Xiangying;Chen, Min;Xu, Wei;Luo, Rongchang; Journal of Polymer Science; vol. 62; nb. 8; (2024); p. 1578 - 1587",2024,valid,metal_halide,无溶剂
1887,Propylene oxide,"4-methyl-1,3-dioxolan-2-one",96.0,60.0,,,tetrabutylammonium bromide,,,,,,,,,,无溶剂,,,,"With tetrabutylammomium bromide, [Tb2(N′-(2-hydroxy-3-methoxy-5-bromobenzylidene)acetohydra‐ zide)2(CF3CO2)2(H2O)4]*2NO3 in neat (no solvent), T= 60 °C , Catalytic behavior, Reagent/catalyst Dolai, Malay;Biswas, Surajit;Moreno-Pineda, Eufemio;Wernsdorfer, Wolfgang;Ali, Mahammad;Alshgari, Ra‐ zan A.;Wabaidur, Saikh Md.;Ghosh, Ashutosh; Crystal Growth and Design; vol. 23; nb. 2; (2023); p. 801 - 810",2023,valid,ionic_liquid,无溶剂
1888,Propylene oxide,"4-methyl-1,3-dioxolan-2-one",93.0,25.0,0.101325,,tetrabutylammonium bromide,,,,,,,,,,,,,,"2.13 General procedure for the coupling of epoxides with CO2 General procedure: In a Schlenk tube epoxide (20mmol) and TBAB (1mmol) were taken. Activated MOF catalysts (10wt%) was the added to the reaction mixture. The whole mixture was stirred at room temperature with CO2 (99.99%) purging from a balloon for 10h. Upon completion, the catalyst was removed from the reaction mixture by filtration and washing with 5mL of CH2Cl2. The recovered catalyst was then used in the next run during recyclability test. The product cyclic carbonates were isolated by silica gel column chromatography and characterized by 1H NMR spectroscopy. With tetrabutylammomium bromide, 3C17H9NO  (4-)*6Cu(2+)8 *6H2O, T= 25 °C , Schlenk technique, Reagent/catalyst De, Dinesh;Sharma, Vivekanand;Sahu, Bharat C.;Sahu, Rajesh K.;Maharana, Tungabidya; Polyhedron; vol. 230; (2023); Art.No: 116240",2023,valid,ionic_liquid,
1890,Propylene oxide,"4-methyl-1,3-dioxolan-2-one",67.0,59.8,4.00006,,tetrabutylammonium bromide,,zinc chloride,,,,,,,,无溶剂,,,,"Reagent/catalyst Zakrzewska, Ma?gorzata E.;André, Paulo J. L.;Gomes, Clara S. B.;Nunes, Ana V. M.;Rosa, Vitor; New Journal of Chemistry; vol. 47; nb. 14; (2023); p. 6551 - 6562",2023,valid,mixed_system,无溶剂
1891,Propylene oxide,"4-methyl-1,3-dioxolan-2-one",95.0,50.0,0.50001,,tetra-(n-butyl)ammonium iodide,,tetrabutylammonium iodide,,,,,,,,无溶剂,,,,"Catalytic behavior, Temperature, Pressure, Reagent/catalyst PatentKing Fahd University of Petroleum and Minerals; KING FAHD UNIVERSITY OF PETROLEUM AND MINER‐ ALSKing Fahd University; US11498906; (2022); (B1) EnglishKING FAHD UNIVERSITY OF PETROLEUM AND MINERALS",2022,valid,ionic_liquid,无溶剂
1892,Propylene oxide,"4-methyl-1,3-dioxolan-2-one",28.0,25.0,0.1,,tetrabutylammonium bromide,,,,,,,,,,acetonitrile,,,,"Catalytic behavior, Reagent/catalyst Muthuramalingam, Sethuraman;Velusamy, Marappan;Singh Rajput, Swati;Alam, Mehboob;Mayilmurugan, Ramasamy; Chemistry - An Asian Journal; vol. 18; nb. 6; (2023); Art.No: E202201204",2023,valid,ionic_liquid,acetonitrile
1895,Propylene oxide,"4-methyl-1,3-dioxolan-2-one",91.0,60.0,0.1,,tetrabutylammonium bromide,,,,,,,,,,无溶剂,,,,"Schlenk technique, Temperature, Time, Reagent/catalyst Wang, Wen-Min;Xin, Xiao-Yan;Qiao, Na;Wu, Zhi-Lei;Li, Ling;Zou, Ji-Yong; Dalton Transactions; vol. 51; nb. 36; (2022); p. 13957 - 13969",2022,valid,ionic_liquid,无溶剂
1897,Propylene oxide,"4-methyl-1,3-dioxolan-2-one",99.0,80.0,0.10133,,tetrabutylammonium bromide,0.15,,,,,,,,,,,,,Sonication PatentUNIV GUANGXI NORMAL; GUANGXI NORMAL UNIVERSITYGuangxi Normal University; CN115650997; (2023); (A) EnglishGUANGXI NORMAL UNIVERSITY,2023,valid,ionic_liquid,
1898,Propylene oxide,"4-methyl-1,3-dioxolan-2-one",93.2,,0.10133,,tetrabutylammonium bromide,,,,,,,,,,,,,,"Catalytic be‐ havior, Reagent/catalyst Zhang, Xiuling;Zhang, Yongzheng;Zhou, Wenfeng;Liu, Huiling;Zhang, Dashuai;Hu, Hui;Lv, Chao;Liu, Sui‐ jun;Geng, Longlong; Chinese Chemical Letters; vol. 34; nb. 3; (2023); Art.No: 107368",2023,valid,ionic_liquid,
1899,Propylene oxide,"4-methyl-1,3-dioxolan-2-one",93.0,25.0,0.10133,,tetrabutylammonium bromide,,,,,,,,,,,,,,"Reagent/catalyst De, Dinesh;Sharma, Vivekanand;Sahu, Bharat C.;Sahu, Rajesh K.;Maharana, Tungabidya; Polyhedron; vol. 230; (2023); Art.No: 116240",2023,valid,ionic_liquid,
1900,Propylene oxide,"4-methyl-1,3-dioxolan-2-one",94.0,130.0,3.00005,,zinc dibromide,,,,,,,,,,,,,,Reagent/catalyst PatentHUIZHOU GREEN ENERGY AND NEW MATERIAL RES INSTITUTE;INST PROCESS ENG CAS; INSTI‐ TUTE OF PROCESS ENGINEERING CAS; CN115724820; (2023); (A) ChineseHUIZHOU GREEN ENERGY AND NEW MATERIAL RESEARCH INSTITUTE; CHINESE ACADEMY OF SCIENCES; Institute of Process Engineering (in: CAS),2023,valid,metal_halide,
1901,Propylene oxide,"4-methyl-1,3-dioxolan-2-one",91.0,60.0,0.1,,tetrabutylammonium bromide,,,,,,,,,,无溶剂,,,,"Schlenk technique Wang, Wen-Min;Xin, Xiao-Yan;Qiao, Na;Wu, Zhi-Lei;Li, Ling;Zou, Ji-Yong; Dalton Transactions; vol. 51; nb. 36; (2022); p. 13957 - 13969",2022,valid,ionic_liquid,无溶剂
1902,Propylene oxide,"4-methyl-1,3-dioxolan-2-one",54.0,140.0,3.00005,,tetrabutylammonium bromide,,,,,,,,,,chlorobenzene,,,,"Hu, Haiyan;Li, Yudong;Li, Yang;Ding, Yong;Sun, Yuxia;Li, Yuehui; Journal of Catalysis; vol. 421; (2023); p. 45 - 54",2023,valid,ionic_liquid,chlorobenzene
1904,Propylene oxide,"4-methyl-1,3-dioxolan-2-one",99.0,80.0,0.10133,,tetrabutylammonium bromide,,,,,,,,,,无溶剂,,,,"Sealed tube, Temperature Said, Amir;Zhang, Guanyun;Liu, Caiyun;Wang, Dexin;Niu, Huihui;Liu, Yanshu;Chen, Guanjie;Tung, Chen- Ho;Wang, Yifeng; Dalton Transactions; vol. 52; nb. 8; (2023); p. 2392 - 2403",2023,valid,ionic_liquid,无溶剂
1905,Propylene oxide,"4-methyl-1,3-dioxolan-2-one",98.3,60.0,0.10133,,tetrabutylammonium bromide,,,,,,,,,,,,,,"Reagent/catalyst, Temperature Di, Yanqing;Chen, Yiheng;Cao, Yang;Cui, Xiaowei;Liu, Yongliang;Zhou, Chunsheng;Di, Youying; Catalysis Letters; vol. 154; nb. 2; (2024); p. 685 - 694",2024,valid,ionic_liquid,
1906,Propylene oxide,"4-methyl-1,3-dioxolan-2-one",95.0,120.0,0.1,,tetrabutylammonium bromide,,,,,,,,,,water,ethyl acetate,,,"Chai, Mengliang;Wu, Fengtian;Wu, Ling; Letters in Organic Chemistry; vol. 20; nb. 4; (2023); p. 370 - 375",2023,valid,ionic_liquid,water; ethyl acetate
1907,Propylene oxide,"4-methyl-1,3-dioxolan-2-one",95.0,60.0,3.00005,,1-butyl-1-methylpiperidinium bromide,,1-methylpiperidinium bromide,,,,,,,,,,,,"Ma, Haiying;Liu, Shujuan;Wang, Hongli;Li, Guomin;Zhao, Kang;Cui, Xinjiang;Shi, Feng; Green Chemistry; vol. 25; nb. 6; (2023); p. 2293 - 2298",2023,valid,unknown,
1908,Propylene oxide,"4-methyl-1,3-dioxolan-2-one",99.0,80.0,0.10133,,tetrabutylammonium bromide,,pyridine,,,,,,,,无溶剂,,,,"Lv, Hongxiao;Fan, Liming;Jiao, Chenxu;Zhang, Xiutang; Crystal Growth and Design; vol. 23; nb. 4; (2023); p. 2882 - 2892",2023,valid,mixed_system,无溶剂
1910,Propylene oxide,"4-methyl-1,3-dioxolan-2-one",99.0,65.0,0.10133,,tetrabutylammonium bromide,,,,,,,,,,,,,,"Liu, Shurong;Chen, Hongtai;Fan, Liming;Zhang, Xiutang; Inorganic Chemistry; vol. 62; nb. 8; (2023); p. 3562 - 3572",2023,valid,ionic_liquid,
1911,Propylene oxide,"4-methyl-1,3-dioxolan-2-one",81.0,100.0,1.00001,,tetrabutylammonium bromide,,,,,,,,,,无溶剂,,,,"Green chemistry, Catalytic behavior Navarro, Marta;Garcés, Andrés;Sánchez-Barba, Luis F.;González-Lizana, David;Lara-Sánchez, Agustín; Dal‐ ton Transactions; vol. 52; nb. 18; (2023); p. 6105 - 6116",2023,valid,ionic_liquid,无溶剂
1912,Propylene oxide,"4-methyl-1,3-dioxolan-2-one",95.0,120.0,0.1,,tetrabutylammonium bromide,,,,,,,,,,water,ethyl acetate,,,"Chai, Mengliang;Wu, Fengtian;Wu, Ling; Letters in Organic Chemistry; vol. 20; nb. 4; (2023); p. 370 - 375",2023,valid,ionic_liquid,water; ethyl acetate
1913,Propylene oxide,"4-methyl-1,3-dioxolan-2-one",99.0,60.0,0.50001,,tetrabutylammonium bromide,,,,,,,,,,,,,,"Wang, Ji-Lei;Cao, Jia-Peng;Zhu, Yin-Hua;Wang, Qin;Li, Ning-Fang;Fan, Xin-Rong;Mei, Hua;Xu, Yan; Science China Chemistry; vol. 66; nb. 1; (2023); p. 107 - 116",2023,valid,ionic_liquid,
1915,Propylene oxide,"4-methyl-1,3-dioxolan-2-one",13.9,90.0,0.1,,tetrabutylammonium bromide,3.3,,,,,,,,,,,,,"Kang, Xiaomin;Ding, Wenyu;Gegen, Zhagong;Zhang, Xudong;Zhu, Yumeng;Yang, Guoli;Jiao, Zhuohao; Jour‐ nal of Molecular Structure; vol. 1287; (2023); Art.No: 135629",2023,valid,ionic_liquid,
1917,Propylene oxide,"4-methyl-1,3-dioxolan-2-one",99.0,60.0,0.10133,,tetrabutylammonium bromide,,,,,,,,,,无溶剂,,,,"Di, Yanqing;Chen, Yiheng;Cao, Yang;Cui, Xiaowei;Liu, Yongliang;Zhou, Chunsheng;Di, Youying; Catalysis Letters; vol. 154; nb. 3; (2024); p. 974 - 981",2024,valid,ionic_liquid,无溶剂
1918,Propylene oxide,"4-methyl-1,3-dioxolan-2-one",99.0,65.0,0.10133,,tetrabutylammonium bromide,,,,,,,,,,,,,,"Zhang, Zhengguo;Lv, Hongxiao;Yang, Kun;Zhang, Xiutang; Dalton Transactions; vol. 52; nb. 21; (2023); p. 7119 -7128",2023,valid,ionic_liquid,
1919,Propylene oxide,"4-methyl-1,3-dioxolan-2-one",99.0,55.0,0.10133,,tetrabutylammonium bromide,,,,,,,,,,acetonitrile,,,,"Catalytic behavior, Re‐ agent/catalyst Wang, Lianlian;Qiao, Wanzhen;Liu, Han;Li, Shuwen;Wu, Jie;Hou, Hongwei; Inorganic Chemistry; vol. 62; nb. 9; (2023); p. 3817 - 3826",2023,valid,ionic_liquid,acetonitrile
1922,Propylene oxide,"4-methyl-1,3-dioxolan-2-one",98.0,20.0,0.10133,,tetrabutylammonium bromide,,,,,,,,,,无溶剂,,,,"Catalytic behavior, Reagent/catalyst Trivedi, Manoj;Singh, Gurmeet;Sharma, Raj Kishore;Rath, Nigam P.;Husain, Ahmad; New Journal of Chemis‐ try; vol. 47; nb. 22; (2023); p. 10585 - 10592",2023,valid,ionic_liquid,无溶剂
1923,Propylene oxide,"4-methyl-1,3-dioxolan-2-one",95.0,50.0,0.50001,,tetra-(n-butyl)ammonium iodide,,tetrabutylammonium iodide,,,,,,,,无溶剂,,,,"Catalytic behavior, Temperature, Pressure, Reagent/catalyst PatentKing Fahd University of Petroleum and Minerals; KING FAHD UNIVERSITY OF PETROLEUM AND MINER‐ ALSKing Fahd University; US11498906; (2022); (B1) EnglishKING FAHD UNIVERSITY OF PETROLEUM AND MINERALS",2022,valid,ionic_liquid,无溶剂
1925,Propylene oxide,"4-methyl-1,3-dioxolan-2-one",95.3,80.0,1.00001,,tetrabutylammonium bromide,,,,,,,,,,,,,,"Temperature Guo, Qiqi;Zhang, Shuguang;Gong, Weitao; Journal of Polymer Science; vol. 62; nb. 8; (2024); p. 1664 - 1672",2024,valid,ionic_liquid,
1926,Propylene oxide,"4-methyl-1,3-dioxolan-2-one",98.0,60.0,0.10133,,tetrabutylammonium bromide,,,,,,,,,,无溶剂,,,,"Catalytic behavior, Temperature, Concentration Li, Chong;Chen, Hongtai;Fan, Liming;Zhang, Xiutang; Crystal Growth and Design; vol. 23; nb. 7; (2023); p. 4953 -4960",2023,valid,ionic_liquid,无溶剂
1927,Propylene oxide,"4-methyl-1,3-dioxolan-2-one",87.0,80.0,,,tetrabutylammonium bromide,,,,,,,,,,dichloromethane,,,,"2.4. Catalytic reactions General procedure: Firstly, cluster 1 (15.0 mg), the epoxide substrate (2.0 mmol),cocatalyst (TBAB, 2.0 mmol) and excess CO2 (99.99%) were sealed in a Schlenk tube (25 mL), subsequently, the resulting reaction was stirred at30-90 C for 12 h. When the reaction is completely over, the obtainedmixture was dissolved in dichloromethane sol‐ vent (5.0 mL). Aftercentrifugation, the yield of the corresponding product was determinedby 1H NMR (1,3,5-trime‐ thoxybenzene as an internal standard). With tetrabutylammomium bromide, C52H64Er4N4O24*2C2H3N, T= 80 °C , Schlenk technique Zhao, Jin-Yu;Yang, Chen;Bian, Xiao-Yun;Qiu, Jing;Ren, Shu-Yi;Fang, Ming; Inorganica Chimica Acta; vol. 556; (2023); Art.No: 121560",2023,valid,ionic_liquid,dichloromethane
1929,Propylene oxide,"4-methyl-1,3-dioxolan-2-one",99.0,,0.80001,,tetra-(n-butyl)ammonium iodide,,,,,,,,,,无溶剂,,,,"High pressure Cabrera, Diego Jaraba;Lewis, Ryan D.;Díez-Poza, Carlos;álvarez-Miguel, Lucía;Mosquera, Marta E. G.;Hamil‐ ton, Alex;Whiteoak, Christopher J.; Dalton Transactions; vol. 52; nb. 18; (2023); p. 5882 - 5894",2023,valid,unknown,无溶剂
1930,Propylene oxide,"4-methyl-1,3-dioxolan-2-one",99.9,79.8,,,tetrabutylammonium bromide,,,,,,,,,,无溶剂,,,,"With tetrabutylammomium bromide in neat (no solvent), T= 79.84 °C , Irradiation, Sealed tube, Reagent/catalyst Alzard, Reem H.;Siddig, Lamia A.;Abdelhamid, Abdalla S.;Paz, Alejandro Perez;Nguyen;Sethupathi;Sree‐ jith;Alzamly, Ahmed; Dalton Transactions; vol. 52; nb. 24; (2023); p. 8473 - 8487",2023,valid,ionic_liquid,无溶剂
1931,Propylene oxide,"4-methyl-1,3-dioxolan-2-one",99.0,20.0,0.10133,,tetrabutylammonium bromide,,,,,,,,,,无溶剂,,,,"Pressure, Reagent/catalyst, Temperature Pan, Xuze;Si, Xuezhen;Zhang, Xiaoying;Yao, Qingxia;Li, Yunwu;Duan, Wenzeng;Qiu, Yi;Su, Jie;Huang, Xian‐ qiang; Dalton Transactions; vol. 52; nb. 12; (2023); p. 3896 - 3906",2023,valid,ionic_liquid,无溶剂
1932,Propylene oxide,"4-methyl-1,3-dioxolan-2-one",99.0,25.0,0.10133,,tetrabutylammonium bromide,,,,,,,,,,无溶剂,,,,"Catalytic behavior, Reagent/catalyst Wang, Jian-Ge;Liu, Yang;Liu, Chun-Mei;Chen, Jing-Huo;Yang, Guang; Dalton Transactions; vol. 52; nb. 27; (2023); p. 9275 - 9281",2023,valid,ionic_liquid,无溶剂
1933,Propylene oxide,"4-methyl-1,3-dioxolan-2-one",98.0,60.0,0.10133,,tetrabutylammonium bromide,,,,,,,,,,无溶剂,,,,"Lv, Hongxiao;Fan, Liming;Hu, Tuoping;Jiao, Chenxu;Zhang, Xiutang; Dalton Transactions; vol. 52; nb. 11; (2023); p. 3420 - 3430",2023,valid,ionic_liquid,无溶剂
1935,Propylene oxide,"4-methyl-1,3-dioxolan-2-one",85.0,80.0,0.1,,tetrabutylammonium bromide,,,,,,,,,,,,,,"Catalytic behavior, Reagent/catalyst Yu, Xueyue;Gu, Jiaming;Liu, Xinyao;Chang, Zhiyong;Liu, Yunling; Inorganic Chemistry; vol. 62; nb. 29; (2023); p. 11518 - 11527",2023,valid,ionic_liquid,
1936,Propylene oxide,"4-methyl-1,3-dioxolan-2-one",99.0,50.0,0.50001,,tetrabutylammonium bromide,,,,,,,,,,无溶剂,,,,"Catalytic behavior, Reagent/catalyst, Temperature, Pressure Seal, Nilanjan;Palakkal, Athulya S.;Pillai, Renjith S.;Neogi, Subhadip; Inorganic Chemistry; vol. 62; nb. 29; (2023); p. 11528 - 11540",2023,valid,ionic_liquid,无溶剂
1937,Propylene oxide,"4-methyl-1,3-dioxolan-2-one",99.0,80.0,0.1,,tetrabutylammonium bromide,,,,,,,,,,无溶剂,,,,"Catalytic behavior Qiao, Na;Xin, Xiao-Yan;Wang, Wen-Min;Wu, Zhi-Lei;Cui, Jian-Zhong; Dalton Transactions; vol. 52; nb. 31; (2023); p. 10725 - 10736",2023,valid,ionic_liquid,无溶剂
1938,Propylene oxide,"4-methyl-1,3-dioxolan-2-one",99.0,100.0,2.00003,,tetrabutylammonium iodide,,,,,,,,,,无溶剂,,,,"Sealed tube Prasad, Divya;Alla, Sarat Chandra;Bawiskar, Dipak B.;Gholap, Sandeep Suryabhan;Jadhav, Arvind H.; Catal‐ ysis Letters; vol. 154; nb. 4; (2024); p. 1581 - 1602",2024,valid,ionic_liquid,无溶剂
1940,Propylene oxide,"4-methyl-1,3-dioxolan-2-one",99.0,100.0,1.50002,,tetrabutylammonium bromide,,,,,,,,,,,,,,"Temperature, Time, Pressure Liu, Bo-Han;Luo, Xian-Sheng;Deng, Han-Lin;Zhang, Zhi-Hao;Fan, Wen-Hao;Zhang, Qi;Huang, Mu-Hua; Jour‐ nal of Polymer Science; vol. 62; nb. 8; (2024); p. 1706 - 1713",2024,valid,ionic_liquid,
1942,Propylene oxide,"4-methyl-1,3-dioxolan-2-one",99.0,25.0,0.10133,,tetrabutylammonium bromide,,,,,,,,,,,,,,"Zhao, Xiaoli;Tang, Yue;Wang, Yuxuan;Rong, Xinjing;Wu, Pengyan;Li, Zihan;Cai, Ning;Deng, Xinyi;Wang, Jian; Chemical Communications; vol. 59; nb. 73; (2023); p. 10944 - 10947",2023,valid,ionic_liquid,
1944,Propylene oxide,"4-methyl-1,3-dioxolan-2-one",99.0,85.0,0.1,,tetrabutylammonium bromide,,,,,,,,,,,,,,"Qing, Yuting;Tan, Ziyun;Zhang, Hejinglong;Wang, Yanwei;Shi, Yize;Yuan, Dan;Li, Wenyi;Yao, Yingming; Or‐ ganometallics; vol. 42; nb. 15; (2023); p. 2102 - 2110",2023,valid,ionic_liquid,
1945,Propylene oxide,"4-methyl-1,3-dioxolan-2-one",99.0,60.0,0.1,,tetrabutylammonium bromide,,,,,,,,,,无溶剂,,,,"Sealed tube, Catalytic behavior Wang, Wen-Min;Cheng, Rui-Rui;Wu, Zhi-Lei;Cui, Jian-Zhong; Inorganic Chemistry; vol. 62; nb. 37; (2023); p. 14902 - 14911",2023,valid,ionic_liquid,无溶剂
1946,Propylene oxide,"4-methyl-1,3-dioxolan-2-one",98.0,20.0,0.10133,,tetrabutylammonium bromide,,,,,,,,,,无溶剂,,,,"Reagent/catalyst Manna, Krishna;Kumar, Rahul;Sundaresan, Athinarayanan;Natarajan, Srinivasan; Inorganic Chemistry; vol. 62; nb. 34; (2023); p. 13738 - 13756",2023,valid,ionic_liquid,无溶剂
1947,Propylene oxide,"4-methyl-1,3-dioxolan-2-one",99.0,20.0,0.10133,,tetrabutylammonium bromide,,,,,,,,,,,,,,"Said, Amir;Zhang, Guanyun;Wang, Dexin;Chen, Guanjie;Liu, Yanshu;Gao, Fangfang;Tung, Chen-Ho;Wang, Yifeng; Inorganic Chemistry; vol. 62; nb. 33; (2023); p. 13476 - 13484",2023,valid,ionic_liquid,
1948,Propylene oxide,"4-methyl-1,3-dioxolan-2-one",99.0,60.0,0.10133,,tetrabutylammonium bromide,,,,,,,,,,无溶剂,,,,"Catalytic behavior Li, Ling;Zou, Ji-Yong;You, Sheng-Yong;Zhang, Li; Inorganic Chemistry; vol. 62; nb. 35; (2023); p. 14168 - 14179",2023,valid,ionic_liquid,无溶剂
1949,Propylene oxide,"4-methyl-1,3-dioxolan-2-one",95.0,20.0,0.101325,,tetra-(n-butyl)ammonium iodide,,tetrabutylammonium iodide,3.0,,,,,,,,,,,"2.4 General Procedure fortheSynthesis ofCyclicCarbonates fromEpoxide andCO2(5 and7) General procedure: Epoxide 4 (or 6) (1.0 equiv.), Catalyst 3 (3.0mol %) and cocatalystTBAI (6.0mol %) were taken in a 5.0mL screw capvial with magnetic stir bead and sealed with septum. Then,the carbon dioxide purged through a needle balloon and thereaction was continued at room temperature for 24.0h. Aftercompletion of the reaction as monitored by TLC, the conversionsof the reactions were obtained by GC and then thecyclic carbonate product was isolated by column chromatographicpurifcation using 60-120 silica gel. Mixture of ethylacetate in petroleum ether was used as eluent to aford thecorresponding product 5 (or 7) in the pure form. With 2-((E)-((Z)-4-hydroxypent-3-en-2-ylidene)amino)phenol, tetra-(n-butyl)ammonium iodide, T= 20 °C , Sealed tube, Catalytic behavior Roy, Shilpa;Das, Koushik;Halder, Sandipan; Catalysis Letters; vol. 154; nb. 5; (2024); p. 2243 - 2254",2024,valid,ionic_liquid,
1950,Propylene oxide,"4-methyl-1,3-dioxolan-2-one",99.0,80.0,0.81065,,tetrabutylammonium bromide,,,,,,,,,,water,,,,"Reagent/ catalyst, Pressure Meng, Jie;Zhang, Jing;Fan, Shu-Cong;Wang, Ying;Zhang, Peng;Yuan, Wenyu;Zhai, Quan-Guo; Crystal Growth and Design; vol. 23; nb. 7; (2023); p. 5043 - 5051",2023,valid,ionic_liquid,water
1951,Propylene oxide,"4-methyl-1,3-dioxolan-2-one",75.0,110.0,1.50002,,L-arginine,,,,,,,,,,无溶剂,,,,"Inert atmosphere, Green chemistry, Catalytic behavior, Temperature Wang, Fan;Xie, Congxia;Song, Hongbing;Jin, Xin; Green Chemistry; vol. 25; nb. 20; (2023); p. 8134 - 8144",2023,valid,unknown,无溶剂
1952,Propylene oxide,"4-methyl-1,3-dioxolan-2-one",95.0,20.0,0.101325,,tetra-(n-butyl)ammonium iodide,,tetrabutylammonium iodide,3.0,,,,,,,无溶剂,,,,"2.4 General Procedure fortheSynthesis ofCyclicCarbonates fromEpoxide andCO2(5 and7) General procedure: Epoxide 4 (or 6) (1.0 equiv.), Catalyst 3 (3.0mol %) and cocatalystTBAI (6.0mol %) were taken in a 5.0mL screw capvial with magnetic stir bead and sealed with septum. Then,the carbon dioxide purged through a needle balloon and thereaction was continued at room temperature for 24.0h. Aftercompletion of the reaction as monitored by TLC, the conversionsof the reactions were obtained by GC and then thecyclic carbonate product was isolated by column chromatographicpurifcation using 60-120 silica gel. Mixture of ethylacetate in petroleum ether was used as eluent to aford thecorresponding product 5 (or 7) in the pure form. With 2-((E)-((Z)-4-hydroxypent-3-en-2-ylidene)amino)phenol, tetra-(n-butyl)ammonium iodide in neat (no solvent), T= 20 °C , Sealed tube, Green chemistry, Catalytic behavior Roy, Shilpa;Das, Koushik;Halder, Sandipan; Catalysis Letters; vol. 154; nb. 5; (2024); p. 2243 - 2254",2024,valid,ionic_liquid,无溶剂
1953,Propylene oxide,"4-methyl-1,3-dioxolan-2-one",94.0,120.0,2.50004,,tetraoctyl ammonium bromide,,,,,,,,,,,,,,"Bilanin, Cristina;Escamilla, Paula;Ferrando-Soria, Jesús;Leyva-Pérez, Antonio;Armentano, Donatella;Pardo, Emilio; Dalton Transactions; vol. 52; nb. 47; (2023); p. 18018 - 18026",2023,valid,unknown,
1954,Propylene oxide,"4-methyl-1,3-dioxolan-2-one",95.0,25.0,,,tetra-(n-butyl)ammonium iodide,,tetrahydroxydiboron,,,,,,,,无溶剂,,,,"With tetrahydroxydiboron, tetra-(n-butyl)ammonium iodide in neat (no solvent), T= 25 - 35 °C Luo, Yuhui;Chen, Fei;Zhang, Hao;Liu, Jichang;Liu, Ning; Journal of Organic Chemistry; vol. 88; nb. 22; (2023); p. 15717 - 15725",2023,valid,unknown,无溶剂
1955,Propylene oxide,"4-methyl-1,3-dioxolan-2-one",99.0,75.0,0.10133,,tetrabutylammonium bromide,,,,,,,,,,无溶剂,,,,"Zhang, Zhengguo;Liu, Shurong;Liu, Youbin;Zhang, Xiutang; Crystal Growth and Design; vol. 23; nb. 9; (2023); p. 6701 - 6711",2023,valid,ionic_liquid,无溶剂
1956,Propylene oxide,"4-methyl-1,3-dioxolan-2-one",51.0,60.0,4.00006,,tetrabutylammonium bromide,,,,,,,,,,DMF,,,,"Bilyachenko, Alexey N.;Gutsul, Evgenii I.;Khrustalev, Victor N.;Chusova, Olga;Dorovatovskii, Pavel V.;Aliye‐ va, Vusala A.;Paninho, Ana B.;Nunes, Ana V. M.;Mahmudov, Kamran T.;Shubina, Elena S.;Pombeiro, Arman‐ do J. L.; Inorganic Chemistry; vol. 62; nb. 38; (2023); p. 15537 - 15549",2023,valid,ionic_liquid,DMF
1957,Propylene oxide,"4-methyl-1,3-dioxolan-2-one",89.0,80.0,3.00005,,tetrabutylammonium bromide,,,,,,,,,,water,,,,PatentUNIV CHINA PETROLEUM BEIJING; CHINA UNIVERSITY OF PETROLEUM BEIJING; CN116925152; (2023); (A) ChineseCHINA UNIVERSITY OF PETROLEUM (BEIJING),2023,valid,ionic_liquid,water
1959,Propylene oxide,"4-methyl-1,3-dioxolan-2-one",97.1,60.0,0.50001,,tetrabutylammonium bromide,,,,,,,,,,,,,,"Catalytic be‐ havior, Reagent/catalyst Wu, Tianyu;Chen, Guangrui;Han, Ji;Sun, Ruigang;Zhao, Bin;Zhong, Guiyuan;Yamauchi, Yusuke;Guan, Buyuan; Journal of the American Chemical Society; vol. 145; nb. 30; (2023); p. 16498 - 16507",2023,valid,ionic_liquid,
1961,Propylene oxide,"4-methyl-1,3-dioxolan-2-one",84.0,70.0,0.1,,tetrabutylammonium chloride,,tetrabutylammonium bromide,,tetra-(n-butyl)ammonium iodide,,triphenylphosphine,,,,,,,,"Miao, Chang-Qing;Yan, Jie-Chen;Yang, Chen;Wang, Jia-Li;Ding, Jia-Le;Chen, Si-Rong;Ge, Juan-Xiu;Wang, Ni;Hou, Yin-Ling; Polyhedron; vol. 243; (2023); Art.No: 116509",2023,valid,ionic_liquid,
1963,Propylene oxide,"4-methyl-1,3-dioxolan-2-one",91.4,80.0,1.00001,,tetrabutylammonium bromide,,,,,,,,,,无溶剂,,,,"Reagent/ catalyst, Temperature, Pressure, Time Liu, Lu;Liu, Ziyi;Cui, Jingnan;Ning, Guiling;Gong, Weitao; Chinese Chemical Letters; vol. 35; nb. 1; (2024); Art.No: 108422",2024,valid,ionic_liquid,无溶剂
1964,Propylene oxide,"4-methyl-1,3-dioxolan-2-one",98.2,60.0,0.50001,,tetrabutylammonium bromide,,,,,,,,,,,,,,"Dong, Didi;Zhao, Xinyu;Pu, Chun;Yao, Yao;Zhao, Bo;Tian, Ge;Chang, Ganggang;Yang, Xiaoyu; Inorganic Chemistry; vol. 62; nb. 49; (2023); p. 20528 - 20536",2023,valid,ionic_liquid,
1967,Propylene oxide,"4-methyl-1,3-dioxolan-2-one",85.0,120.0,0.80001,,tetrabutylammonium bromide,,,,,,,,,,,,,,"Chen, Shuang-Shuang;Li, Lei-Lei;Liu, Shuang;Liu, Shu-Yuan;Wang, Wen-Zhen;Xu, Xiao-Han; Journal of Mo‐ lecular Structure; vol. 1302; (2024); Art.No: 137504",2024,valid,ionic_liquid,
1968,Propylene oxide,"4-methyl-1,3-dioxolan-2-one",99.0,80.0,0.80001,,tetrabutylammonium bromide,,,,,,,,,,,,,,"Auto‐ clave, Catalytic behavior, Reagent/catalyst Fan, Shu-Cong;Zhang, Ya-Li;Ni, Jing-Jing;Li, Yong-Peng;Li, Shu-Ni;Zhai, Quan-Guo; Inorganic Chemistry; vol. 62; nb. 49; (2023); p. 20279 - 20287",2023,valid,ionic_liquid,
1971,Propylene oxide,"4-methyl-1,3-dioxolan-2-one",100.0,80.0,0.10133,,tetrabutylammonium bromide,,,,,,,,,,methanol,,,,"Schlenk techni‐ que, Catalytic behavior, Reagent/catalyst Xiong, Peng;Xie, Ting-Ting;Zhou, Mi;Li, Shi-Ming;Wang, Xiu-Jian;Ni, Qing-Ling;Gui, Liu-Cheng; Journal of Mo‐ lecular Structure; vol. 1303; (2024); Art.No: 137466",2024,valid,ionic_liquid,methanol
1972,Propylene oxide,"4-methyl-1,3-dioxolan-2-one",99.0,,0.10133,,tetrabutylammonium bromide,,,,,,,,,,,,,,"Said, Amir;Chen, Guanjie;Zhang, Guanyun;Wang, Dexin;Liu, Yanshu;Gao, Fangfang;Wang, Guo;Tung, Chen- Ho;Wang, Yifeng; Dalton Transactions; vol. 53; nb. 8; (2024); p. 3666 - 3674",2024,valid,ionic_liquid,
1975,Propylene oxide,"4-methyl-1,3-dioxolan-2-one",98.0,80.0,0.10133,,tetrabutylammonium bromide,,,,,,,,,,,,,,"Zhang, Yuanhang;Xu, Siji;Huang, Kun;Zhang, Xiang-Yu;Qin, Da-Bin;Zhao, Bin; Crystal Growth and Design; vol. 23; nb. 11; (2023); p. 7873 - 7881",2023,valid,ionic_liquid,
1977,Propylene oxide,"4-methyl-1,3-dioxolan-2-one",79.0,80.0,5.00008,,tetrabutylammonium bromide,,,,,,,,,,无溶剂,,,,"Bilyachenko, Alexey N.;Khrustalev, Victor N.;Dorovatovskii, Pavel V.;Shul’pina, Lidia S.;Ikonnikov, Nikolay S.;Shubina, Elena S.;Lobanov, Nikolai N.;Aliyeva, Vusala A.;Nunes, Ana V. M.;Mahmudov, Kamran T.;Kozlov, Yuriy N.;Pombeiro, Armando J. L.; Inorganic Chemistry; vol. 63; nb. 4; (2024); p. 1909 - 1918",2024,valid,ionic_liquid,无溶剂
1980,Propylene oxide,"4-methyl-1,3-dioxolan-2-one",90.0,60.0,0.1,,tetrabutylammonium bromide,,,,,,,,,,,,,,"Autoclave Xu, Liangsheng;Wang, Yu;Sun, Zhenkun;Chen, Zheng;Zhao, Guofeng;Kühn, Fritz E.;Jia, Wei-Guo;Yun, Ruir‐ ui;Zhong, Rui; Inorganic Chemistry; vol. 63; nb. 4; (2024); p. 1828 - 1839",2024,valid,ionic_liquid,
1981,Propylene oxide,"4-methyl-1,3-dioxolan-2-one",99.0,50.0,0.1,,tetrabutylammonium bromide,,,,,,,,,,,,,,"Irradiation Liu, Yanshu;Zhang, Guanyun;Wang, Dexin;Chen, Guanjie;Gao, Fangfang;Tung, Chen-Ho;Wang, Yifeng; Dal‐ ton Transactions; vol. 53; nb. 5; (2024); p. 1989 - 1998",2024,valid,ionic_liquid,
1983,Propylene oxide,"4-methyl-1,3-dioxolan-2-one",93.0,100.0,0.1,,tetrabutylammonium bromide,,,,,,,,,,,,,,"Bao, Wen-Li;Kuai, Jie;Gao, Hai-Yang;Zheng, Meng-Qi;Sun, Zhong-Hua;He, Ming-Yang;Chen, Qun;Zhang, Zhi- Hui; Dalton Transactions; vol. 53; nb. 14; (2024); p. 6215 - 6223",2024,valid,ionic_liquid,
1984,Propylene oxide,"4-methyl-1,3-dioxolan-2-one",73.2,80.0,1.00001,,tetrabutylammonium bromide,,,,,,,,,,,,,,"Sealed tube Zhang, Weilong;Li, Zhuo;Yu, Xue-Fang;Zhang, Kaisheng;Liu, Senmiao;Du, Yujie;Guo, Qi;Zhang, Lixue;Ding, Xin;Tang, Hua;Peng, Yanhua;Yang, Xiaolong; Inorganic Chemistry; vol. 63; nb. 6; (2024); p. 2954 - 2966",2024,valid,ionic_liquid,
1985,Propylene oxide,"4-methyl-1,3-dioxolan-2-one",99.0,70.0,,,tetrabutylammonium bromide,,,,,,,,,,,,,,"With tetrabutylammomium bromide, [Gd4(μ3-OH)2(5-chlorine-8-hydroxylquinoline)6(acetylacetone)4], T= 70 °C Wang, Yufang;Cui, Haibo;Guo, Huican;Fang, Ming; Polyhedron; vol. 255; (2024); Art.No: 116988",2024,valid,ionic_liquid,
1986,Propylene oxide,"4-methyl-1,3-dioxolan-2-one",99.0,65.0,0.10133,,tetrabutylammonium bromide,,pyridine,,,,,,,,,,,,"Reagent/catalyst, Temperature, Time Ren, Meiyu;Li, Chong;Hu, Tuoping;Fan, Liming;Zhang, Xiutang; Crystal Growth and Design; vol. 24; nb. 8; (2024); p. 3473 - 3482",2024,valid,mixed_system,
1988,Propylene oxide,"4-methyl-1,3-dioxolan-2-one",98.2,25.0,0.1,,tetrabutylammonium bromide,,,,,,,,,,acetonitrile,,,,"Catalytic behavior, Reagent/catalyst Liu, Kelong;Du, Longchao;Wang, Tingting; Inorganic Chemistry; vol. 63; nb. 10; (2024); p. 4614 - 4627",2024,valid,ionic_liquid,acetonitrile
1992,Propylene oxide,"4-methyl-1,3-dioxolan-2-one",99.7,90.0,1.00001,,pyridinium,,,,,,,,,,water,ethyl acetate,,,"Shabbir, Irfan;Ndayambaje, Jean Damascene;Dong, Li;Su, Qian;Cheng, Weiguo; Molecular catalysis; vol. 562; (2024); Art.No: 114227",2024,valid,ionic_liquid,water; ethyl acetate
1993,Propylene oxide,"4-methyl-1,3-dioxolan-2-one",99.0,65.0,0.10133,,tetrabutylammonium bromide,,pyridine,,,,,,,,无溶剂,,,,"Reagent/catalyst, Tem‐ perature, Time Ren, Meiyu;Li, Chong;Hu, Tuoping;Fan, Liming;Zhang, Xiutang; Crystal Growth and Design; vol. 24; nb. 8; (2024); p. 3473 - 3482",2024,valid,mixed_system,无溶剂
1994,Propylene oxide,"4-methyl-1,3-dioxolan-2-one",78.0,20.0,0.10133,,tetrabutylammonium bromide,,,,,,,,,,无溶剂,,,,"Sarkar, Somnath;Ghosh, Swarbhanu;Mondal, Titu;Khan, Aslam;Islam, Sk. Manirul; New Journal of Chemistry; vol. 48; nb. 22; (2024); p. 10010 - 10018",2024,valid,ionic_liquid,无溶剂
1998,Propylene oxide,"4-methyl-1,3-dioxolan-2-one",99.7,90.0,1.00001,,pyridinium,,,,,,,,,,无溶剂,,,,"Sealed tube, Catalytic behavior, Reagent/catalyst, Temperature, Time, Pressure Shabbir, Irfan;Ndayambaje, Jean Damascene;Dong, Li;Su, Qian;Cheng, Weiguo; Molecular catalysis; vol. 562; (2024); Art.No: 114227",2024,valid,ionic_liquid,无溶剂
1999,Propylene oxide,"4-methyl-1,3-dioxolan-2-one",99.0,70.0,0.1,,tetrabutylammonium bromide,,,,,,,,,,无溶剂,,,,"Wang, Yufang;Cui, Haibo;Guo, Huican;Fang, Ming; Polyhedron; vol. 255; (2024); Art.No: 116988",2024,valid,ionic_liquid,无溶剂
2000,Propylene oxide,"4-methyl-1,3-dioxolan-2-one",82.0,60.0,0.1,,tetrabutylammonium bromide,,,,,,,,,,water,ethyl acetate,,,"Wu, Ling;Xia, Xiaocheng;An, Wenying;Cui, Wenshan;Liu, Yue;Lv, Wei;Wu, Fengtian; Letters in Organic Chem‐ istry; vol. 21; nb. 7; (2024); p. 611 - 619",2024,valid,ionic_liquid,water; ethyl acetate
2001,Propylene oxide,"4-methyl-1,3-dioxolan-2-one",99.0,70.0,0.1,,tetrabutylammonium bromide,,,,,,,,,,,,,,"Kong, Xianghe;Liao, Xiaoli;Huang, Zhenkun;Mei, Lei;Wang, Hongqing;Hu, Kongqiu;Shi, Wei‐ qunS100184172400161X; Chinese Chemical Letters; vol. 35; nb. 11; (2024); Art.No: 109642",2024,valid,ionic_liquid,
2002,Propylene oxide,"4-methyl-1,3-dioxolan-2-one",97.0,20.0,0.1,,tetra-(n-butyl)ammonium iodide,,,,,,,,,,无溶剂,,,,"Meher, Sushanta Kumar;Nayak, Prakash;Dhala, Sasmita;Tripathy, Swetapadma;Venkatasubbaiah, Krishnan; Catalysis science and technology; vol. 14; nb. 11; (2024); p. 3125 - 3130",2024,valid,unknown,无溶剂
2003,Propylene oxide,"4-methyl-1,3-dioxolan-2-one",92.0,80.0,0.10133,,tetrabutylammonium bromide,,,,,,,,,,无溶剂,,,,"Shen, Simin;Liu, Yuxing;Huang, Kun;Zhang, Xiang-Yu;Qin, Da-Bin;Zhao, Bin; Crystal Growth and Design; vol. 24; nb. 11; (2024); p. 4333 - 4341",2024,valid,ionic_liquid,无溶剂
2006,Propylene oxide,"4-methyl-1,3-dioxolan-2-one",97.0,20.0,0.1,,tetra-(n-butyl)ammonium iodide,,,,,,,,,,无溶剂,,,,"Meher, Sushanta Kumar;Nayak, Prakash;Dhala, Sasmita;Tripathy, Swetapadma;Venkatasubbaiah, Krishnan; Catalysis science and technology; vol. 14; nb. 11; (2024); p. 3125 - 3130",2024,valid,unknown,无溶剂
2008,Propylene oxide,"4-methyl-1,3-dioxolan-2-one",94.0,40.0,0.10133,,tetrabutylammonium bromide,,,,,,,,,,无溶剂,,,,"Temperature, Reagent/catalyst Zhou, Yong-Bo;Chen, Fei;Du, Zhi-Hong;Liu, Bin-Yuan;Liu, Ning; Inorganic Chemistry; vol. 63; nb. 35; (2024); p. 16491 - 16506",2024,valid,ionic_liquid,无溶剂
2009,Propylene oxide,"4-methyl-1,3-dioxolan-2-one",98.0,60.0,0.00013,,tetrabutylammonium bromide,,,,,,,,,,,,,,"Catalytic behavior, Reagent/catalyst, Temperature, Time Abazari, Reza;Ghorbani, Nasrin;Shariati, Jafar;Varma, Rajender S.;Qian, Jinjie; Inorganic Chemistry; vol. 63; nb. 27; (2024); p. 12667 - 12680",2024,valid,ionic_liquid,
2010,Propylene oxide,"4-methyl-1,3-dioxolan-2-one",98.0,120.0,1.00001,,imidazolium,,,,,,,,,,,,,,"Temperature Li, Biao;Li, Hao;Xiang, Dexuan;Ouyang, Yuejun;Wu, Jingao;Chen, Gui;Zhang, Zaixing;Lin, Hongwei;Zhou, Nonglin; Polymer; vol. 312; (2024); Art.No: 127598",2024,valid,ionic_liquid,
2011,Propylene oxide,"4-methyl-1,3-dioxolan-2-one",99.01,80.0,1.00001,,tetrabutylammonium bromide,,,,,,,,,,,,,,"Jiang, Miao;Zhao, Peng-Li;Yue, Yong-Ning;Song, Xue-Qin;Wang, Li; Journal of Molecular Structure; vol. 1316; (2024); Art.No: 138943",2024,valid,ionic_liquid,
2012,Propylene oxide,"4-methyl-1,3-dioxolan-2-one",99.5,50.0,0.10133,,tetra-(n-butyl)ammonium iodide,,,,,,,,,,无溶剂,,,,"Yu, Wen-Wang;Meng, Xiang-Guang;Gan, Zi-Yu;Li, Wen;Zhang, Yu-Lian;Zhou, Jie; Catalysis science and tech‐ nology; vol. 14; nb. 21; (2024); p. 6215 - 6223",2024,valid,unknown,无溶剂
2013,Propylene oxide,"4-methyl-1,3-dioxolan-2-one",99.0,90.0,0.1,,tetrabutylammonium bromide,,,,,,,,,,无溶剂,,,,"Catalytic behavior Xiong, Gui;Li, Qi;Liang, Lijuan;Zhang, Xiangyu;Huang, Kun;Qin, Dabin; Journal of Molecular Structure; vol. 1321; (2025); Art.No: 139725",2025,valid,ionic_liquid,无溶剂
2014,Propylene oxide,"4-methyl-1,3-dioxolan-2-one",93.0,85.0,,,tetrabutylammonium bromide,,,,,,,,,,,,,,"With tetrabutylammomium bromide, 2C22H12N2O4(2-)*2Cu(2+)*C18H14N4O, T= 85 °C , Sealed tube, Catalytic behavior, Reagent/catalyst, Temperature, Time Shen, Simin;Zhang, Yuanhang;Liang, Lijuan;Zhang, Xiang-Yu;Huang, Kun;Qin, Da-Bin; Crystal Growth and Design; vol. 24; nb. 18; (2024); p. 7580 - 7587",2024,valid,ionic_liquid,
2015,Propylene oxide,"4-methyl-1,3-dioxolan-2-one",94.8,100.0,1.20002,,tetrabutylammonium bromide,,,,,,,,,,无溶剂,,,,"Catalytic behavior, Reagent/catalyst, Pressure, Temperature Jin, Siyang;Fu, Yu;Jie, Kecheng;Dai, Huan;Luo, Yun Jie;Ye, Liang;Zhou, Chaohui;Xu, Wei; Chemistry - A Euro‐ pean Journal; vol. 30; nb. 39; (2024); Art.No: e202400756",2024,valid,ionic_liquid,无溶剂
2016,Propylene oxide,"4-methyl-1,3-dioxolan-2-one",96.0,120.0,0.40533,,tetrabutylammonium bromide,,,,,,,,,,无溶剂,,,,"Catalytic behavior, Reagent/catalyst Maurya, Mannar R.;Singh, Devesh;Sharma, Astha;Avecilla, Fernando; European Journal of Inorganic Chemis‐ try; vol. 27; nb. 27; (2024); Art.No: e202400287",2024,valid,ionic_liquid,无溶剂
2019,Propylene oxide,"4-methyl-1,3-dioxolan-2-one",92.0,50.0,1.00001,,tetrabutylammonium bromide,,,,,,,,,,,,,,"Navarro, Marta;Sobrino, Sonia;Fernández, Israel;Lara-Sánchez, Agustín;Garcés, Andrés;Sánchez-Barba, Luis F.; Dalton Transactions; vol. 53; nb. 33; (2024); p. 13933 - 13949",2024,valid,ionic_liquid,
2021,Propylene oxide,"4-methyl-1,3-dioxolan-2-one",99.0,65.0,0.10133,,tetrabutylammonium bromide,,,,,,,,,,无溶剂,,,,"Kinetics, Temperature Wang, Xiaotong;Li, Chong;Hu, Tuoping;Gao, Yanpeng;Fan, Liming;Zhang, Xiutang; Journal of Molecular Struc‐ ture; vol. 1318; (2024); Art.No: 139223",2024,valid,ionic_liquid,无溶剂
2022,Propylene oxide,"4-methyl-1,3-dioxolan-2-one",76.65,100.0,1.00001,16.0,imidazolium bromide,,imidazolium,,,,,,,,无溶剂,,,,"Chen, Wenjuan;Meng, Lingqi;Sun, Jinmiao;Mu, Manman;Yin, Xiaohong; Polymer; vol. 312; (2024); Art.No: 127639",2024,valid,ionic_liquid,无溶剂
2023,Propylene oxide,"4-methyl-1,3-dioxolan-2-one",99.0,65.0,0.10133,,tetrabutylammonium bromide,,,,,,,,,,无溶剂,,,,"Fei, Yang;Abazari, Reza;Ren, Meiyu;Wang, Xiaotong;Zhang, Xiutang; Inorganic Chemistry; vol. 63; nb. 40; (2024); p. 18914 - 18923",2024,valid,ionic_liquid,无溶剂
2025,Propylene oxide,"4-methyl-1,3-dioxolan-2-one",98.0,80.0,2.50004,,pyridinium,,,,,,,,,,ethyl acetate,,,,PatentINST PROCESS ENG CAS; INSTITUTE OF PROCESS ENGINEERING CAS; CN117534608; (2024); (A) ChineseCHINESE ACADEMY OF SCIENCES; Institute of Process Engineering (in: CAS),2024,valid,ionic_liquid,ethyl acetate
2026,Propylene oxide,"4-methyl-1,3-dioxolan-2-one",98.0,65.0,0.50001,,tetrabutylammonium bromide,,,,,,,,,,,,,,"Han, Ji;Xu, Haidong;Zhao, Bin;Sun, Ruigang;Chen, Guangrui;Wu, Tianyu;Zhong, Guiyuan;Gao, Yanj‐ ing;Zhang, Song Lin;Yamauchi, Yusuke;Guan, Buyuan; Journal of the American Chemical Society; vol. 146; nb. 28; (2024); p. 18979 - 18988",2024,valid,ionic_liquid,
2027,Propylene oxide,"4-methyl-1,3-dioxolan-2-one",99.0,75.0,0.90001,,tetrabutylammonium bromide,,,,,,,,,,,,,,"Zhao, Bo;Li, Chong;Hu, Tuoping;Gao, Yanpeng;Fan, Liming;Zhang, Xiutang; Inorganic Chemistry; vol. 63; nb. 30; (2024); p. 14183 - 14192",2024,valid,ionic_liquid,
2028,Propylene oxide,"4-methyl-1,3-dioxolan-2-one",70.0,50.0,0.10133,,tetrabutylammonium bromide,,,,,,,,,,acetonitrile,,,,"Dadmehr, Parvaneh;Bikas, Rahman;Lis, Tadeusz; Dalton Transactions; vol. 53; nb. 36; (2024); p. 15246 - 15257",2024,valid,ionic_liquid,acetonitrile
2029,Propylene oxide,"4-methyl-1,3-dioxolan-2-one",93.0,65.0,0.1,,tetrabutylammonium bromide,,,,,,,,,,无溶剂,,,,"Guan, Xiao-Fen;Tang, Jia-Le;Yan, Rui;Guo, Zi-Qi;Jia, Bo-Wen;Qiao, Na;Hou, Yin-Ling;Wang, Wen-Min; Jour‐ nal of Organometallic Chemistry; vol. 1021; (2024); Art.No: 123355",2024,valid,ionic_liquid,无溶剂
2030,Propylene oxide,"4-methyl-1,3-dioxolan-2-one",88.0,140.0,1.40003,,tetrabutylammonium bromide,,,,,,,,,,,,,,"Inert atmosphere Liu, Boteng;Wang, Bangzhong;Zhang, Shuaibo;Qu, Jingping;Zhou, Yuhan; Arkivoc; vol. 2024; nb. 7; (2024); Art.No: 202412249",2024,valid,ionic_liquid,
2031,Propylene oxide,"4-methyl-1,3-dioxolan-2-one",98.0,50.0,0.10133,,tetrabutylammonium bromide,,,,,,,,,,acetonitrile,,,,"Yu, Xiang;Xu, Xinyu;Gao, Lei;Luo, Rengan;Liu, Yi-Fan;Gu, Yu-Hao;Yuan, Shuai; Dalton Transactions; vol. 53; nb. 44; (2024); p. 17902 - 17908",2024,valid,ionic_liquid,acetonitrile
2032,Propylene oxide,"4-methyl-1,3-dioxolan-2-one",94.0,100.0,0.10133,,tetrabutylammonium bromide,,,,,,,,,,无溶剂,,,,"Chowdhury, Rhitwika;Bhat, Irshad Ahmad;Sachan, Sharad Kumar;Anantharaman, Ganapathi; Dalton Transac‐ tions; vol. 53; nb. 42; (2024); p. 17157 - 17161",2024,valid,ionic_liquid,无溶剂
2033,Propylene oxide,"4-methyl-1,3-dioxolan-2-one",93.0,20.0,0.10133,,tetrabutylammonium bromide,,,,,,,,,,acetonitrile,,,,"Inert at‐ mosphere, Sealed tube, Irradiation Saini, Sandhya;Khan, Shafiur Rehman;Gour, Nand Kishor;Chandra Deka, Ramesh;Jain, Suman L.; Green Chemistry; vol. 24; nb. 9; (2022); p. 3644 - 3650",2022,valid,ionic_liquid,acetonitrile
2034,Propylene oxide,"4-methyl-1,3-dioxolan-2-one",89.0,90.0,0.1,,tetra-(n-butyl)ammonium iodide,,,,,,,,,,无溶剂,,,,"Goswami, Bappaditya;Khatua, Manas;Rani, Swati;Chatterjee, Robindo;Samanta, Subhas; Inorganic Chemis‐ try; vol. 63; nb. 50; (2024); p. 23630 - 23641",2024,valid,unknown,无溶剂
2036,Propylene oxide,"4-methyl-1,3-dioxolan-2-one",60.9,100.0,1.60002,,DMAP,,,,,,,,,,无溶剂,,,,"Green chemistry Yasar, Eyyup;Aytar, Emine;Kilic, Ahmet; Inorganica Chimica Acta; vol. 577; (2025); Art.No: 122503",2025,valid,mixed_system,无溶剂
2037,Propylene oxide,"4-methyl-1,3-dioxolan-2-one",43.0,120.0,,,tetra-(n-butyl)ammonium iodide,,,,,,,,,,,,,,"ejos, Rey Eliseo;Norr‐ rahim, Mohd Nor Faiz;Jadhav, Arvind H.; Applied Organometallic Chemistry; vol. 39; nb. 1; (2025); Art.No: e7910",2025,valid,unknown,
2040,Propylene oxide,"4-methyl-1,3-dioxolan-2-one",99.0,85.0,1.00001,,tetrabutylammonium bromide,,,,,,,,,,,,,,"Fei, Yang;Gao, Yanpeng;Ren, Meiyu;Guo, Le;Fan, Liming;Zhang, Xiutang; Crystal Growth and Design; vol. 24; nb. 24; (2024); p. 10364 - 10372",2024,valid,ionic_liquid,
2043,Propylene oxide,"4-methyl-1,3-dioxolan-2-one",86.0,100.0,0.10133,,tetrabutylammonium bromide,,,,,,,,,,无溶剂,,,,"Habibi, Behnam;Soleimani Abhari, Paria;Eisari, Mohsen;Morsali, Ali;Yan, Xiao-Wei; Inorganic Chemistry; vol. 63; nb. 44; (2024); p. 21354 - 21363",2024,valid,ionic_liquid,无溶剂
2044,Propylene oxide,"4-methyl-1,3-dioxolan-2-one",92.0,140.0,1.00001,,imidazolium chloride,,imidazolium,,,,,,,,,,,,"Flow reactor, Green chemistry Yu, Zhibo;Ishitani, Haruro;Kobayashi, Shu; Green Chemistry; vol. 26; nb. 23; (2024); p. 11548 - 11555",2024,valid,ionic_liquid,
2045,Propylene oxide,"4-methyl-1,3-dioxolan-2-one",88.0,20.0,0.1,48.0,tetrabutylammonium bromide,,,,,,,,,,,,,,"Catalytic behavior, Reagent/catalyst Liu, Gao-Feng;Li, Zhi-Wei;Huang, Zi-Jun;Zhou, Zhiyuan;Li, Ying-Xian;Huang, Anlian;Cai, Ziyang;Ouyang, Gangfeng;Ye, Bao-Hui;Zhang, Yue-Biao; Journal of the American Chemical Society; vol. 147; nb. 2; (2025); p. 1840 - 1850",2025,valid,ionic_liquid,
2046,Propylene oxide,"4-methyl-1,3-dioxolan-2-one",80.2,100.0,1.60002,2.0,DMAP,,,,,,,,,,无溶剂,,,,"Sogukomerogullari, Hatice Gamze;Aytar, Emine;?akmak, Re?it;Ba?aran, Eyüp; Journal of Organometallic Chemistry; vol. 1023; (2025); Art.No: 123424",2025,valid,mixed_system,无溶剂
2050,Propylene oxide,"4-methyl-1,3-dioxolan-2-one",96.0,20.0,0.10133,24.0,tetra-(n-butyl)ammonium iodide,,,,,,,,,,无溶剂,,,,"Kumari, Nidhi;Das, Koushik;Chaudhary, Monika;Halder, Sandipan;Chakraborty, Biswarup; Small; vol. 21; nb. 20; (2025); Art.No: 2412256",2025,valid,unknown,无溶剂
2051,Propylene oxide,"4-methyl-1,3-dioxolan-2-one",93.9,100.0,1.60002,2.0,pyridine,,lithium bromide,,DMAP,,,,,,无溶剂,,,,"Sealed tube, Green chemistry Aytar;Kibar; Inorganic Chemistry Communications; vol. 173; (2025); Art.No: 113909",2025,valid,mixed_system,无溶剂
2052,Propylene oxide,"4-methyl-1,3-dioxolan-2-one",99.0,75.0,0.10133,8.0,tetrabutylammonium bromide,,,,,,,,,,无溶剂,,,,"Catalytic behavior Ren, Meiyu;Fei, Yang;Gao, Yanpeng;Fan, Liming;Hu, Tuoping;Zhang, Xiutang; Journal of Molecular Structure; vol. 1329; (2025); Art.No: 141361",2025,valid,ionic_liquid,无溶剂
2054,Propylene oxide,"4-methyl-1,3-dioxolan-2-one",98.0,20.0,0.1,12.0,tetrabutylammonium bromide,,,,,,,,,,无溶剂,,,,"Green chemistry AlFayi, Majed S.;Altalbawy, Farag M.A.;Mandaliya, Viralkumar;Ballal, Suhas;Sulaiman, Jameel M.A.;Bhanot, Deepak;Sharma, Girish Chandra;Chandra, Subhash;Shernazarov, Iskandar;Sead, Fadhel F.; Molecular Cataly‐ sis; vol. 579; (2025); Art.No: 115045",2025,valid,ionic_liquid,无溶剂
2055,Propylene oxide,"4-methyl-1,3-dioxolan-2-one",99.0,80.0,0.10133,4.0,tetrabutylammonium bromide,,,,,,,,,,,,,,"Zhang, Tao;Liang, Shujun;Jia, Shuai;Cui, Haibo;Wang, Xinyi;Zhang, Xiutang; RSC Advances; vol. 15; nb. 22; (2025); p. 17811 - 17818",2025,valid,ionic_liquid,
2058,Propylene oxide,"4-methyl-1,3-dioxolan-2-one",99.0,65.0,0.10133,6.0,tetrabutylammonium bromide,,,,,,,,,,无溶剂,,,,"Catalytic be‐ havior Zhang, Tao;Liang, Shujun;Jia, Shuai;Qin, Qi-Pin;Zhang, Xiutang; Crystal Growth and Design; vol. 25; nb. 15; (2025); p. 5979 - 5990",2025,valid,ionic_liquid,无溶剂
2059,Propylene oxide,"4-methyl-1,3-dioxolan-2-one",99.0,100.0,,24.0,lithium bromide,,,,,,,,,,,,,,"2.3. General procedures for the cycloaddition reaction of CO2 with the epoxides General procedure: A 25 mL autoclave was loaded with the epoxide (12.75 mmol) along with the catalysts [(HO)3- ImtTbIP or ImtTbIP]. The reactor was then sealed and purged with CO2 to eliminate any air inside. CO2 was subse‐ quently introduced into the reactor at a constant pressure, and the reactor was immersed in a pre-heated oil bath with the agitation speed of 800 rpm. After the appropriate reaction time, the reactor was cooled down to room tem‐ perature, and the gas was released. The resulting products were analyzed using GC. Yield of cyclic carbonate (%):=(Moles of cyclic carbonate produced/Moles of epoxide substrate used) × 100 %. Selectivity to cyclic carbonate (%):=(Moles of cyclic carbonateproduced/Moles of epoxide converted) × 100 %. Moles of cyclic carbonate were de‐ termined exclusively by GC using calibration curves generated from pure standards. With ionic polymer achieved through the quaternarization of 1,2,4,5-tetrakis(bromomethyl)benzene with 2,4,6- tris(4-(1H-imidazole-1-yl)phenyl)-1,3,5-triazine and 2-(hydroxymethyl)-2-(1H-imidazole-1-yl)propane-1,3-diol, Time= 24h, T= 100 °C , Autoclave, Catalytic behavior, Time Xu, Xiahong;Sui, Yan;Chen, Wentong;Li, Xiaodan;Li, Yuntong;Zhong, Hong;Huang, Wei; Polymer; vol. 337; (2025); Art.No: 128968",2025,valid,metal_halide,
2060,Propylene oxide,"4-methyl-1,3-dioxolan-2-one",98.0,50.0,0.10133,12.0,tetrabutylammonium bromide,,,,,,,,,,无溶剂,,,,"Temperature, Time Tu, Chang-Zheng;He, Chixian;Li, Si;Yin, Hongju;Liu, Jian-Jun;Cheng, Feixiang;Yang, Yuting; Crystal Growth and Design; vol. 25; nb. 15; (2025); p. 5907 - 5914",2025,valid,ionic_liquid,无溶剂
2061,Propylene oxide,"4-methyl-1,3-dioxolan-2-one",91.0,65.0,0.1,10.0,tetrabutylammonium bromide,,,,,,,,,,无溶剂,,,,"Guan, Xiao-Fen;Liu, Ye;Chen, Wen-Hui;Yang, Ya-Ting;Xi, Li-Hua;Zhang, Xin-Ge;Chen, Wen-Yao;Wang, Wen- Min; Journal of Molecular Structure; vol. 1345; (2025); Art.No: 143044",2025,valid,ionic_liquid,无溶剂
2062,Propylene oxide,"4-methyl-1,3-dioxolan-2-one",95.0,60.0,0.10133,18.0,tetrabutylammonium bromide,,,,,,,,,,无溶剂,,,,"Xu, Wangfu;Qin, Xiaohan;Xiong, Gui;Cheng, Qiu-Hong;Zhang, Xiang-Yu;Huang, Kun; Crystal Growth and De‐ sign; vol. 25; nb. 18; (2025); p. 7601 - 7607",2025,valid,ionic_liquid,无溶剂
2063,Propylene oxide,"4-methyl-1,3-dioxolan-2-one",98.0,80.0,0.1,10.0,tetrabutylammonium bromide,,,,,,,,,,,,,,"Guan, Xiao-Fen;Qiao, Na;Wu, Zhi-Lei;Wang, Wen-Min;Cui, Jian-Zhong; Dalton Transactions; vol. 54; nb. 34; (2025); p. 12841 - 12848",2025,valid,ionic_liquid,
2064,Propylene oxide,"4-methyl-1,3-dioxolan-2-one",99.0,60.0,0.10133,18.0,tetrabutylammonium bromide,,,,,,,,,,acetonitrile,,,,"Catalytic behavior Xiong, Gui;Xu, Mengling;Qin, Xiaohan;Xiong, Chaodan;Huang, Kun;Zhang, Xiang-Yu; Inorganic Chemistry; vol. 64; nb. 34; (2025); p. 17244 - 17254",2025,valid,ionic_liquid,acetonitrile
2066,Propylene oxide,"4-methyl-1,3-dioxolan-2-one",99.0,80.0,1.00001,20.0,tetrabutylammonium bromide,,,,,,,,,,,,,,"Shi, Wei;Xiang, Dexuan;Chen, Qingyao;Qiu, Simei;Xiang, Shulei;Liu, Jingjing;Ouyang, Yuejun;Tang, Lili; Ap‐ plied Organometallic Chemistry; vol. 39; nb. 11; (2025); Art.No: e70425",2025,valid,ionic_liquid,
2067,Propylene oxide,"4-methyl-1,3-dioxolan-2-one",94.12,120.0,1.00001,,tetrabutylammonium bromide,,,,,,,,,,无溶剂,,,,"Guo, Yanke;Liu, Shiyue;Liu, Xu;Wang, Tingting;Li, Renhao;Song, Xiaowei;Zhong, Rong-Lin;Liang, Zhiqiang; Inorganic Chemistry; vol. 64; nb. 37; (2025); p. 19132 - 19140",2025,valid,ionic_liquid,无溶剂
2068,Propylene oxide,"4-methyl-1,3-dioxolan-2-one",100.0,130.0,1.00001,24.0,pyridine,,,,,,,,,,,,,,"Khazaei, Zahra;Mohammadikish, Maryam; Dalton Transactions; vol. 54; nb. 38; (2025); p. 14513 - 14521",2025,valid,organic_base,
2069,Propylene oxide,"4-methyl-1,3-dioxolan-2-one",99.0,30.0,1.00001,15.0,tetrabutylammonium bromide,,,,,,,,,,无溶剂,,,,"Song, Xue-Qin;Zhao, Peng-Li;Yang, Yi-Yi;Qiu, Peng-Fei; Journal of Molecular Structure; vol. 1354; (2026); Art.No: 144860",2026,valid,ionic_liquid,无溶剂
2070,Propylene oxide,"4-methyl-1,3-dioxolan-2-one",96.0,80.0,,4.0,tetrabutylammonium bromide,,,,,,,,,,无溶剂,,,,"2.5.Catalyst activation and general procedure General procedure: Prior to catalysis, NUC-155 was activated in two steps: (i) solvent exchange of the as-synthe‐ sized crystals with methanol (72 h), and (ii) vacuum drying (12 h) to remove methanol and coordinated DMF, afford‐ ing NUC-155a. Cycloaddition reactions were performed (solvent- free unless noted) in a PTFE-lined autoclave charged with the epoxide and NUC-155a and connected to a CO2 cylinder via a pressure regulator. 2-(Trifluorometh‐ yl)oxirane (TFO) served as the model substrate for condition optimization; thereafter, epoxides bearing electron- withdrawing, electron-donating, and sterically demanding substituents were examined to assess substrate scope. Af‐ ter reaction, the mixture was diluted with ethyl acetate, and the heterogeneous catalyst was recovered by centrifuga‐ tion. For recycling, the separated NUC-155a was washed twice with dichloromethane (DCM), dried under vacuum, and reused in subsequent runs. With tetrabutylammomium bromide in neat (no solvent), Time= 4h, T= 80 °C , Autoclave, Catalytic behavior Fei, Yang;Lei, Qingjuan;Fan, Liming;Hu, Tuoping;Qin, Qi-Pin;Zhang, Xiutang; Journal of Catalysis; vol. 453; (2026); Art.No: 116580",2026,valid,ionic_liquid,无溶剂
2071,Propylene oxide,"4-methyl-1,3-dioxolan-2-one",80.0,100.0,2.00003,4.0,tetrabutylammonium bromide,,,,,,,,,,methanol,,,,"Reagent/cata‐ lyst Bafarani, Mohsen;Jafarzadeh, Mohammad; Inorganic Chemistry Communications; vol. 183; (2026); Art.No: 115909",2026,valid,ionic_liquid,methanol
2072,Propylene oxide,"4-methyl-1,3-dioxolan-2-one",99.0,25.0,0.10133,3.5,tetrabutylammonium bromide,,,,,,,,,,无溶剂,,,,"Sealed tube, Irradiation, Catalytic behavior, Temperature, Reagent/ catalyst Tu, Changzheng;He, Chixian;Yan, Xiaoli;Liu, Jianjun;Yang, Yuting;Cheng, Feixiang;Luo, Feng; Inorganic Chemistry; vol. 64; nb. 43; (2025); p. 21442 - 21451",2025,valid,ionic_liquid,无溶剂
2073,Propylene oxide,"4-methyl-1,3-dioxolan-2-one",97.0,80.0,0.80001,3.0,tetrabutylammonium bromide,,,,,,,,,,无溶剂,,,,"Li, Yanmei;Fan, Liming;Hu, Tuoping;Qin, Qi-Pin;Zhang, Xiutang; Crystal Growth and Design; vol. 25; nb. 21; (2025); p. 9160 - 9170",2025,valid,ionic_liquid,无溶剂
2074,Propylene oxide,"4-methyl-1,3-dioxolan-2-one",97.0,120.0,3.00005,6.0,tetrabutylammonium bromide,,,,,,,,,,,,,,"Sealed tube, Catalytic behavior Jaiswal, Deeksha;Sharma, Chandan;Roy, Sudipta;Pandey, Prabhakar K.;Quiyoom, Abdul;Kumar, Vinod;Che‐ brolu, Seetaram;Rakshit, Pranab K.;Singh, Jayant K.;Bera, Jitendra K.; Chemical Communications; vol. 61; nb. 90; (2025); p. 17693 - 17696",2025,valid,ionic_liquid,
2075,Propylene oxide,"4-methyl-1,3-dioxolan-2-one",99.0,80.0,0.10133,3.0,tetrabutylammonium bromide,,,,,,,,,,无溶剂,,,,"Guo, Kaisong;Lei, Qingjuan;Zhang, Zhengguo;Qin, Qi-Pin;Zhang, Xiutang; Journal of Molecular Structure; vol. 1352; (2026); Art.No: 144557",2026,valid,ionic_liquid,无溶剂
2076,Propylene oxide,"4-methyl-1,3-dioxolan-2-one",99.0,100.0,0.1,20.0,iron(III) chloride,,,,,,,,,,,,,,"Sealed tube, Catalytic behavior Liu, Jingjing;Xiang, Shulei;Xiang, Dexuan;Wu, Jingao;Xu, Hongliang;Chen, Gui;Zhang, Zaixing;Yuan, Fei‐ peng;Ouyang, Yuejun; Journal of Materials Chemistry A; (2026)",2026,valid,metal_halide,
2077,Propylene oxide,"4-methyl-1,3-dioxolan-2-one",70.1,100.0,1.60002,2.0,DMAP,,,,,,,,,,无溶剂,,,,"Da?, Ay?e Kazanc?;Aytar, Emine;K?se, Ay?egül;Ispir, Esin; Journal of Organometallic Chemistry; vol. 1047; (2026); Art.No: 124028",2026,valid,mixed_system,无溶剂
2078,Propylene oxide,"4-methyl-1,3-dioxolan-2-one",96.0,70.0,0.10133,12.0,tetrabutylammonium bromide,,,,,,,,,,无溶剂,,,,"Sealed tube Ji, Jia;Lv, Xuan;Deng, Wen-Qian;Tian, Lin;Yao, Teng-Qi;Shi, Wen-Jing;Wang, Da-Hui;Li, Qing;Hou, Yin- Ling;Fang, Ming; Journal of Organometallic Chemistry; vol. 1049; (2026); Art.No: 124042",2026,valid,ionic_liquid,无溶剂
2080,Propylene oxide,"4-methyl-1,3-dioxolan-2-one",99.5,26.8,1.00001,10.0,tetrabutylammonium bromide,,,,,,,,,,acetonitrile,,,,"Pressure, Time Lv, Yajing;Yan, Haohao;Ye, Wenhui;Ye, Lin;Chen, Jinmei;Lin, Yutong;Zhu, Shuying;Sun, Dengrong;Liu, Xiyao;Liang, Ruowen; Molecules; vol. 31; nb. 5; (2026); Art.No: 902",2026,valid,ionic_liquid,acetonitrile
2081,Epichlorohydrin,"4-(chloromethyl)-1,3-dioxolan-2-one",100.0,60.0,5.37788,18.0,DMAP,,,,,,,,,,,,,,"Kruper, William J.; Dellar, David V.; Journal of Organic Chemistry; vol. 60; nb. 3; (1995); p. 725 - 727",1995,valid,mixed_system,
2082,Epichlorohydrin,"4-(chloromethyl)-1,3-dioxolan-2-one",100.0,120.0,3.99998,14.0,triphenylphosphine,,,,,,,,,,,,,,"Huang, Jin-Wen; Shi, Min; Journal of Organic Chemistry; vol. 68; nb. 17; (2003); p. 6705 - 6709",2003,valid,unknown,
2083,Epichlorohydrin,"4-(chloromethyl)-1,3-dioxolan-2-one",100.0,100.0,3.44745,,triethylamine,,salen,,,,,,,,dichloromethane,,,,"Shen, Yu-Mei; Duan, Wei-Liang; Shi, Min; Journal of Organic Chemistry; vol. 68; nb. 4; (2003); p. 1559 - 1562",2003,valid,organic_base,dichloromethane
2084,Epichlorohydrin,"4-(chloromethyl)-1,3-dioxolan-2-one",100.0,120.0,2.00003,24.0,imidazolium,,,,,,,,,,dichloromethane,,,,"Zhou, Hui; Zhang, Wen-Zhen; Liu, Cui-Hua; Qu, Jing-Ping; Lu, Xiao-Bing; Journal of Organic Chemistry; vol. 73; nb. 20; (2008); p. 8039 - 8044",2008,valid,ionic_liquid,dichloromethane
2085,Epichlorohydrin,"4-(chloromethyl)-1,3-dioxolan-2-one",100.0,45.0,1.00001,18.0,tetra-(n-butyl)ammonium iodide,,,,,,,,,,,,,,"Whiteoak, Christopher J.; Nova, Ainara; Maseras, Feliu; Kleij, Arjan W.; ChemSusChem; vol. 5; nb. 10; (2012); p. 2032 - 2038",2012,valid,unknown,
2086,Epichlorohydrin,"4-(chloromethyl)-1,3-dioxolan-2-one",100.0,105.0,0.10133,20.0,tetrabutylammonium bromide,,,,,,,,,,,,,,"Catalytic behavior, Reagent/catalyst, Temperature Biswas, Tanmoy; Mahalingam, Venkataramanan; New Journal of Chemistry; vol. 41; nb. 24; (2017); p. 14839 - 14842",2017,valid,ionic_liquid,
2088,Epichlorohydrin,"4-(chloromethyl)-1,3-dioxolan-2-one",100.0,110.0,5.67457,24.0,tetrabutylammonium bromide,,,,,,,,,,dichloromethane,,,,"Lyubimov; Sokolovskaya; Chowdhury; Arzumanyan; Tukhvatshin; Ibragimova; Tyutyunov; Davankov; Muza‐ farov; Russian Chemical Bulletin; vol. 68; nb. 10; (2019); p. 1866 - 1868; Izv. Akad. Nauk, Ser. Khim.; vol. 68; nb. 10; (2019); p. 1866 - 1868,3",2019,valid,ionic_liquid,dichloromethane
2090,Epichlorohydrin,"4-(chloromethyl)-1,3-dioxolan-2-one",100.0,100.0,1.40003,2.0,zinc chloride,,,,,,,,,,无溶剂,,,,"Autoclave Alberti, Matteo;Gianelli, Marta;Panza, Nicola;Zákutná, Dominika;Matulková, Irena;Caselli, Alessandro; Euro‐ pean Journal of Inorganic Chemistry; vol. 27; nb. 36; (2024); Art.No: e202400494",2024,valid,metal_halide,无溶剂
2091,Epichlorohydrin,"4-(chloromethyl)-1,3-dioxolan-2-one",99.4,60.0,,5.0,triethylamine,,,,,,,,,,,,,,"With triethylamine, Time= 5h, T= 60 °C , further bases and conditions Lermontov; Velikokhat'ko; Zavorin; Russian Chemical Bulletin; vol. 47; nb. 7; (1998); p. 1405 - 1406",1998,valid,organic_base,
2092,Epichlorohydrin,"4-(chloromethyl)-1,3-dioxolan-2-one",99.0,120.0,3.57006,48.0,DMAP,,,,,,,,,,,,,,"Shen, Yu-Mei; Duan, Wei-Liang; Shi, Min; European Journal of Organic Chemistry; nb. 14; (2004); p. 3080 - 3089",2004,valid,mixed_system,
2093,Epichlorohydrin,"4-(chloromethyl)-1,3-dioxolan-2-one",99.0,120.0,3.57006,48.0,DMAP,,,,,,,,,,dichloromethane,,,,"Shen, Yu-Mei; Duan, Wei-Liang; Shi, Min; Advanced Synthesis and Catalysis; vol. 345; nb. 3; (2003); p. 337 - 340",2003,valid,mixed_system,dichloromethane
2094,Epichlorohydrin,"4-(chloromethyl)-1,3-dioxolan-2-one",99.0,80.0,1.50002,1.0,1-methyl-1-N-propylpyrrolidinium bromide,,pyridine,,,,,,,,,,,,"Wong, Wing-Leung; Cheung, Kwong-Chak; Chan, Pak-Ho; Zhou, Zhong-Yuan; Lee, Kam-Han; Wong, Kwok- Yin; Chemical Communications; nb. 21; (2007); p. 2175 - 2177",2007,valid,organic_base,
2096,Epichlorohydrin,"4-(chloromethyl)-1,3-dioxolan-2-one",99.0,100.0,1.60002,2.0,DMAP,,,,,,,,,,,,,,"Ulusoy, Mahmut; Kilic, Ahmet; Durgun, Mustafa; Tasci, Zeynep; Cetinkaya, Bekir; Journal of Organometallic Chemistry; vol. 696; nb. 7; (2011); p. 1372 - 1379",2011,valid,mixed_system,
2098,Epichlorohydrin,"4-(chloromethyl)-1,3-dioxolan-2-one",99.0,110.0,1.50002,1.0,zinc dibromide,,,,,,,,,,无溶剂,,,,"neat (no solvent) Cheng, Weiguo; Fu, Zengzeng; Wang, Jinquan; Sun, Jian; Zhang, Suojiang; Synthetic Communications; vol. 42; nb. 17; (2012); p. 2564 - 2573",2012,valid,metal_halide,无溶剂
2101,Epichlorohydrin,"4-(chloromethyl)-1,3-dioxolan-2-one",99.0,130.0,2.1698,5.0,DMAP,,,,,,,,,,,,,,"Heating, Catalytic behavior Ramidi, Punnamchandar; Gerasimchuk, Nikolay; Gartia, Yashraj; Felton, Charlette M.; Ghosh, Anindya; Dal‐ ton Transactions; vol. 42; nb. 36; (2013); p. 13151 - 13160",2013,valid,mixed_system,
2104,Epichlorohydrin,"4-(chloromethyl)-1,3-dioxolan-2-one",99.6,100.0,3.00005,2.0,tetrabutylammonium bromide,,,,,,,,,,无溶剂,,,,"PatentDALIAN INSTITUTE OF CHEMICAL PHYSICS, CHINESE ACADEMY OF SCIENCES; SHANDONG UNI‐ VERSITY; US2014/66533; (2014); (A1) EnglishSHANDONG UNIVERSITY",2014,valid,ionic_liquid,无溶剂
2105,Epichlorohydrin,"4-(chloromethyl)-1,3-dioxolan-2-one",99.0,100.0,1.50002,2.0,imidazolium,,DMAP,,,,,,,,无溶剂,,,,"Coskun, Senem; Tasci, Zeynep; Ulusoy, Mahmut; Yurdakoc, Mueruevvet; Turkish Journal of Chemistry; vol. 38; nb. 4; (2014); p. 600 - 610",2014,valid,mixed_system,无溶剂
2106,Epichlorohydrin,"4-(chloromethyl)-1,3-dioxolan-2-one",99.6,120.0,3.00005,1.0,tetrabutylammonium bromide,,,,,,,,,,,,,,"Xie, Yong; Wang, Ting-Ting; Yang, Rui-Xia; Huang, Nian-Yu; Zou, Kun; Deng, Wei-Qiao; ChemSusChem; vol. 7; nb. 8; (2014); p. 2110 - 2114",2014,valid,ionic_liquid,
2107,Epichlorohydrin,"4-(chloromethyl)-1,3-dioxolan-2-one",99.0,90.0,1.00001,3.0,tri-n-butyl(2-hydroxyethyl)phosphonium iodide,,,,,,,,,,无溶剂,,,,"Werner, Thomas; Büttner, Hendrik; ChemSusChem; vol. 7; nb. 12; (2014); p. 3268 - 3271",2014,valid,ionic_liquid,无溶剂
2108,Epichlorohydrin,"4-(chloromethyl)-1,3-dioxolan-2-one",99.0,45.0,1.00001,18.0,tri-n-butyl(2-hydroxyethyl)ammonium iodide,,,,,,,,,,无溶剂,,,,"Auto‐ clave, Temperature, Pressure Büttner, Hendrik; Lau, Kornelia; Spannenberg, Anke; Werner, Thomas; ChemCatChem; vol. 7; nb. 3; (2015); p. 459 - 467",2015,valid,ionic_liquid,无溶剂
2110,Epichlorohydrin,"4-(chloromethyl)-1,3-dioxolan-2-one",99.0,120.0,2.00003,8.0,tetra-(n-butyl)ammonium iodide,,,,,,,,,,无溶剂,,,,"Green chemistry Liu, Jing; Wang, Anqi; Jing, Huanwang; Chinese Journal of Catalysis; vol. 35; nb. 10; (2014); p. 1669 - 1675",2014,valid,unknown,无溶剂
2111,Epichlorohydrin,"4-(chloromethyl)-1,3-dioxolan-2-one",99.0,90.0,1.00001,3.0,tri-n-butyl(2-hydroxyethyl)phosphonium iodide,,,,,,,,,,,,,,"Temperature Büttner, Hendrik; Steinbauer, Johannes; Werner, Thomas; ChemSusChem; vol. 8; nb. 16; (2015); p. 2655 - 2669",2015,valid,ionic_liquid,
2114,Epichlorohydrin,"4-(chloromethyl)-1,3-dioxolan-2-one",99.0,130.0,2.50004,15.0,imidazolium,,,,,,,,,,无溶剂,,,,"Bobbink, Felix D.; Van Muyden, Antoine P.; Gopakumar, Aswin; Fei, Zhaofu; Dyson, Paul J.; ChemPlusChem; vol. 82; nb. 1; (2017); p. 144 - 151",2017,valid,ionic_liquid,无溶剂
2117,Epichlorohydrin,"4-(chloromethyl)-1,3-dioxolan-2-one",99.0,100.0,0.10133,3.0,tetrabutylammonium bromide,,,,,,,,,,,,,,"Cat‐ alytic behavior, Kinetics Ai, Jing; Min, Xue; Gao, Chao-Ying; Tian, Hong-Rui; Dang, Song; Sun, Zhong-Ming; Dalton Transactions; vol. 46; nb. 20; (2017); p. 6756 - 6761",2017,valid,ionic_liquid,
2119,Epichlorohydrin,"4-(chloromethyl)-1,3-dioxolan-2-one",99.0,80.0,0.10133,12.0,tetrabutylammonium bromide,,,,,,,,,,,,,,"Pressure, Time Lu, Bing-Bing; Yang, Jin; Liu, Ying-Ying; Ma, Jian-Fang; Inorganic Chemistry; vol. 56; nb. 19; (2017); p. 11710 - 11720",2017,valid,ionic_liquid,
2123,Epichlorohydrin,"4-(chloromethyl)-1,3-dioxolan-2-one",99.0,150.0,0.80001,5.0,choline chloride-PEG600,,,,,,,,,,无溶剂,,,,"Au‐ toclave Wu, Kai; Su, Ting; Hao, Dongmei; Liao, Weiping; Zhao, Yuchao; Ren, Wanzhong; Deng, Changliang; Lü, Hon‐ gying; Chemical Communications; vol. 54; nb. 69; (2018); p. 9579 - 9582",2018,valid,ionic_liquid,无溶剂
2124,Epichlorohydrin,"4-(chloromethyl)-1,3-dioxolan-2-one",99.0,80.0,0.10133,4.0,tetrabutylammonium bromide,,,,,,,,,,无溶剂,,,,"Catalytic behavior, Temperature, Pressure, Reagent/catalyst, Time Yao, Cheng; Zhou, Shaolin; Kang, Xiaojing; Zhao, Yang; Yan, Rui; Zhang, Yan; Wen, Lili; Inorganic Chemistry; vol. 57; nb. 17; (2018); p. 11157 - 11164",2018,valid,ionic_liquid,无溶剂
2125,Epichlorohydrin,"4-(chloromethyl)-1,3-dioxolan-2-one",99.0,90.0,0.10133,24.0,imidazolium bromide,,,,,,,,,,,,,,"Byun, Jeehye; Zhang, Kai A. I.; ChemCatChem; vol. 10; nb. 20; (2018); p. 4610 - 4616",2018,valid,ionic_liquid,
2126,Epichlorohydrin,"4-(chloromethyl)-1,3-dioxolan-2-one",99.8,30.0,0.1,48.0,pyridinium,,,,,,,,,,,,,,"Reagent/cata‐ lyst, Temperature PatentWUHAN AIAOLI CHEMICAL TECH CO LTD; WUHAN AIAOLI CHEMICAL TECH; CN108440487; (2018); (A) EnglishWUHAN AIAOLI CHEMICAL TECH",2018,valid,ionic_liquid,
2127,Epichlorohydrin,"4-(chloromethyl)-1,3-dioxolan-2-one",99.0,120.0,1.00001,1.0,tetrabutylammonium bromide,,,,,,,,,,无溶剂,,,,"Catalytic behavior Wang, Gang; Xu, Cong; Wang, Li; Liu, Weisheng; Dalton Transactions; vol. 47; nb. 36; (2018); p. 12711 - 12717",2018,valid,ionic_liquid,无溶剂
2128,Epichlorohydrin,"4-(chloromethyl)-1,3-dioxolan-2-one",99.0,150.0,2.00003,0.01,tetrabutylammonium bromide,,,,,,,,,,,,,,"Flow reac‐ tor, Catalytic behavior Li, Ming-Ran; Zhang, Ming-Chao; Yue, Tian-Jun; Lu, Xiao-Bing; Ren, Wei-Min; RSC Advances; vol. 8; nb. 68; (2018); p. 39182 - 39186",2018,valid,ionic_liquid,
2129,Epichlorohydrin,"4-(chloromethyl)-1,3-dioxolan-2-one",99.0,20.0,0.10133,4.0,tetrabutylammonium bromide,,,,,,,,,,无溶剂,,,,"Chowdhury, Arpita Hazra; Bhanja, Piyali; Salam, Noor; Bhaumik, Asim; Islam, Sk. Manirul; Molecular catalysis; vol. 450; (2018); p. 46 - 54",2018,valid,ionic_liquid,无溶剂
2130,Epichlorohydrin,"4-(chloromethyl)-1,3-dioxolan-2-one",99.0,90.0,0.60001,0.5,imidazolium,,,,,,,,,,无溶剂,,,,"Green chemistry, Catalytic behavior Jin, Tan; Dong, Fang; Liu, Yang; Hu, Yu Lin; New Journal of Chemistry; vol. 43; nb. 6; (2019); p. 2583 - 2590",2019,valid,ionic_liquid,无溶剂
2133,Epichlorohydrin,"4-(chloromethyl)-1,3-dioxolan-2-one",99.0,99.8,1.00001,6.0,tetrabutylammonium bromide,,lithium bromide,,,,,,,,无溶剂,,,,"Catalytic behavior Yang, Yang; Guo, Zhenli; Chen, Xiao-Hong; Liu, Jinglin; Journal of Solid State Chemistry; vol. 276; (2019); p. 190 - 193",2019,valid,mixed_system,无溶剂
2135,Epichlorohydrin,"4-(chloromethyl)-1,3-dioxolan-2-one",99.0,45.0,0.50001,10.0,tetrabutylammonium bromide,,,,,,,,,,,,,,"Xue, Yun-Shan; Cheng, Wei-Wei; Luo, Xi-Ming; Cao, Jia-Peng; Xu, Yan; Inorganic Chemistry; vol. 58; nb. 19; (2019); p. 13058 - 13065",2019,valid,ionic_liquid,
2136,Epichlorohydrin,"4-(chloromethyl)-1,3-dioxolan-2-one",99.0,50.0,1.00001,15.0,tetrabutylammonium bromide,,,,,,,,,,,,,,"Reagent/catalyst Sobrino, Sonia; Navarro, Marta; Fernández-Baeza, Juan; Sánchez-Barba, Luis F.; Garcés, Andrés; Lara-Sán‐ chez, Agustín; Castro-Osma, José A.; Dalton Transactions; vol. 48; nb. 28; (2019); p. 10733 - 10742",2019,valid,ionic_liquid,
2137,Epichlorohydrin,"4-(chloromethyl)-1,3-dioxolan-2-one",99.4,120.0,1.00001,10.0,potassium iodide,,,,,,,,,,,,,,Enzymatic reaction PatentUNIV WUHAN SCIENCE and TECH; WUHAN UNIVERSITY OF SCIENCE AND TECHNOLOGYWuhan Uni‐ versity of Science and Technology; CN110003162; (2019); (A) EnglishWUHAN UNIVERSITY OF SCIENCE AND TECHNOLOGY,2019,valid,metal_halide,
2138,Epichlorohydrin,"4-(chloromethyl)-1,3-dioxolan-2-one",99.0,100.0,1.00001,8.0,tetrabutylammonium bromide,,,,,,,,,,,,,,"Reagent/cata‐ lyst Chen, Chunyan; Journal of Molecular Structure; vol. 1208; (2020); Art.No: 127923",2020,valid,ionic_liquid,
2142,Epichlorohydrin,"4-(chloromethyl)-1,3-dioxolan-2-one",99.0,50.0,0.1,5.0,"1,1,3,3-tetramethylguanidine",,,,,,,,,,,,,,"Catalytic behavior, Temperature, Reagent/catalyst, Time PatentUNIV HENAN; HENAN UNIVERSITYHenan University; CN110746357; (2020); (A) EnglishHENAN UNIVER‐ SITY",2020,valid,ionic_liquid,
2143,Epichlorohydrin,"4-(chloromethyl)-1,3-dioxolan-2-one",99.0,80.0,1.00001,8.0,tetrabutylammonium bromide,,,,,,,,,,,,,,"Jin, FengS1387700320304226; Inorganic Chemistry Communications; vol. 116; (2020); Art.No: 107940",2020,valid,ionic_liquid,
2144,Epichlorohydrin,"4-(chloromethyl)-1,3-dioxolan-2-one",99.0,,1.00001,,tetrabutylammonium bromide,,,,,,,,,,,,,,"Yan, Li-Ping;Sun, Qin;Liu, Zhi-Bin;Wu, Min;Ge, Yan-Ping;Zhang, Qing; Applied Organometallic Chemistry; vol. 34; nb. 11; (2020); Art.No: e5908",2020,valid,ionic_liquid,
2145,Epichlorohydrin,"4-(chloromethyl)-1,3-dioxolan-2-one",99.0,20.0,0.1,24.0,tetrabutylammonium bromide,,,,,,,,,,,,,,"Das, Rajesh;Muthukumar;Pillai, Renjith S.;Nagaraja, C. Mallaiah; Chemistry - A European Journal; vol. 26; nb. 72; (2020); p. 17445 - 17454",2020,valid,ionic_liquid,
2146,Epichlorohydrin,"4-(chloromethyl)-1,3-dioxolan-2-one",99.0,80.0,0.10133,6.0,tetrabutylammonium bromide,,,,,,,,,,,,,,"Re‐ agent/catalyst, Temperature Wang, Wen-Juan; Liu, Jiao; Yan, Yang-Tian; Yang, Xiao-Li; Zhang, Wen-Yan; Yang, Guo-Ping; Wang, Yao-Yu; CrystEngComm; vol. 23; nb. 6; (2021); p. 1447 - 1454",2021,valid,ionic_liquid,
2147,Epichlorohydrin,"4-(chloromethyl)-1,3-dioxolan-2-one",99.0,80.0,0.1,6.0,tetrabutylammonium bromide,,,,,,,,,,,,,,"Temperature, Reagent/catalyst Yang, Xiao-Li; Yan, Yang-Tian; Wang, Wen-Juan; Hao, Ze-Ze; Zhang, Wen-Yan; Huang, Wenhuan; Wang, Yao- Yu; Inorganic Chemistry; vol. 60; nb. 5; (2021); p. 3156 - 3164",2021,valid,ionic_liquid,
2148,Epichlorohydrin,"4-(chloromethyl)-1,3-dioxolan-2-one",99.0,20.0,0.1,12.0,tetrabutylammonium bromide,,,,,,,,,,acetonitrile,,,,"Catalytic behavior Huang, Zhi-Wei; Hu, Kong-Qiu; Mei, Lei; Wang, Cong-Zhi; Chen, Yan-Mei; Wu, Wang-Suo; Chai, Zhi-Fang; Shi, Wei-Qun; Inorganic Chemistry; vol. 60; nb. 2; (2021); p. 651 - 659",2021,valid,ionic_liquid,acetonitrile
2149,Epichlorohydrin,"4-(chloromethyl)-1,3-dioxolan-2-one",99.0,60.0,0.1,,tetrabutylammonium bromide,,,,,,,,,,acetonitrile,,,,"Ding, Meili; Liu, Xi; Yao, Jianfeng; New Journal of Chemistry; vol. 45; nb. 9; (2021); p. 4147 - 4151",2021,valid,ionic_liquid,acetonitrile
2150,Epichlorohydrin,"4-(chloromethyl)-1,3-dioxolan-2-one",99.0,28.0,0.10133,24.0,tetrabutylammonium bromide,,,,,,,,,,无溶剂,,,,"Chakraborty, Gouri; Das, Prasenjit; Mandal, Sanjay K.; Inorganic Chemistry; vol. 60; nb. 7; (2021); p. 5071 - 5080",2021,valid,ionic_liquid,无溶剂
2153,Epichlorohydrin,"4-(chloromethyl)-1,3-dioxolan-2-one",99.0,130.0,0.10133,5.0,tetrabutylammonium bromide,,,,,,,,,,无溶剂,,,,"Green chemistry Lai, Shilin;Gao, Jinbin;Xiong, XingquanS1381514821001681; Reactive and functional polymers; vol. 165; (2021); Art.No: 104976",2021,valid,ionic_liquid,无溶剂
2154,Epichlorohydrin,"4-(chloromethyl)-1,3-dioxolan-2-one",99.0,70.0,0.1,24.0,tetrabutylammonium bromide,,,,,,,,,,无溶剂,,,,"Reagent/catalyst, Temperature, Time Cheng, Jun; Lu, Chengrong; Zhao, Bei; New Journal of Chemistry; vol. 45; nb. 29; (2021); p. 13096 - 13103",2021,valid,ionic_liquid,无溶剂
2155,Epichlorohydrin,"4-(chloromethyl)-1,3-dioxolan-2-one",99.0,,0.10133,24.0,imidazolium,,,,,,,,,,无溶剂,,,,"Ding, Luo-Gang; Yao, Bing-Jian; Wu, Wen-Xiu; Yu, Zhi-Gao; Wang, Xiao-Yu; Kan, Jing-Lan; Dong, Yu-Bin; In‐ organic Chemistry; vol. 60; nb. 16; (2021); p. 12591 - 12601",2021,valid,ionic_liquid,无溶剂
2156,Epichlorohydrin,"4-(chloromethyl)-1,3-dioxolan-2-one",99.0,,0.01,16.0,tetrabutylammonium bromide,,,,,,,,,,,,,,"Gong, Lin; Sun, Ji; Liu, Yousong; Yang, Guangcheng; Journal of Materials Chemistry A; vol. 9; nb. 38; (2021); p. 21689 - 21694",2021,valid,ionic_liquid,
2158,Epichlorohydrin,"4-(chloromethyl)-1,3-dioxolan-2-one",99.0,60.0,0.1,48.0,pyridinium,,,,,,,,,,,,,,"Green chemistry, Temperature Liu, Ke; Xu, Zixuan; Huang, He; Zhang, Yadong; Liu, Yan; Qiu, Zhiheng; Tong, Minman; Long, Zhouyang; Chen, Guojian; Green Chemistry; vol. 24; nb. 1; (2022); p. 136 - 141",2022,valid,ionic_liquid,
2160,Epichlorohydrin,"4-(chloromethyl)-1,3-dioxolan-2-one",99.0,60.0,0.10133,10.0,tetrabutylammonium bromide,,,,,,,,,,无溶剂,,,,"Catalytic behavior, Reagent/catalyst, Temperature, Pressure Sarkar, Somnath;Ghosh, Swarbhanu;Islam, Sk. Manirul; Organic and Biomolecular Chemistry; vol. 20; nb. 8; (2022); p. 1707 - 1722",2022,valid,ionic_liquid,无溶剂
2161,Epichlorohydrin,"4-(chloromethyl)-1,3-dioxolan-2-one",99.0,40.0,0.10133,24.0,1-hexyl-3-methylimidazolium tetrafluoroborate,,imidazolium,,,,,,,,,,,,"Green chemistry, Catalytic behavior Ma, Jun;Wu, Yahui;Yan, Xupeng;Chen, Chunjun;Wu, Tianbin;Fan, Honglei;Liu, Zhimin;Han, Buxing; Physical Chemistry Chemical Physics; vol. 24; nb. 7; (2022); p. 4298 - 4304",2022,valid,ionic_liquid,
2162,Epichlorohydrin,"4-(chloromethyl)-1,3-dioxolan-2-one",99.0,90.0,0.70001,2.0,imidazolium,,,,,,,,,,,,,,"Liu, Yang;Hu, Yu Lin; Bulletin of the Chemical Society of Ethiopia; vol. 36; nb. 2; (2022); p. 433 - 450",2022,valid,ionic_liquid,
2163,Epichlorohydrin,"4-(chloromethyl)-1,3-dioxolan-2-one",99.99,80.0,0.10133,,tetrabutylammonium bromide,,,,,,,,,,,,,,"Temperature Jin, Jing;Xue, Juanjuan;Wu, Dan;Yang, Guoping;Wang, Yaoyu; Chemical Communications; vol. 58; nb. 56; (2022); p. 7749 - 7752",2022,valid,ionic_liquid,
2164,Epichlorohydrin,"4-(chloromethyl)-1,3-dioxolan-2-one",99.3,90.0,2.00003,16.0,imidazolium bromide,,imidazolium,,pyridine,,,,,,无溶剂,,,,"Catalytic behavior, Reagent/catalyst, Temperature, Pressure Li, Rui;Wang, Lipeng;Yin, Meilin;Lei, Yangyang;Tang, Shaokun; Molecular Catalysis; vol. 574; (2025); Art.No: 114849",2025,valid,mixed_system,无溶剂
2165,Epichlorohydrin,"4-(chloromethyl)-1,3-dioxolan-2-one",99.0,120.0,0.1,5.0,cobalt-impregnated 2D material,,,,,,,,,,无溶剂,,,,"Reagent/catalyst, Temperature, Time Ullah, Habib;Ullah, Zakir;Khattak, Zafar A. K.;Tahir, Muhammad;Kang, Eunji;Verpoort, Francis;You Kim, Hy‐ un; ChemSusChem; vol. 18; nb. 7; (2025); Art.No: e202401046",2025,valid,metal_halide,无溶剂
2166,Epichlorohydrin,"4-(chloromethyl)-1,3-dioxolan-2-one",99.0,90.0,1.00001,12.0,tetrabutylammonium bromide,,,,,,,,,,,,,,"Shi, Lifeng;Qi, Mixiang;Han, Lehua;Liang, Wenya;Kirillov, Alexander M.;Dou, Wei;Liu, Weisheng;Yang, Lizi; Inorganic Chemistry; vol. 64; nb. 10; (2025); p. 5086 - 5097",2025,valid,ionic_liquid,
2167,Epichlorohydrin,"4-(chloromethyl)-1,3-dioxolan-2-one",99.0,80.0,,6.0,tetrabutylammonium bromide,,,,,,,,,,,,,,"With tetrabutylammomium bromide, Time= 6h, T= 80 °C , Electrochemical reaction, Catalytic behavior Li, Jiayi;Mao, Keke;Gong, Wanbing;Li, Zheyue;Sang, Shuaikang;Li, Jiawei;Chen, Guangyu;Hu, Chuan‐ sheng;Long, Ran;Xiong, Yujie; Small; vol. 21; nb. 12; (2025); Art.No: 2500594",2025,valid,ionic_liquid,
2170,Epichlorohydrin,"4-(chloromethyl)-1,3-dioxolan-2-one",99.9,75.0,0.10133,12.0,tetrabutylammonium bromide,,,,,,,,,,无溶剂,,,,"Sealed tube, Catalytic behavior, Temperature Li, Haoyun;Wang, Jiajun;Hu, Qin;Wang, Yuqing;Cheng, Lin;Zhao, Fan;Peng, Yun-Lei;Tian, Li; Inorganic Chem‐ istry; vol. 64; nb. 19; (2025); p. 9571 - 9582",2025,valid,ionic_liquid,无溶剂
2171,Epichlorohydrin,"4-(chloromethyl)-1,3-dioxolan-2-one",99.0,80.0,0.50001,12.0,zinc phenanthroline dione,,,,,,,,,,,,,,"Catalytic behavior Liu, Ping;Zhao, Tianxiang;Zhao, Fangfang;Xu, Ziyang;Huang, Yu;Hu, Xingbang; Advanced Functional Materi‐ als; vol. 35; nb. 45; (2025); Art.No: 2508657",2025,valid,metal_halide,
2172,Epichlorohydrin,"4-(chloromethyl)-1,3-dioxolan-2-one",99.0,120.0,1.00001,9.0,tetramethylammonium picolinate,,,,,,,,,,无溶剂,,,,"Green chemistry, Catalytic behavior Jungi, Hiren;Chhetri, Ashis;Kumar, Dheeraj;Podder, Sumana;R. S., Malavika;Kuniyil, Rositha;Mitra, Joyee; Catalysis Science and Technology; vol. 16; nb. 2; (2026); p. 458 - 468",2026,valid,ionic_liquid,无溶剂
2173,Epichlorohydrin,"4-(chloromethyl)-1,3-dioxolan-2-one",99.0,80.0,0.101325,24.0,tetrabutylammonium bromide,,,,,,,,,,无溶剂,,,,"2.3. Typical procedures for cycloaddition reaction from CO2 and epoxides General procedure: der solvent-free ambient conditions using epoxide (15 mmol) under aCO2 balloon, catalyzed by 1 (0.03 mmol) with tetrabutylammoniumbromide (TBAB, 1.08 mmol) as a co-catalyst. With tetrabutylammomium bromide in neat (no solvent), Time= 24h, T= 80 °C , Schlenk technique, Catalytic behav‐ ior, Temperature Huang, Xiaopeng;Hong, Yuan;Zhang, Cuiping;Guo, Meng;Zhu, Shiyuan;Zhao, Ronghui;Liu, Lizhen;Yao, Ziz‐ hu; Journal of Molecular Structure; vol. 1358; (2026); Art.No: 145321",2026,valid,ionic_liquid,无溶剂
2176,Epichlorohydrin,"4-(chloromethyl)-1,3-dioxolan-2-one",98.0,120.0,4.05299,24.0,18-crown-6 ether,,,,,,,,,,,,,,"Rokicki, Gabriel; Kuran, Witold; Pogorzelska-Marciniak, Barbara; Monatshefte fur Chemie; vol. 115; (1984); p. 205 - 214",1984,valid,unknown,
2177,Epichlorohydrin,"4-(chloromethyl)-1,3-dioxolan-2-one",98.0,120.0,0.68947,1.0,imidazolium,,,,,,,,,,,,,,"Kim, Yong Jin; Varma, Rajender S.; Journal of Organic Chemistry; vol. 70; nb. 20; (2005); p. 7882 - 7891",2005,valid,ionic_liquid,
2178,Epichlorohydrin,"4-(chloromethyl)-1,3-dioxolan-2-one",98.0,120.0,,1.0,tetrabutylammonium bromide,,nickel(II) chloride,,triphenylphosphine,,,,,,,,,,"With tetrabutylammomium bromide, triphenylphosphine, zinc, bis(triphenylphosphine)nickel(II) chloride, Time= 1h, T= 120 °C Li, Fuwei; Xia, Chungu; Xu, Liwen; Sun, Wei; Chen, Gexin; Chemical Communications; nb. 16; (2003); p. 2042 - 2043",2003,valid,mixed_system,
2179,Epichlorohydrin,"4-(chloromethyl)-1,3-dioxolan-2-one",98.0,110.0,1.62002,5.0,imidazolium,,,,,,,,,,,,,,"Han, Lina; Choi, Hye-Ji; Choi, Soo-Jin; Liu, Binyuan; Park, Dae-Won; Green Chemistry; vol. 13; nb. 4; (2011); p. 1023 - 1028",2011,valid,ionic_liquid,
2181,Epichlorohydrin,"4-(chloromethyl)-1,3-dioxolan-2-one",98.0,130.0,2.50004,3.0,imidazolium bromide,,,,,,,,,,,,,,"Shi, Tian-Yuan; Wang, Jin-Quan; Sun, Jian; Wang, Ming-Hui; Cheng, Wei-Guo; Zhang, Suo-Jiang; RSC Ad‐ vances; vol. 3; nb. 11; (2013); p. 3726 - 3732",2013,valid,ionic_liquid,
2182,Epichlorohydrin,"4-(chloromethyl)-1,3-dioxolan-2-one",98.0,80.0,0.10133,10.0,"1,8-diazabicyclo[5.4.0]undec-7-ene",,zinc dibromide,,,,,,,,,,,,"Seo, Ue Ryung; Chung, Young Keun; Advanced Synthesis and Catalysis; vol. 356; nb. 9; (2014); p. 1955 - 1961",2014,valid,metal_halide,
2184,Epichlorohydrin,"4-(chloromethyl)-1,3-dioxolan-2-one",98.0,110.0,1.50002,2.0,imidazolium,,,,,,,,,,water,toluene,hexane,,"Au‐ toclave Liu, Mengshuai; Liang, Lin; Liang, Tao; Lin, Xiaoli; Shi, Lei; Wang, Fangxiao; Sun, Jianmin; Journal of Molecu‐ lar Catalysis A: Chemical; vol. 408; (2015); p. 242 - 249; Art.No: 9583",2015,valid,ionic_liquid,water; toluene; hexane
2185,Epichlorohydrin,"4-(chloromethyl)-1,3-dioxolan-2-one",98.1,110.0,2.00003,5.0,tetra-(n-butyl)ammonium iodide,,,,,,,,,,,,,,"Catalytic behavior Peng, Jing; Yang, Hai-Jian; Wei, Zidong; Guo, Cun-Yue; RSC Advances; vol. 5; nb. 65; (2015); p. 53063 - 53072",2015,valid,unknown,
2188,Epichlorohydrin,"4-(chloromethyl)-1,3-dioxolan-2-one",98.0,50.0,1.00001,18.0,tetra-(n-butyl)ammonium iodide,,,,,,,,,,,,,,"Martínez-Rodríguez, Luis; Otalora Garmilla, Javier; Kleij, Arjan W.; ChemSusChem; vol. 9; nb. 7; (2016); p. 749 -755",2016,valid,unknown,
2191,Epichlorohydrin,"4-(chloromethyl)-1,3-dioxolan-2-one",98.0,90.0,1.00001,6.0,tetrabutylammonium bromide,,,,,,,,,,,,,,"Catalytic behavior, Reagent/catalyst Zhu, Jie; Usov, Pavel M.; Xu, Wenqian; Celis-Salazar, Paula J.; Lin, Shaoyang; Kessinger, Matthew C.; Landa‐ verde-Alvarado, Carlos; Cai, Meng; May, Ann M.; Slebodnick, Carla; Zhu, Dunru; Senanayake, Sanjaya D.; Morris, Amanda J.; Journal of the American Chemical Society; vol. 140; nb. 3; (2018); p. 993 - 1003",2018,valid,ionic_liquid,
2192,Epichlorohydrin,"4-(chloromethyl)-1,3-dioxolan-2-one",98.7,120.0,1.00001,2.0,imidazolium bromide,,,,,,,,,,,,,,"Ionic liquid, Activation energy, Catalytic behavior, Kinetics, Mechanism, Pressure, Reagent/catalyst, Temperature Yue, Shuang; Song, Qian; Zang, Shuliang; Deng, Guichun; Li, Jun; Australian Journal of Chemistry; vol. 71; nb. 6; (2018); p. 407 - 415",2018,valid,ionic_liquid,
2193,Epichlorohydrin,"4-(chloromethyl)-1,3-dioxolan-2-one",98.0,60.0,,,1-methyl-3-(3-phenylthioureido)pyridinium iodide,,tetra-(n-butyl)ammonium iodide,,pyridinium,,,,,,,,,,"With 1-methyl-3-(3-phenylthioureido)pyridinium iodide, tetra-(n-butyl)ammonium iodide, T= 60 °C , Sealed tube Fan, Yang; Tiffner, Maximilian; Sch?rgenhumer, Johannes; Robiette, Rapha?l; Waser, Mario; Kass, Steven R.; Journal of Organic Chemistry; vol. 83; nb. 17; (2018); p. 9991 - 10000",2018,valid,ionic_liquid,
2194,Epichlorohydrin,"4-(chloromethyl)-1,3-dioxolan-2-one",98.0,100.0,0.1,2.0,pyridine,,,,,,,,,,无溶剂,,,,"chemoselective reaction Khaligh, Nader Ghaffari; Mihankhah, Taraneh; Johan, Mohd Rafie; Heteroatom Chemistry; vol. 29; nb. 4; (2018); Art.No: E21440",2018,valid,organic_base,无溶剂
2196,Epichlorohydrin,"4-(chloromethyl)-1,3-dioxolan-2-one",98.0,50.0,0.10133,6.0,3-hydroxy-N-octylpyridinium iodide,,,,,,,,,,无溶剂,,,,"Green chemis‐ try Rostami, Ali; Mahmoodabadi, Mohammadali; Hossein Ebrahimi, Amir; Khosravi, Hormoz; Al-Harrasi, Ahmed; ChemSusChem; vol. 11; nb. 24; (2018); p. 4262 - 4268",2018,valid,ionic_liquid,无溶剂
2198,Epichlorohydrin,"4-(chloromethyl)-1,3-dioxolan-2-one",98.0,25.0,0.1,12.0,tetrabutylammonium bromide,,,,,,,,,,无溶剂,,,,"Glovebox, Catalytic behavior Kim, Yoseph; Hyun, Kyunglim; Ahn, Duseong; Kim, Ran; Park, Myung Hwan; Kim, Youngjo; ChemSusChem; vol. 12; nb. 18; (2019); p. 4211 - 4220",2019,valid,ionic_liquid,无溶剂
2199,Epichlorohydrin,"4-(chloromethyl)-1,3-dioxolan-2-one",98.0,20.0,0.1,2.0,DMAP,,,,,,,,,,methanol,ethyl acetate,,,"Catalytic behavior, Reagent/ catalyst, Temperature Ullah, Habib; Mousavi, Bibimaryam; Younus, Hussein A.; Khattak, Zafar A.K.; Suleman, Suleman; Jan, Mu‐ hammad T.; Yu, Baoyi; Chaemchuen, Somboon; Verpoort, Francis; Journal of Catalysis; vol. 377; (2019); p. 190 -198",2019,valid,mixed_system,methanol; ethyl acetate
2201,Epichlorohydrin,"4-(chloromethyl)-1,3-dioxolan-2-one",98.0,40.0,0.1,12.0,tetrabutylammonium bromide,,,,,,,,,,无溶剂,,,,"Patel, Parth; Parmar, Bhavesh; Pillai, Renjith S.; Ansari, Amamudin; Khan, Noor-ul H.; Suresh, Eringathodi; Applied Catalysis A: General; vol. 590; (2020); Art.No: 117375",2020,valid,ionic_liquid,无溶剂
2202,Epichlorohydrin,"4-(chloromethyl)-1,3-dioxolan-2-one",98.0,110.0,1.00001,3.0,tetrabutylammonium bromide,,,,,,,,,,,,,,"Xiong, Xingquan; Zhang, Hui; Lai, Shi Lin; Gao, Jinbin; Gao, Lizhu; Reactive and functional polymers; vol. 149; (2020); Art.No: 104502",2020,valid,ionic_liquid,
2203,Epichlorohydrin,"4-(chloromethyl)-1,3-dioxolan-2-one",98.0,80.0,0.10133,24.0,tetra-(n-butyl)ammonium iodide,,,,,,,,,,,,,,"Rios Yepes, Yersica; Martínez, Javier; Rangel Sánchez, Hiram; Quintero, Celso; Ortega-Alfaro, M. Carmen; López-Cortés, José G.; Daniliuc, Constantin G.; Anti?olo, Antonio; Ramos, Alberto; Rojas, René S.; Dalton Transactions; vol. 49; nb. 4; (2020); p. 1124 - 1134",2020,valid,unknown,
2204,Epichlorohydrin,"4-(chloromethyl)-1,3-dioxolan-2-one",98.0,80.0,0.20266,,tetrabutylammonium bromide,,,,,,,,,,,,,,Ganina;Bondarenko;Isaeva;Kustov;Beletskaya; Russian Journal of Organic Chemistry; vol. 55; nb. 12; (2019); p. 1813 - 1820; Zh. Org. Khim.; vol. 55; nb. 12; (2019); p. 1813 - 1821,2019,valid,ionic_liquid,
2208,Epichlorohydrin,"4-(chloromethyl)-1,3-dioxolan-2-one",98.0,90.0,1.00001,4.0,tetrabutylammonium bromide,,,,,,,,,,,,,,"Huang, Xuan;Gao, Xian-Ming;Lin, Xue-Lian; Monatshefte fur Chemie; vol. 151; nb. 3; (2020); p. 345 - 352",2020,valid,ionic_liquid,
2210,Epichlorohydrin,"4-(chloromethyl)-1,3-dioxolan-2-one",98.0,25.0,0.1,12.0,tetrabutylammonium bromide,,,,,,,,,,无溶剂,,,,"Liu, Jiao; Zhao, Ying; Dang, Li-Long; Yang, Guoping; Ma, Lu-Fang; Li, Dong-Sheng; Wang, Yaoyu; Chemical Communications; vol. 56; nb. 62; (2020); p. 8758 - 8761",2020,valid,ionic_liquid,无溶剂
2211,Epichlorohydrin,"4-(chloromethyl)-1,3-dioxolan-2-one",98.2,60.0,2.00003,4.0,tetrabutylammonium bromide,,,,,,,,,,,,,,"Yuan, Rongrong;He, HongmingS138770032030825X; Inorganic Chemistry Communications; vol. 121; (2020); Art.No: 108235",2020,valid,ionic_liquid,
2213,Epichlorohydrin,"4-(chloromethyl)-1,3-dioxolan-2-one",98.0,100.0,0.70001,6.0,tetrabutylammonium bromide,,,,,,,,,,,,,,"Khalifeh, Reza; Zarei, Zeinab; Rajabzadeh, Maryam; New Journal of Chemistry; vol. 45; nb. 2; (2021); p. 810 - 820",2021,valid,ionic_liquid,
2214,Epichlorohydrin,"4-(chloromethyl)-1,3-dioxolan-2-one",98.0,40.0,0.10133,24.0,tetrabutylammonium bromide,,,,,,,,,,,,,,"Magnuson, Zachary L.; Cheng, Qigan; Zhang, Weijie; Chen, Yu-Sheng; Wojtas, Lukasz; Nafady, Ayman; Al- Enizi, Abdullah M.; Larsen, Randy W.; Zhang, X. Peter; Ma, Shengqian; Crystal Growth and Design; vol. 21; nb. 5; (2021); p. 2786 - 2792",2021,valid,ionic_liquid,
2215,Epichlorohydrin,"4-(chloromethyl)-1,3-dioxolan-2-one",98.0,20.0,,1.0,tetrabutylammonium bromide,,,,,,,,,,,,,,"With poly[[[triaqualanthanum(III)]-μ-5-sulfonatoisophthalato] monohydrate], tetrabutylammomium bromide in acetoni‐ trile, Time= 1h, T= 20 °C , Autoclave, High pressure, Catalytic behavior, Time, Solvent Kanti Das, Sabuj; Ghosh, Anirban; Bhattacharjee, Sudip; Chowdhury, Avik; Mitra, Partha; Bhaumik, Asim; New Journal of Chemistry; vol. 45; nb. 20; (2021); p. 9189 - 9196",2021,valid,ionic_liquid,
2216,Epichlorohydrin,"4-(chloromethyl)-1,3-dioxolan-2-one",98.0,50.0,0.1,,tetrabutylammonium bromide,,,,,,,,,,无溶剂,,,,"Ji, Jinhua; Liu, Hao; Chen, Zewei; Fu, Yajun; Yang, Weijun; Yin, Shuang-Feng; Chemistry - A European Journal; vol. 27; nb. 43; (2021); p. 11102 - 11109",2021,valid,ionic_liquid,无溶剂
2219,Epichlorohydrin,"4-(chloromethyl)-1,3-dioxolan-2-one",98.0,60.0,1.00001,4.0,tetrabutylammonium bromide,,,,,,,,,,ethanol,ethyl acetate,,,"Pressure, Tempera‐ ture, Time Keshri, Kumer Saurav;Bhattacharjee, Sudip;Singha, Aniruddha;Bhaumik, Asim;Chowdhury, Biswa‐ jitS2468823122001225; Molecular catalysis; vol. 522; (2022); Art.No: 112234",2022,valid,ionic_liquid,ethanol; ethyl acetate
2223,Epichlorohydrin,"4-(chloromethyl)-1,3-dioxolan-2-one",98.0,60.0,0.1,5.0,tetrabutylammonium bromide,,,,,,,,,,无溶剂,,,,"Cata‐ lytic behavior, Reagent/catalyst Dolai, Malay;Saha, Urmila;Goswami, Juli Nanda;Bhattacharya, Biswajit;Emmerling, Franziska;Ifseisi, Ahmad A.;Biswas, Surajit; New Journal of Chemistry; vol. 49; nb. 11; (2025); p. 4451 - 4463",2025,valid,ionic_liquid,无溶剂
2224,Epichlorohydrin,"4-(chloromethyl)-1,3-dioxolan-2-one",98.0,20.0,0.10133,24.0,tetrabutylammonium bromide,,,,,,,,,,无溶剂,,,,"Schlenk technique, Sealed tube Hossain, Md. Saddam;Yuasa, Mayu;Kametani, Yohei;Shiota, Yoshihito;Hoshino, Yu;Shichijo, Keita;Fujitsuka, Mamoru;Shimakoshi, Hisashi; Chemistry - A European Journal; vol. 31; nb. 45; (2025); Art.No: e01845",2025,valid,ionic_liquid,无溶剂
2226,Epichlorohydrin,"4-(chloromethyl)-1,3-dioxolan-2-one",98.0,100.0,0.50666,12.0,tetrabutylammonium bromide,,,,,,,,,,无溶剂,,,,"Catalytic behavior, Reagent/catalyst, Temperature Kumar, Yogesh;Panday, Rishukumar;Banerjee, Shaibal; Dalton Transactions; vol. 54; nb. 29; (2025); p. 11306 - 11314",2025,valid,ionic_liquid,无溶剂
2228,Epichlorohydrin,"4-(chloromethyl)-1,3-dioxolan-2-one",98.0,80.0,0.1,10.0,tetrabutylammonium bromide,,,,,,,,,,无溶剂,,,,"Ma, Fu-Long;Ma, Lan;Zhang, Hao;Wang, Xin-Fang;Wang, Lu-Lu;Wang, Duo-Zhi; Journal of Molecular Structure; vol. 1351; (2026); Art.No: 144244",2026,valid,ionic_liquid,无溶剂
2229,Epichlorohydrin,"4-(chloromethyl)-1,3-dioxolan-2-one",98.1,100.0,1.20002,8.0,tetrabutylammonium bromide,,,,,,,,,,,,,,"Liu, Xiaolan;Lei, Kaiwen;Yang, Ke;Lv, Pei;Liu, Jiyong;Shen, Yudong;Xu, Wei; Inorganic Chemistry; vol. 65; nb. 2; (2026); p. 1621 - 1633",2026,valid,ionic_liquid,
2230,Epichlorohydrin,"4-(chloromethyl)-1,3-dioxolan-2-one",97.0,120.0,4.05299,24.0,potassium iodide,,18-crown-6 ether,,,,,,,,,,,,"other alkali metal salts, phase- transfer agent catalytic systems, temperatures, initial pressures; further epoxides, Product distribution, Mechanism Rokicki, Gabriel; Kuran, Witold; Pogorzelska-Marciniak, Barbara; Monatshefte fur Chemie; vol. 115; (1984); p. 205 - 214",1984,valid,metal_halide,
2231,Epichlorohydrin,"4-(chloromethyl)-1,3-dioxolan-2-one",97.0,120.0,,0.4,tetraphenylstibonium bromide,,,,,,,,,,,,,,"With tetraphenylstibonium bromide, Time= 0.4h, T= 120 °C , other catalysts, different time Nomura, Ryoki; Ninagawa, Akira; Matsuda, Haruo; Journal of Organic Chemistry; vol. 45; nb. 19; (1980); p. 3735 -3738",1980,valid,ionic_liquid,
2233,Epichlorohydrin,"4-(chloromethyl)-1,3-dioxolan-2-one",97.0,80.0,2.00003,24.0,DMAP,,,,,,,,,,,,,,"Li, Hongchun; Niu, Yongsheng; Asian Journal of Chemistry; vol. 23; nb. 8; (2011); p. 3344 - 3346",2011,valid,mixed_system,
2234,Epichlorohydrin,"4-(chloromethyl)-1,3-dioxolan-2-one",97.0,50.0,2.00003,1.5,tetrabutylammonium bromide,,,,,,,,,,,,,,"Kumar, Subodh; Jain, Suman L.; Sain, Bir; Catalysis Today; vol. 198; nb. 1; (2012); p. 204 - 208",2012,valid,ionic_liquid,
2239,Epichlorohydrin,"4-(chloromethyl)-1,3-dioxolan-2-one",97.0,120.0,1.50002,2.0,imidazolium,,,,,,,,,,,,,,"Yue, Chengtao; Su, Dan; Zhang, Xu; Wu, Wei; Xiao, Linfei; Catalysis Letters; vol. 144; nb. 7; (2014); p. 1313 - 1321",2014,valid,ionic_liquid,
2240,Epichlorohydrin,"4-(chloromethyl)-1,3-dioxolan-2-one",97.0,120.0,1.00001,2.0,imidazolium,,,,,,,,,,无溶剂,,,,"Green chemistry Hu, Yu-Lin; Lu, Ming; Yang, Xue-Lin; RSC Advances; vol. 5; nb. 83; (2015); p. 67886 - 67891",2015,valid,ionic_liquid,无溶剂
2241,Epichlorohydrin,"4-(chloromethyl)-1,3-dioxolan-2-one",97.0,90.0,1.00001,4.0,triethanolammonium iodide,,,,,,,,,,无溶剂,,,,"Green chemistry, Reagent/catalyst Kohrt, Christina; Werner, Thomas; ChemSusChem; vol. 8; nb. 12; (2015); p. 2031 - 2034",2015,valid,ionic_liquid,无溶剂
2242,Epichlorohydrin,"4-(chloromethyl)-1,3-dioxolan-2-one",97.0,60.0,0.10133,12.0,tetrabutylammonium bromide,,,,,,,,,,,,,,"Dong, Jie; Cui, Ping; Shi, Peng-Fei; Cheng, Peng; Zhao, Bin; Journal of the American Chemical Society; vol. 137; nb. 51; (2015); p. 15988 - 15991",2015,valid,ionic_liquid,
2245,Epichlorohydrin,"4-(chloromethyl)-1,3-dioxolan-2-one",97.0,25.0,0.10133,20.0,tetra-(n-butyl)ammonium iodide,,pyridine,,,,,,,,,,,,"Reagent/catalyst, Temperature, Time Wang, Lin; Zhang, Guangyou; Kodama, Koichi; Hirose, Takuji; Green Chemistry; vol. 18; nb. 5; (2016); p. 1229 - 1233",2016,valid,organic_base,
2246,Epichlorohydrin,"4-(chloromethyl)-1,3-dioxolan-2-one",97.0,85.0,0.1,18.0,tetrabutylammonium bromide,,,,,,,,,,无溶剂,,,,"Gao, Pengfei; Zhao, Zhiwen; Chen, Lijuan; Yuan, Dan; Yao, Yingming; Organometallics; vol. 35; nb. 11; (2016); p. 1707 - 1712",2016,valid,ionic_liquid,无溶剂
2248,Epichlorohydrin,"4-(chloromethyl)-1,3-dioxolan-2-one",97.0,40.0,0.1,2.5,tetrabutylammonium bromide,,,,,,,,,,,,,,"Industrial scale Chen, Yaju; Luo, Rongchang; Xu, Qihang; Zhang, Wuying; Zhou, Xiantai; Ji, Hongbing; ChemCatChem; vol. 9; nb. 5; (2017); p. 767 - 773",2017,valid,ionic_liquid,
2249,Epichlorohydrin,"4-(chloromethyl)-1,3-dioxolan-2-one",97.0,100.0,0.1,18.0,tetrabutylammonium bromide,,,,,,,,,,THF,,,,"Inert atmosphere Xu, Ya; Yuan, Dan; Wang, Yaorong; Yao, Yingming; Dalton Transactions; vol. 46; nb. 18; (2017); p. 5848 - 5855",2017,valid,ionic_liquid,THF
2250,Epichlorohydrin,"4-(chloromethyl)-1,3-dioxolan-2-one",97.0,100.0,0.80001,12.0,DABCO,,,,,,,,,,无溶剂,,,,"Reagent/catalyst, Temperature, Pressure Mousavi, Bibimaryam;Chaemchuen, Somboon;Moosavi, Behrooz;Zhou, Kui;Yusubov, Mekhman;Verpoort, Francis; ChemistryOpen; vol. 6; nb. 5; (2017); p. 674 - 680",2017,valid,mixed_system,无溶剂
2251,Epichlorohydrin,"4-(chloromethyl)-1,3-dioxolan-2-one",97.0,20.0,0.10133,30.0,tetrabutylammonium bromide,,,,,,,,,,无溶剂,,,,"Dutta, Gargi; Jana, Ajay Kumar; Natarajan, Srinivasan; Chemistry - An Asian Journal; vol. 13; nb. 1; (2018); p. 66 - 72",2018,valid,ionic_liquid,无溶剂
2253,Epichlorohydrin,"4-(chloromethyl)-1,3-dioxolan-2-one",97.0,100.0,1.60002,2.0,lithium bromide,,,,,,,,,,无溶剂,,,,"Kilic, Ahmet; Durgun, Mustafa; Aytar, Emine; Yavuz, Rahime; Journal of Organometallic Chemistry; vol. 858; (2018); p. 78 - 88",2018,valid,metal_halide,无溶剂
2254,Epichlorohydrin,"4-(chloromethyl)-1,3-dioxolan-2-one",97.0,120.0,0.1,5.0,tetrabutylammonium chloride,,tetrabutylammonium bromide,,tetra-(n-butyl)ammonium iodide,,pyridine,,,,ethyl acetate,,,,"Tem‐ perature, Reagent/catalyst Suleman, Suleman; Younus, Hussein A.; Ahmad, Nazir; Khattak, Zafar A.K.; Ullah, Habib; Park, Jihae; Han, Taejun; Yu, Baoyi; Verpoort, Francis; Applied Catalysis A: General; vol. 591; (2020); Art.No: 117384",2020,valid,mixed_system,ethyl acetate
2255,Epichlorohydrin,"4-(chloromethyl)-1,3-dioxolan-2-one",97.0,100.0,0.50001,2.0,tetrabutylammonium bromide,,,,,,,,,,无溶剂,,,,"Cui, Xinjiang; Dai, Xingchao; Surkus, Annette-Enrica; Junge, Kathrin; Kreyenschulte, Carsten; Agostini, Gio‐ vanni; Rockstroh, Nils; Beller, Matthias; Cuihua Xuebao/Chinese Journal of Catalysis; vol. 40; nb. 11; (2019); p. 1679 - 1685",2019,valid,ionic_liquid,无溶剂
2259,Epichlorohydrin,"4-(chloromethyl)-1,3-dioxolan-2-one",97.0,130.0,2.00003,1.5,imidazolium,,,,,,,,,,hexane,diethyl ether,,,"Auto‐ clave Liu, Ying; Song, Yan; Zhou, Jianhua; Zhang, Xiangping; Molecular catalysis; vol. 492; (2020); Art.No: 111008",2020,valid,ionic_liquid,hexane; diethyl ether
2260,Epichlorohydrin,"4-(chloromethyl)-1,3-dioxolan-2-one",97.0,70.0,0.10133,12.0,tetrabutylammonium bromide,,,,,,,,,,,,,,"Taniya, Seikh;Khanra, Somnath;Ta, Sabyasachi;Chatterjee, Sudeshna;Salam, Noor;Das, Debasis; RSC Ad‐ vances; vol. 10; nb. 37; (2020); p. 22284 - 22290",2020,valid,ionic_liquid,
2262,Epichlorohydrin,"4-(chloromethyl)-1,3-dioxolan-2-one",97.0,80.0,0.50001,20.0,tetra-(n-butyl)ammonium iodide,,tetrabutylammonium iodide,,,,,,,,无溶剂,,,,"Chen, Fei;Tao, Sheng;Liu, Ning;Dai, Bin; Polyhedron; vol. 196; (2021); Art.No: 114990",2021,valid,ionic_liquid,无溶剂
2263,Epichlorohydrin,"4-(chloromethyl)-1,3-dioxolan-2-one",97.4,40.0,0.10133,4.0,tetrabutylammonium bromide,,,,,,,,,,,,,,"Temperature Wang, Meng; Liu, Jiao; Jin, Jing; Wu, Dan; Yang, Guoping; Zhang, Wen-Yan; Wang, Yao-Yu; CrystEngComm; vol. 23; nb. 3; (2021); p. 663 - 670",2021,valid,ionic_liquid,
2265,Epichlorohydrin,"4-(chloromethyl)-1,3-dioxolan-2-one",97.0,25.0,1.20002,24.0,tetrabutylammonium bromide,,,,,,,,,,,,,,"Pressure, Time, Reagent/ catalyst Tapiador, Jesús;Leo, Pedro;Rodríguez-Diéguez, Antonio;Choquesillo-Lazarte, Duane;Calleja, Guillermo;Or‐ cajo, GiselaS0920586121005046; Catalysis Today; vol. 390-391; (2022); p. 230 - 236",2022,valid,ionic_liquid,
2270,Epichlorohydrin,"4-(chloromethyl)-1,3-dioxolan-2-one",97.0,90.0,0.1,10.0,tetrabutylammonium bromide,,,,,,,,,,,,,,"Temperature Dolai, Malay;Saha, Urmila;Islam, Sk Safikul;Haque, Najirul;Panja, Anangamohan;Ifseisi, Ahmad A.;Zangran‐ do, Ennio;Biswas, Surajit; Molecular Catalysis; vol. 576; (2025); Art.No: 114923",2025,valid,ionic_liquid,
2272,Epichlorohydrin,"4-(chloromethyl)-1,3-dioxolan-2-one",97.0,25.0,,2.0,tetrabutylammonium bromide,,,,,,,,,,无溶剂,,,,"With tetrabutylammomium bromide, C40H36N10Zn in neat (no solvent), Time= 2h, T= 25 °C , Catalytic behavior, Re‐ agent/catalyst Das, Anindita;Das, Surajit;Das, Dhiraj;Sarkar, Sayan;Pal, Kuntal; Chemistry - An Asian Journal; vol. 20; nb. 20; (2025); Art.No: e00823",2025,valid,ionic_liquid,无溶剂
2273,Epichlorohydrin,"4-(chloromethyl)-1,3-dioxolan-2-one",97.0,,0.1,,tetrabutylammonium bromide,,,,,,,,,,无溶剂,,,,"Heating Jana, Narayan Ch.;Jagli?i?, Zvonko;Kotrle, Kamil;Herchel, Radovan;Panja, Anangamohan; Inorganic Chemis‐ try; vol. 64; nb. 37; (2025); p. 19094 - 19112",2025,valid,ionic_liquid,无溶剂
2274,Epichlorohydrin,"4-(chloromethyl)-1,3-dioxolan-2-one",97.0,80.0,0.25,2.0,ethylpyridinium bromide,,,,,,,,,,无溶剂,,,,"Torabi, Saeed;Ghafari Tirabadi, Golnoosh;Nazeri, Mohammad Taghi;Shaabani, Ahmad; Journal of Physics and Chemistry of Solids; vol. 211; (2026); Art.No: 113481",2026,valid,unknown,无溶剂
2275,Epichlorohydrin,"4-(chloromethyl)-1,3-dioxolan-2-one",97.0,80.0,0.1,8.0,tetrabutylammonium bromide,,,,,,,,,,无溶剂,,,,"Yue, Tian-Cai;Wang, Xin-Fang;Huang, Jian-Bo;Wang, Lu-Lu;Wang, Duo-Zhi; Green Chemistry; vol. 28; nb. 6; (2026); p. 2904 - 2913",2026,valid,ionic_liquid,无溶剂
2276,Epichlorohydrin,"4-(chloromethyl)-1,3-dioxolan-2-one",96.7,110.0,1.50002,1.0,zinc dibromide,,,,,,,,,,,,,,"Xiao, Linfei; Lv, Dongwei; Wu, Wei; Catalysis Letters; vol. 141; nb. 12; (2011); p. 1838 - 1844",2011,valid,metal_halide,
2281,Epichlorohydrin,"4-(chloromethyl)-1,3-dioxolan-2-one",96.0,150.0,1.40003,4.0,tetrabutylammonium bromide,,,,,,,,,,,,,,"Bai, Dongsheng; Zhang, Zhiyong; Wang, Guangjian; Ma, Fang; Applied Organometallic Chemistry; vol. 29; nb. 4; (2015); p. 240 - 243",2015,valid,ionic_liquid,
2286,Epichlorohydrin,"4-(chloromethyl)-1,3-dioxolan-2-one",96.0,125.0,1.60002,4.0,pyridine,,lithium bromide,,DMAP,,,,,,无溶剂,,,,"Catalytic behavior, Reagent/catalyst, Pressure, Temperature, Time Kilic, Ahmet; Keles, Armagan; Aytar, Emine; Durgun, Mustafa; Ulusoy, Mahmut; Journal of Chemical Sciences; vol. 127; nb. 9; (2015); p. 1665 - 1674",2015,valid,mixed_system,无溶剂
2288,Epichlorohydrin,"4-(chloromethyl)-1,3-dioxolan-2-one",96.0,25.0,0.101325,24.0,tetra-(n-butyl)ammonium iodide,,pyridine,,tetrabutylammonium iodide,,,,,,ethyl acetate,hexane,,,"4-(Chloromethyl)-1,3-dioxolan-2-one In a 5 mL Schlenk flask, epichlorohydrin (5 mmol, 0.46 g), 3-hydroxypyridine (0.25 mmol, 0.024 g) and TBAI (0.25 mmol, 0.092 g) were stirred at 25 oC for 24 h under an atmosphere of CO2 (balloon). The crude product was purified by column chromatography (hexane : ethyl acetate = 1 : 1) to afford the desired cyclic carbonate 0.65 g (yield: 96.0%) as a colorless oil. 1H NMR (500 MHz, CDCl3): 5.12-5.01 (m, 1H), 4.69-4.55 (m, 1H), 4.48-4.35 (m, 1H), 3.89 (dd, 1H), 3.77 (dd, 1H). 13C NMR (125 MHz, CDCl3): 154.8, 74.7, 67.0, 44.6. With 3-HYDROXYPYRIDINE, tetra-(n-butyl)ammonium iodide, Time= 24h, T= 25 °C , Schlenk technique Wang, Xiangyong; Wang, Lin; Zhao, Yingying; Kodama, Koichi; Hirose, Takuji; Tetrahedron; vol. 73; nb. 8; (2017); p. 1190 - 1195",2017,valid,mixed_system,ethyl acetate; hexane
2289,Epichlorohydrin,"4-(chloromethyl)-1,3-dioxolan-2-one",96.0,80.0,0.1,3.0,imidazolium bromide,,imidazolium,,,,,,,,,,,,"Inert at‐ mosphere, Reagent/catalyst, Temperature Ji, Liangzheng; Luo, Zhoujie; Zhang, Yongya; Wang, Rong; Ji, Yayan; Xia, Fei; Gao, Guohua; Molecular cataly‐ sis; vol. 446; (2018); p. 124 - 130",2018,valid,ionic_liquid,
2290,Epichlorohydrin,"4-(chloromethyl)-1,3-dioxolan-2-one",96.8,25.0,0.10133,24.0,tetrabutylammonium bromide,,,,,,,,,,,,,,"Chen, Jing-Huo; Deng, Cheng-Hua; Fang, Sheng; Ma, Jian-Gong; Cheng, Peng; Green Chemistry; vol. 20; nb. 5; (2018); p. 989 - 996",2018,valid,ionic_liquid,
2292,Epichlorohydrin,"4-(chloromethyl)-1,3-dioxolan-2-one",96.0,80.0,3.00005,5.0,zinc diiodide,,,,,,,,,,ethyl acetate,,,,"Catalytic behavior, Reagent/catalyst, Temperature, Pressure Yang, Chaokun; Liu, Mengshuai; Zhang, Jiaxu; Wang, Xin; Jiang, Yichen; Sun, Jianmin; Molecular catalysis; vol. 450; (2018); p. 39 - 45",2018,valid,metal_halide,ethyl acetate
2293,Epichlorohydrin,"4-(chloromethyl)-1,3-dioxolan-2-one",96.0,100.0,0.10133,24.0,tetrabutylammonium bromide,,,,,,,,,,,,,,"Liu, Jiewei; Fan, Yan-Zhong; Li, Xin; Xu, Yao-Wei; Zhang, Li; Su, Cheng-Yong; ChemSusChem; vol. 11; nb. 14; (2018); p. 2340 - 2347",2018,valid,ionic_liquid,
2294,Epichlorohydrin,"4-(chloromethyl)-1,3-dioxolan-2-one",96.0,25.0,0.1,48.0,tetrabutylammonium bromide,,,,,,,,,,,,,,"Yu, Wenguang; Gu, Shuai; Fu, Yu; Xiong, Shaohui; Pan, Chunyue; Liu, Younian; Yu, Guipeng; Journal of Cat‐ alysis; vol. 362; (2018); p. 1 - 9",2018,valid,ionic_liquid,
2295,Epichlorohydrin,"4-(chloromethyl)-1,3-dioxolan-2-one",96.1,70.0,0.40001,4.0,potassium iodide,,,,,,,,,,,,,,"Li, Qingshuo; Chang, Haibo; Li, Runming; Wang, Hongxia; Liu, Jichun; Liu, Shanhu; Qiao, Congzhen; Lin, Tong; Molecular catalysis; vol. 469; (2019); p. 111 - 117",2019,valid,metal_halide,
2296,Epichlorohydrin,"4-(chloromethyl)-1,3-dioxolan-2-one",96.0,80.0,1.20002,4.0,imidazolium bromide,,,,,,,,,,,,,,"Re‐ agent/catalyst Kurisingal, Jintu Francis; Rachuri, Yadagiri; Pillai, Renjith S.; Gu, Yunjang; Choe, Youngson; Park, Dae-Won; ChemSusChem; vol. 12; nb. 5; (2019); p. 1033 - 1042",2019,valid,ionic_liquid,
2297,Epichlorohydrin,"4-(chloromethyl)-1,3-dioxolan-2-one",96.0,60.0,0.1,12.0,tetrabutylammonium bromide,,,,,,,,,,无溶剂,,,,"Parmar, Bhavesh; Patel, Parth; Pillai, Renjith S.; Kureshy, Rukhsana I.; Khan, Noor-Ul H.; Suresh, Eringatho‐ di; Journal of Materials Chemistry A; vol. 7; nb. 6; (2019); p. 2884 - 2894",2019,valid,ionic_liquid,无溶剂
2299,Epichlorohydrin,"4-(chloromethyl)-1,3-dioxolan-2-one",96.6,70.0,1.00001,6.0,tetrabutylammonium bromide,,,,,,,,,,无溶剂,,,,"Singh, Manpreet; Solanki, Pratik; Patel, Parth; Mondal, Aniruddha; Neogi, Subhadip; Inorganic Chemistry; vol. 58; nb. 12; (2019); p. 8100 - 8110",2019,valid,ionic_liquid,无溶剂
2301,Epichlorohydrin,"4-(chloromethyl)-1,3-dioxolan-2-one",96.0,70.0,1.00001,2.0,imidazolium,,,,,,,,,,ethyl acetate,hexane,,,"Green chemistry Zhang, Pu; Zhiani, Rahele; Catalysis Letters; vol. 150; nb. 8; (2020); p. 2254 - 2266",2020,valid,ionic_liquid,ethyl acetate; hexane
2304,Epichlorohydrin,"4-(chloromethyl)-1,3-dioxolan-2-one",96.0,80.0,1.00001,6.0,tetrabutylammonium bromide,,,,,,,,,,,,,,PatentKOREA ELECTRIC POWER CORPORATION;KOREA RESEARCH INSTITUTE OF CHEMICAL TECHNOL‐ OGY; KOREA RESEARCH INSTITUTE OF CHEMICAL TECHNOLOGYKRICT; KR2020/132314; (2020); (A) Kore‐ anKOREA ELECTRIC POWER CORPORATION; KOREA RESEARCH INSTITUTE OF CHEMICAL TECHNOLOGY,2020,valid,ionic_liquid,
2305,Epichlorohydrin,"4-(chloromethyl)-1,3-dioxolan-2-one",96.4,130.0,2.20004,7.0,tetrabutylammonium bromide,,,,,,,,,,,,,,"Huang, Kai; Zhang, Xiaomeng; Australian Journal of Chemistry; vol. 74; nb. 4; (2021); p. 282 - 289",2021,valid,ionic_liquid,
2306,Epichlorohydrin,"4-(chloromethyl)-1,3-dioxolan-2-one",96.0,60.0,1.01332,12.0,tetrabutylammonium bromide,,,,,,,,,,,,,,"Zhang, Tao; Chen, Hongtai; Lv, Hongxiao; Li, Qiaoling; Zhang, Xiutang; RSC Advances; vol. 11; nb. 16; (2021); p. 9731 - 9739",2021,valid,ionic_liquid,
2307,Epichlorohydrin,"4-(chloromethyl)-1,3-dioxolan-2-one",96.6,110.0,2.00003,6.0,imidazolium bromide,,,,,,,,,,ethyl acetate,,,,"Ionic liquid, Reagent/catalyst, Temperature, Pressure Sun, Liwei;Tang, ShaokunS0167732221011491; Journal of Molecular Liquids; vol. 337; (2021); Art.No: 116425",2021,valid,ionic_liquid,ethyl acetate
2308,Epichlorohydrin,"4-(chloromethyl)-1,3-dioxolan-2-one",96.0,60.0,0.10133,7.0,tetrabutylammonium bromide,,,,,,,,,,无溶剂,,,,"Zhang, Tao;Chen, Hongtai;Liu, Shurong;Lv, Hongxiao;Zhang, Xiutang;Li, Qiaoling; ACS Catalysis; vol. 11; nb. 24; (2021); p. 14916 - 14925",2021,valid,ionic_liquid,无溶剂
2309,Epichlorohydrin,"4-(chloromethyl)-1,3-dioxolan-2-one",96.0,90.0,1.00001,3.0,tetrabutylammonium bromide,,,,,,,,,,,,,,"Khan, Munir Ullah;Khan, Safir Ullah;Kiriratnikom, Jiraya;Zareen, Shah;Zhang, Xing- HongS0277538721006227; Polyhedron; vol. 214; (2022); Art.No: 115640",2022,valid,ionic_liquid,
2311,Epichlorohydrin,"4-(chloromethyl)-1,3-dioxolan-2-one",96.0,100.0,0.10133,5.0,tetrabutylammonium bromide,,,,,,,,,,无溶剂,,,,"Catalytic behavior, Reagent/catalyst, Temperature Pratap, Rajesh;Sahani, Raj Kumar;Maddeshiya, Tarkeshwar;Tripathi, Himanshu Shekhar;Pandey, Mrituanjay D.;Bhattacharya, Subrato; Dalton Transactions; vol. 54; nb. 11; (2025); p. 4518 - 4529",2025,valid,ionic_liquid,无溶剂
2312,Epichlorohydrin,"4-(chloromethyl)-1,3-dioxolan-2-one",96.0,80.0,0.10133,24.0,potassium iodide,,,,,,,,,,无溶剂,,,,"Ionova, Violetta A.;Fakhrutdinov, Artem N.;Gusev, Daniil I.;Abel, Anton S.;Averin, Alexei D.;Beletskaya, Irina P.; Molecular Catalysis; vol. 579; (2025); Art.No: 115019",2025,valid,metal_halide,无溶剂
2313,Epichlorohydrin,"4-(chloromethyl)-1,3-dioxolan-2-one",96.0,20.0,0.1,24.0,tetra-(n-butyl)ammonium iodide,,sodium chloride,,,,,,,,,,,,"Reynes, Javier F.;álvarez-Miguel, Lucia;Winkelmann;Felderhoff;Mosquera, Marta E. G.;Whiteoak, Christo‐ pher J.;García, Felipe; Angewandte Chemie - International Edition; vol. 64; nb. 27; (2025); Art.No: e202502584; Angew. Chem.; vol. 137; nb. 27; (2025)",2025,valid,metal_halide,
2314,Epichlorohydrin,"4-(chloromethyl)-1,3-dioxolan-2-one",96.0,70.0,0.10133,12.0,tetrabutylammonium bromide,,,,,,,,,,无溶剂,,,,"Temperature, Reagent/catalyst Routh, Kousik;Kumar Swain, Rajesha;Kumar, Gaurav;Pradeep, Chullikkattil P.; Dalton Transactions; vol. 54; nb. 32; (2025); p. 12324 - 12339",2025,valid,ionic_liquid,无溶剂
2315,Epichlorohydrin,"4-(chloromethyl)-1,3-dioxolan-2-one",96.2,70.0,,12.0,tetrabutylammonium bromide,,,,,,,,,,,,,,"With tetrabutylammomium bromide, C 12 H N O  (2-) 6 6 4 *Cd (2+)*6H2O, Time= 12h, T= 70 °C Wang, Yu-Jie;Deng, Meng-Qiang;Ma, Xiao-Shuai;Dong, Qing;Jin, Wen-Qi;Zhang, Huan;Li, Peng;Gao, Wei;Li, Ji-Yang;Zhang, Xiu-Mei; Journal of Molecular Structure; vol. 1351; (2026); Art.No: 144231",2026,valid,ionic_liquid,
2316,Epichlorohydrin,"4-(chloromethyl)-1,3-dioxolan-2-one",96.0,90.0,1.00001,15.0,pyridine,,,,,,,,,,dichloromethane,ethyl acetate,,,"Inert at‐ mosphere, Schlenk technique, Reagent/catalyst, Temperature, Solvent PatentUNIV INNER MONGOLIA TECHNOLOGY; INNER MONGOLIA UNIVERSITY OF TECHNOLOGYInner Mon‐ golia University of Technology; CN120365315; (2025); (A) ChineseINNER MONGOLIA UNIVERSITY OF TECHNOL‐ OGY",2025,valid,organic_base,dichloromethane; ethyl acetate
2317,Epichlorohydrin,"4-(chloromethyl)-1,3-dioxolan-2-one",95.0,25.0,0.6,48.0,potassium iodide,,18-crown-6 ether,,salen,,,,,,,,,,"Lu, Xiao-Bing; Zhang, Ying-Ju; Jin, Kun; Luo, Li-Mei; Wang, Hui; Journal of Catalysis; vol. 227; nb. 2; (2004); p. 537 - 541",2004,valid,metal_halide,
2318,Epichlorohydrin,"4-(chloromethyl)-1,3-dioxolan-2-one",95.8,109.8,6.00009,3.0,imidazolium,,,,,,,,,,,,,,"Xie, Ye; Zhang, Zhaofu; Jiang, Tao; He, Jinling; Han, Buxing; Wu, Tianbin; Ding, Kunlun; Angewandte Chemie - International Edition; vol. 46; nb. 38; (2007); p. 7255 - 7258",2007,valid,ionic_liquid,
2321,Epichlorohydrin,"4-(chloromethyl)-1,3-dioxolan-2-one",95.0,90.0,0.10133,24.0,triethylamine,,,,,,,,,,,,,,"Gong, Qing; Luo, Huadong; Cao, Jin; Shang, Yuhan; Zhang, Haibo; Wang, Wenjing; Zhou, Xiaohai; Australian Journal of Chemistry; vol. 65; nb. 4; (2012); p. 381 - 386",2012,valid,organic_base,
2322,Epichlorohydrin,"4-(chloromethyl)-1,3-dioxolan-2-one",95.0,70.0,1.00001,18.0,tetra-(n-butyl)ammonium iodide,,,,,,,,,,无溶剂,,,,"Whiteoak, Christopher J.; Kielland, Nicola; Laserna, Victor; Escudero-Adán, Eduardo C.; Martin, Eddy; Kleij, Arjan W.; Journal of the American Chemical Society; vol. 135; nb. 4; (2013); p. 1228 - 1231",2013,valid,unknown,无溶剂
2324,Epichlorohydrin,"4-(chloromethyl)-1,3-dioxolan-2-one",95.0,100.0,1.50002,2.0,lithium bromide,,DMAP,,,,,,,,,,,,"Catalytic behavior Kilic, Ahmet; Palali, Ahmet Arif; Durgun, Mustafa; Tasci, Zeynep; Ulusoy, Mahmut; Spectrochimica Acta Part A: Molecular and Biomolecular Spectroscopy; vol. 113; (2013); p. 432 - 438",2013,valid,mixed_system,
2325,Epichlorohydrin,"4-(chloromethyl)-1,3-dioxolan-2-one",95.0,85.0,1.00001,45.0,tetra-(n-butyl)ammonium iodide,,,,,,,,,,,,,,"Qin, Jie; Wang, Peng; Li, Qingyan; Zhang, Yong; Yuan, Dan; Yao, Yingming; Chemical Communications; vol. 50; nb. 75; (2014); p. 10952 - 10955",2014,valid,unknown,
2326,Epichlorohydrin,"4-(chloromethyl)-1,3-dioxolan-2-one",95.0,100.0,0.40533,24.0,DABCO,,,,,,,,,,,,,,"Green chemistry Hajipour, Abdol R.; Heidari, Yasaman; Kozehgary, Gholamreza; RSC Advances; vol. 5; nb. 29; (2015); p. 22373 -22379",2015,valid,mixed_system,
2327,Epichlorohydrin,"4-(chloromethyl)-1,3-dioxolan-2-one",95.0,80.0,1.00001,2.5,salen,,,,,,,,,,无溶剂,,,,"Green chemistry Sadeghzadeh, Seyed Mohsen; Research on Chemical Intermediates; vol. 42; nb. 3; (2016); p. 2317 - 2328",2016,valid,unknown,无溶剂
2329,Epichlorohydrin,"4-(chloromethyl)-1,3-dioxolan-2-one",95.0,65.0,0.10133,22.0,"1,8-diazabicyclo[5.4.0]undec-7-ene",,,,,,,,,,无溶剂,,,,"Inert atmosphere, Green chemistry, Catalytic behavior, Concentration, Reagent/catalyst, Temperature Wang, Lin; Kodama, Koichi; Hirose, Takuji; Catalysis science and technology; vol. 6; nb. 11; (2016); p. 3872 - 3877",2016,valid,unknown,无溶剂
2330,Epichlorohydrin,"4-(chloromethyl)-1,3-dioxolan-2-one",95.0,85.0,0.1,24.0,tetrabutylammonium bromide,,,,,,,,,,无溶剂,,,,"Xu, Bin; Wang, Peng; Lv, Min; Yuan, Dan; Yao, Yingming; ChemCatChem; vol. 8; nb. 15; (2016); p. 2466 - 2471",2016,valid,ionic_liquid,无溶剂
2332,Epichlorohydrin,"4-(chloromethyl)-1,3-dioxolan-2-one",95.0,24.8,0.1,8.0,tetrabutylammonium bromide,,,,,,,,,,,,,,"Schlenk tech‐ nique, Reagent/catalyst Sharma, Vivekanand; De, Dinesh; Saha, Ranajit; Das, Ranjita; Chattaraj, Pratim Kumar; Bharadwaj, Parimal K.; Chemical Communications; vol. 53; nb. 100; (2017); p. 13371 - 13374",2017,valid,ionic_liquid,
2333,Epichlorohydrin,"4-(chloromethyl)-1,3-dioxolan-2-one",95.0,120.0,1.01332,1.0,tetrabutylammonium bromide,,,,,,,,,,,,,,"Temperature, Pressure Wang, Li; Xu, Cong; Han, Qingxin; Tang, Xiaoliang; Zhou, Panpan; Zhang, Ruilian; Gao, Guoshu; Xu, Ben‐ hua; Qin, Wenwu; Liu, Weisheng; Chemical Communications; vol. 54; nb. 18; (2018); p. 2212 - 2215",2018,valid,ionic_liquid,
2335,Epichlorohydrin,"4-(chloromethyl)-1,3-dioxolan-2-one",95.0,80.0,0.10133,4.5,tetrabutylammonium bromide,,,,,,,,,,water,ethyl acetate,hexane,,"Boroujeni, Mahmoud Borjian;Laeini, Mohammad Sadegh;Nazeri, Mohammad Taghi;Shaabani, Ahmad; Catal‐ ysis Letters; vol. 149; nb. 8; (2019); p. 2089 - 2097",2019,valid,ionic_liquid,water; ethyl acetate; hexane
2336,Epichlorohydrin,"4-(chloromethyl)-1,3-dioxolan-2-one",95.0,100.0,0.1,18.0,tetrabutylammonium bromide,,,,,,,,,,无溶剂,,,,"Hua, Linyan; Li, Baoxia; Han, Cuiting; Gao, Pengfei; Wang, Yaorong; Yuan, Dan; Yao, Yingming; Inorganic Chemistry; vol. 58; nb. 13; (2019); p. 8775 - 8786",2019,valid,ionic_liquid,无溶剂
2338,Epichlorohydrin,"4-(chloromethyl)-1,3-dioxolan-2-one",95.3,50.0,0.50001,15.0,bis(2-hydroxyethyl) bis-(quaternary ammonium)iodide,,,,,,,,,,,,,,"Pressure, Temperature Kolle, Joel M.; Sayari, Abdelhamid; RSC Advances; vol. 9; nb. 42; (2019); p. 24527 - 24538",2019,valid,unknown,
2340,Epichlorohydrin,"4-(chloromethyl)-1,3-dioxolan-2-one",95.0,130.0,0.69001,4.0,pyridine,,,,,,,,,,无溶剂,,,,"Reagent/catalyst Li, Yi-Meng; Yang, Li; Sun, Lei; Ma, Lei; Deng, Wei-Qiao; Li, Zhen; Journal of Materials Chemistry A; vol. 7; nb. 45; (2019); p. 26071 - 26076",2019,valid,organic_base,无溶剂
2342,Epichlorohydrin,"4-(chloromethyl)-1,3-dioxolan-2-one",95.0,90.0,0.25,9.0,tetrabutylammonium bromide,,,,,,,,,,,,,,"Hussain, Md. Waseem;Bhardwaj, Vipin;Giri, Arkaprabha;Chande, Ajit;Patra, Abhijit; Chemical Science; vol. 11; nb. 30; (2020); p. 7910 - 7920",2020,valid,ionic_liquid,
2343,Epichlorohydrin,"4-(chloromethyl)-1,3-dioxolan-2-one",95.0,110.0,1.80003,3.0,imidazolium,,,,,,,,,,,,,,"Green chemistry Roshan, Kuruppathparambil Roshith; Kim, Juntae; Tharun, Jose; Park, Gyung-Ah; Park, Dae-Won; Mathai, George; Green Chemistry; vol. 14; nb. 10; (2012); p. 2933 - 2940,8",2012,valid,ionic_liquid,
2345,Epichlorohydrin,"4-(chloromethyl)-1,3-dioxolan-2-one",95.0,80.0,2.00003,6.0,tetrabutylammonium bromide,,,,,,,,,,,,,,"Lu, Yu-Ke;Wang, Hai-Hua;Hu, Qi-Xuan;Ma, Yao-Yu;Hou, Lei;Wang, Yao-YuS0022459620307210; Journal of Sol‐ id State Chemistry; vol. 295; (2021); Art.No: 121890",2021,valid,ionic_liquid,
2347,Epichlorohydrin,"4-(chloromethyl)-1,3-dioxolan-2-one",95.0,60.0,0.10133,3.0,tetrabutylammonium bromide,,,,,,,,,,,,,,"Abazari, Reza; Sanati, Soheila; Morsali, Ali; Kirillov, Alexander M.; Slawin, Alexandra M. Z.; Carpenter-War‐ ren, Cameron L.; Inorganic Chemistry; vol. 60; nb. 3; (2021); p. 2056 - 2067",2021,valid,ionic_liquid,
2349,Epichlorohydrin,"4-(chloromethyl)-1,3-dioxolan-2-one",95.0,80.0,0.1,16.0,"N,N-dimethyl-N(pyrenyl-1-methyl) dodecan-1-ammonium bromide",,,,,,,,,,,,,,"Cat‐ alytic behavior, Reagent/catalyst, Temperature Chang, Tao;Li, Xiaopeng;Hao, Yongjing;Kang, Lianwei;Tian, Tian;Fu, Xiying;Zhu, Zheng;Panchal, Balaji;Qin, Shenjun; RSC Advances; vol. 11; nb. 48; (2021); p. 30222 - 30228",2021,valid,unknown,
2351,Epichlorohydrin,"4-(chloromethyl)-1,3-dioxolan-2-one",95.0,80.0,0.1,12.0,tetrabutylammonium bromide,,,,,,,,,,无溶剂,,,,"Huang, Jian-Bo;Yin, Lin;Yue, Tian-Cai;Wang, Lu-Lu;Wang, Duo-Zhi; Chemistry - A European Journal; vol. 30; nb. 71; (2024); Art.No: e202403209",2024,valid,ionic_liquid,无溶剂
2352,Epichlorohydrin,"4-(chloromethyl)-1,3-dioxolan-2-one",95.0,40.0,0.1,20.0,tetrabutylammonium bromide,,,,,,,,,,water,,,,"Temperature, Reagent/catalyst PatentGUANGDONG TANYU NEW MAT CO LTD; GUANGDONG TANYU NEW MAT; CN119285598; (2025); (A) ChineseGUANGDONG TANYU NEW MAT",2025,valid,ionic_liquid,water
2353,Epichlorohydrin,"4-(chloromethyl)-1,3-dioxolan-2-one",95.0,,0.1,6.0,tetrabutylammonium bromide,,,,,,,,,,,,,,"Reagent/catalyst Zhang, Ying;Ding, Meili;Zhou, Yicheng;Wang, Yang;Ma, Pan;Yao, Jianfeng; Chemical Communications; vol. 61; nb. 52; (2025); p. 9464 - 9467",2025,valid,ionic_liquid,
2357,Epichlorohydrin,"4-(chloromethyl)-1,3-dioxolan-2-one",95.0,90.0,0.10133,9.0,tetrabutylammonium bromide,,,,,,,,,,无溶剂,,,,"Reagent/catalyst Qin, Xiaohan;Shen, Simin;Xu, Mengling;Xu, Wangfu;Huang, Kun;Zhang, Xiang-Yu; Inorganic Chemistry; vol. 64; nb. 26; (2025); p. 13499 - 13506",2025,valid,ionic_liquid,无溶剂
2359,Epichlorohydrin,"4-(chloromethyl)-1,3-dioxolan-2-one",94.0,100.0,2.10003,3.0,tetrabutylammonium bromide,,,,,,,,,,,,,,"Kumar, Subodh; Jain, Suman L.; Sain, Bir; Tetrahedron Letters; vol. 52; nb. 51; (2011); p. 6957 - 6959",2011,valid,ionic_liquid,
2360,Epichlorohydrin,"4-(chloromethyl)-1,3-dioxolan-2-one",94.0,90.0,6.00009,4.0,potassium iodide,,,,,,,,,,,,,,"Song, Jinliang; Zhang, Binbin; Jiang, Tao; Yang, Guanying; Han, Buxing; Frontiers of Chemistry in China; vol. 6; nb. 1; (2011); p. 21 - 30",2011,valid,metal_halide,
2361,Epichlorohydrin,"4-(chloromethyl)-1,3-dioxolan-2-one",94.0,50.0,5.00008,3.0,tetraethylammonium bromide,,,,,,,,,,,,,,"Kumar, Subodh; Jain, Suman L.; Sain, Bir; Catalysis Letters; vol. 142; nb. 5; (2012); p. 615 - 618",2012,valid,ionic_liquid,
2364,Epichlorohydrin,"4-(chloromethyl)-1,3-dioxolan-2-one",94.0,120.0,1.70003,12.0,sodium bromide,,,,,,,,,,,,,,"Maeda, Chihiro; Taniguchi, Tomoya; Ogawa, Kanae; Ema, Tadashi; Angewandte Chemie - International Edition; vol. 54; nb. 1; (2015); p. 134 - 138; Angew. Chem.; vol. 127; nb. 1; (2015); p. 136 - 140,5; Angewandte Chemie; vol. 127; nb. 1; (2015); p. 136 - 140,5",2015,valid,metal_halide,
2366,Epichlorohydrin,"4-(chloromethyl)-1,3-dioxolan-2-one",94.7,20.0,0.10133,48.0,tetrabutylammonium bromide,,,,,,,,,,,,,,"Wang, Shaolei; Song, Kunpeng; Zhang, Chengxin; Shu, Yu; Li, Tao; Tan, Bien; Journal of Materials Chemistry A; vol. 5; nb. 4; (2017); p. 1509 - 1515",2017,valid,ionic_liquid,
2369,Epichlorohydrin,"4-(chloromethyl)-1,3-dioxolan-2-one",94.7,20.0,0.15,1.0,1-ethyl-1-methylpyrrolidinium bromide,,,,,,,,,,,,,,"Catalytic behavior Lu, Jingkun; Ma, Xinyi; Singh, Vikram; Zhang, Yujiao; Wang, Ping; Feng, Junwei; Ma, Pengtao; Niu, Jin‐ gyang; Wang, Jingping; Inorganic Chemistry; vol. 57; nb. 23; (2018); p. 14632 - 14643",2018,valid,unknown,
2370,Epichlorohydrin,"4-(chloromethyl)-1,3-dioxolan-2-one",94.0,25.0,0.1,24.0,tetrabutylammonium bromide,,,,,,,,,,无溶剂,,,,"Gaona, Miguel A.; De La Cruz-Martínez, Felipe; Fernández-Baeza, Juan; Sánchez-Barba, Luis F.; Alonso-Mor‐ eno, Carlos; Rodríguez, Ana M.; Rodríguez-Diéguez, Antonio; Castro-Osma, José A.; Otero, Antonio; Lara- Sánchez, Agustín; Dalton Transactions; vol. 48; nb. 13; (2019); p. 4218 - 4227",2019,valid,ionic_liquid,无溶剂
2371,Epichlorohydrin,"4-(chloromethyl)-1,3-dioxolan-2-one",94.6,100.0,2.00003,9.0,tetrabutylammonium bromide,,,,,,,,,,无溶剂,,,,"Cho, Kyoungil; Lee, Sang Moon; Kim, Hae Jin; Ko, Yoon-Joo; Kang, Eun Joo; Son, Seung Uk; Chemistry - A European Journal; vol. 26; nb. 4; (2020); p. 788 - 794",2020,valid,ionic_liquid,无溶剂
2374,Epichlorohydrin,"4-(chloromethyl)-1,3-dioxolan-2-one",94.0,70.0,0.6,8.0,imidazolium,,,,,,,,,,,,,,PatentNANJING UNIVERSITY OF TECHNOLOGY; NANJING TECH UNIVERSITYNanjing Tech University; CN113045533; (2021); (A) ChineseNANJING TECH UNIVERSITY,2021,valid,ionic_liquid,
2375,Epichlorohydrin,"4-(chloromethyl)-1,3-dioxolan-2-one",94.0,120.0,0.80001,2.0,tetrabutylammonium bromide,,,,,,,,,,无溶剂,,,,"Chen, Changjuan;Zhang, Aijiang; New Journal of Chemistry; vol. 45; nb. 43; (2021); p. 20155 - 20163",2021,valid,ionic_liquid,无溶剂
2376,Epichlorohydrin,"4-(chloromethyl)-1,3-dioxolan-2-one",94.0,60.0,0.2,6.0,tetrabutylammonium bromide,,,,,,,,,,,,,,"Jiang, Xiaolin;Zhang, Liguang;Jiang, Shenglong;Sun, Liwei;Zou, Yaru;Li, Yuehui; Applied Catalysis A: Gener‐ al; vol. 695; (2025); Art.No: 120170",2025,valid,ionic_liquid,
2377,Epichlorohydrin,"4-(chloromethyl)-1,3-dioxolan-2-one",94.2,90.0,1.00001,18.0,tetrabutylammonium bromide,,,,,,,,,,无溶剂,,,,Reagent/catalyst PatentUNIWERSYTET WARSZAWSKI; UNIVERSITY OF WARSAWUniversity of Warsaw; WO2025/120614; (2025); (A1) EnglishUNIVERSITY OF WARSAW,2025,valid,ionic_liquid,无溶剂
2378,Epichlorohydrin,"4-(chloromethyl)-1,3-dioxolan-2-one",94.0,60.0,0.1,10.0,tetrabutylammonium bromide,,,,,,,,,,无溶剂,,,,"Chowdhury, Rhitwika;Jegadeesan, Sundharrajan;Sachan, Sharad Kumar;Anantharaman, Ganapathi; Inorgan‐ ic Chemistry; vol. 64; nb. 49; (2025); p. 24032 - 24045",2025,valid,ionic_liquid,无溶剂
2379,Epichlorohydrin,"4-(chloromethyl)-1,3-dioxolan-2-one",93.0,110.0,7.49996,24.0,bromopentacarbonylrhenium,,,,,,,,,,,,,,"Jiang, Jia-Li; Gao, Feixue; Hua, Ruimao; Qiu, Xianqing; Journal of Organic Chemistry; vol. 70; nb. 1; (2005); p. 381 - 383",2005,valid,unknown,
2380,Epichlorohydrin,"4-(chloromethyl)-1,3-dioxolan-2-one",93.0,50.0,0.1,12.0,tetrabutylammonium bromide,,,,,,,,,,,,,,"Song, Jinliang; Zhang, Zhaofu; Hu, Suqin; Wu, Tianbin; Jiang, Tao; Han, Buxing; Green Chemistry; vol. 11; nb. 7; (2009); p. 1031 - 1036",2009,valid,ionic_liquid,
2381,Epichlorohydrin,"4-(chloromethyl)-1,3-dioxolan-2-one",93.1,25.0,1.00001,24.0,phenyltrimethylammonium tribromide,,,,,,,,,,,,,,"Bai, Dongsheng; Wang, Qiong; Song, Yingying; Li, Bo; Jing, Huanwang; Catalysis Communications; vol. 12; nb. 7; (2011); p. 684 - 688",2011,valid,unknown,
2382,Epichlorohydrin,"4-(chloromethyl)-1,3-dioxolan-2-one",93.0,90.0,0.10133,24.0,triethylamine,,,,,,,,,,,,,,"Gong, Qing; Luo, Huadong; Cao, Di; Zhang, Haibo; Wang, Wenjing; Zhou, Xiaohai; Bulletin of the Korean Chemical Society; vol. 33; nb. 6; (2012); p. 1945 - 1948",2012,valid,organic_base,
2383,Epichlorohydrin,"4-(chloromethyl)-1,3-dioxolan-2-one",93.0,0.0,0.80001,1.5,tetra-(n-butyl)ammonium iodide,,,,,,,,,,,,,,"Green chemistry Bai, Dongsheng; Jing, Huanwang; Wang, Guangjian; Applied Organometallic Chemistry; vol. 26; nb. 11; (2012); p. 600 - 603",2012,valid,unknown,
2386,Epichlorohydrin,"4-(chloromethyl)-1,3-dioxolan-2-one",93.0,140.0,1.00001,6.0,imidazolium,,,,,,,,,,,,,,"Qin, Li; Wang, Binshen; Zhang, Yongya; Chen, Li; Gao, Guohua; Chemical Communications; vol. 53; nb. 26; (2017); p. 3785 - 3788",2017,valid,ionic_liquid,
2388,Epichlorohydrin,"4-(chloromethyl)-1,3-dioxolan-2-one",93.0,50.0,0.1,24.0,tetra-(n-butyl)ammonium iodide,,,,,,,,,,无溶剂,,,,"Glovebox, Reagent/catalyst Rios Yepes, Yersica; Quintero, Celso; Osorio Meléndez, Danay; Daniliuc, Constantin G.; Martínez, Javier; Ro‐ jas, René S.; Organometallics; vol. 38; nb. 2; (2019); p. 469 - 478",2019,valid,unknown,无溶剂
2389,Epichlorohydrin,"4-(chloromethyl)-1,3-dioxolan-2-one",93.0,70.0,0.1,24.0,tetra-(n-butyl)ammonium iodide,,,,,,,,,,无溶剂,,,,"Mesías-Salazar, ángela; Martínez, Javier; Rojas, René S.; Carrillo-Hermosilla, Fernando; Ramos, Alberto; Fernández-Galán, Rafael; Anti?olo, Antonio; Catalysis science and technology; vol. 9; nb. 15; (2019); p. 3879 - 3886",2019,valid,unknown,无溶剂
2393,Epichlorohydrin,"4-(chloromethyl)-1,3-dioxolan-2-one",93.0,100.0,,12.0,tetrabutylammonium bromide,,,,,,,,,,water,ethyl acetate,,,"The general procedure for the coupling reaction of styreneoxide and CO2 In a typical reaction, CO2 (balloon) and styrene oxide (5 mmol)was mixed with rhodamine B (0.5 mmol), TBAB (0.5 mmol) in a 25 mL in a glass tubular reactor equipped with a magnetic stir bar.And then, the mixture was stirred at 100 C for 12 h. After the reaction,the mixture was diluted with H2O (10 mL), and extractedwith ethyl acetate (3 x 20 mL). The combined organic phases werewashed with water and brine, dried over anhydrous Na2SO4, andconcen‐ trated in vacuo. The residue was purified by flash columnchromatograph on silica gel to afford the target product 2a. Synthesisof other compounds 2b-2o was performed by an analogousprocedure. With tetrabutylammomium bromide, rhodamine B, Time= 12h, T= 100 °C Wu, Feng-tian; Wu, Ling; Cui, Chun-na; Tetrahedron; vol. 83; (2021)",2021,valid,ionic_liquid,water; ethyl acetate
2396,Epichlorohydrin,"4-(chloromethyl)-1,3-dioxolan-2-one",93.5,25.0,0.1,12.0,tetrabutylammonium bromide,,,,,,,,,,acetonitrile,,,,"Gao, Haiyun;Du, Longchao;Wei, Yongwang; Inorganic Chemistry; vol. 64; nb. 15; (2025); p. 7508 - 7520",2025,valid,ionic_liquid,acetonitrile
2398,Epichlorohydrin,"4-(chloromethyl)-1,3-dioxolan-2-one",93.0,80.0,0.1,18.0,tetra-(n-butyl)ammonium iodide,,pyridine,,,,,,,,无溶剂,,,,"Mishra, Veenu;Kediya, Siddhi;Goud, Devender;Deka, Diku Raj;Chakraborty, Subhajit;Peter, Sebastian C.; Chemical Science; (2025)",2025,valid,organic_base,无溶剂
2399,Epichlorohydrin,"4-(chloromethyl)-1,3-dioxolan-2-one",93.0,90.0,0.1,8.0,tetrabutylammonium bromide,,,,,,,,,,ethanol,,,,"Zhang, Aixin;Zhang, Han;Jiang, Guiyuan;Liu, Fusheng;Liu, Mengshuai;Wu, Mingbo; ACS Catalysis; vol. 16; nb. 1; (2026); p. 775 - 791",2026,valid,ionic_liquid,ethanol
2400,Epichlorohydrin,"4-(chloromethyl)-1,3-dioxolan-2-one",93.5,25.0,0.1,,tetrabutylammonium bromide,,,,,,,,,,acetonitrile,,,,"Catalytic behavior Xu, Chaohua;Du, Longchao; Inorganic Chemistry; vol. 65; nb. 5; (2026); p. 3061 - 3071",2026,valid,ionic_liquid,acetonitrile
2401,Epichlorohydrin,"4-(chloromethyl)-1,3-dioxolan-2-one",92.0,120.0,0.34001,3.0,tetrabutylammonium chloride,,,,,,,,,,,,,,"Dharman, Manju Mamparambath; Yu, Jeong-In; Ahn, Ji-Yeon; Park, Dae-Won; Green Chemistry; vol. 11; nb. 11; (2009); p. 1754 - 1757",2009,valid,ionic_liquid,
2402,Epichlorohydrin,"4-(chloromethyl)-1,3-dioxolan-2-one",92.0,80.0,0.101325,24.5,imidazolium chloride,,zinc dibromide,,imidazolium,,,,,,,,,,"With potassium carbonate, zinc dibromide, 1,3-bis[2,6-diisopropylphenyl]imidazolium chloride in dimethyl sulfoxide, Time= 24.5h, T= 80 °C , Schlenk technique, Inert atmosphere Kim, Seung Hyo; Kim, Kwang Hee; Hong, Soon Hyeok; Angewandte Chemie - International Edition; vol. 53; nb. 3; (2014); p. 771 - 774; Angew. Chem.; vol. 126; nb. 3; (2014); p. 790 - 793",2014,valid,mixed_system,
2403,Epichlorohydrin,"4-(chloromethyl)-1,3-dioxolan-2-one",92.0,120.0,1.20002,9.0,tetrabutylammonium bromide,,,,,,,,,,无溶剂,,,,"Auto‐ clave Bai, Dongsheng; Wang, Guangjian; Ma, Fang; Wang, Juangang; Wang, Kuai; Yang, Zijing; Journal of Pharma‐ cy and Pharmacology; vol. 28; nb. 11; (2014); p. 814 - 817",2014,valid,ionic_liquid,无溶剂
2404,Epichlorohydrin,"4-(chloromethyl)-1,3-dioxolan-2-one",92.0,120.0,1.20002,9.0,tetrabutylammonium bromide,,,,,,,,,,,,,,"Catalytic behavior Bai, Dongsheng; Wang, Guangjian; Ma, Fang; Wang, Juangang; Wang, Kuai; Yang, Zijing; Applied Organome‐ tallic Chemistry; vol. 28; nb. 11; (2014); p. 814 - 817",2014,valid,ionic_liquid,
2405,Epichlorohydrin,"4-(chloromethyl)-1,3-dioxolan-2-one",92.4,80.0,1.20002,6.0,tetrabutylammonium chloride,0.3,tetrabutylammonium bromide,0.3,tetrabutylammonium iodide,0.3,,,,,methanol,toluene,,,"Auto‐ clave, Catalytic behavior, Reagent/catalyst, Pressure Kim, Han-Ung; Babu, Robin; Roshan, Roshith; Park, Dae-Won; Applied Catalysis A: General; vol. 538; (2017); p. 59 - 65",2017,valid,ionic_liquid,methanol; toluene
2406,Epichlorohydrin,"4-(chloromethyl)-1,3-dioxolan-2-one",92.5,80.0,2.00003,48.0,tetrabutylammonium bromide,,,,,,,,,,,,,,"Li, Bin; Inorganic Chemistry Communications; vol. 88; (2018); p. 56 - 59",2018,valid,ionic_liquid,
2407,Epichlorohydrin,"4-(chloromethyl)-1,3-dioxolan-2-one",92.0,120.0,3.00005,5.0,tetrabutylammonium bromide,,,,,,,,,,,,,,"Wang, Wenlong; Li, Cunyao; Jin, Jutao; Yan, Li; Ding, Yunjie; Dalton Transactions; vol. 47; nb. 37; (2018); p. 13135 - 13141",2018,valid,ionic_liquid,
2409,Epichlorohydrin,"4-(chloromethyl)-1,3-dioxolan-2-one",92.0,20.0,1.00001,24.0,tetrabutylammonium bromide,,,,,,,,,,无溶剂,,,,"Jiang, Hong; Chen, Kai-Jie; Zheng, Fan-Fan; Chen, Xu; Liu, Yan; Cui, Yong; Chemical Communications; vol. 55; nb. 59; (2019); p. 8639 - 8642",2019,valid,ionic_liquid,无溶剂
2410,Epichlorohydrin,"4-(chloromethyl)-1,3-dioxolan-2-one",92.0,120.0,3.00005,20.0,imidazolium,,,,,,,,,,,,,,"Catalytic behavior Zhang, Wenli; Ma, Fangpei; Ma, Long; Zhou, Yu; Wang, Jun; ChemSusChem; vol. 13; nb. 2; (2020); p. 341 - 350",2020,valid,ionic_liquid,
2413,Epichlorohydrin,"4-(chloromethyl)-1,3-dioxolan-2-one",92.0,25.0,1.00001,24.0,1-hexyl-3-methylimidazolium hydrogencarbonate,,imidazolium,,,,,,,,,,,,"Au‐ toclave, Green chemistry Liu, Jia;Yang, Guoqiang;Liu, Ying;Zhang, Dejin;Hu, Xingbang;Zhang, Zhibing; Green Chemistry; vol. 22; nb. 14; (2020); p. 4509 - 4515",2020,valid,ionic_liquid,
2414,Epichlorohydrin,"4-(chloromethyl)-1,3-dioxolan-2-one",92.0,120.0,5.20008,16.0,18-crown-6 ether,,,,,,,,,,,,,,"Motokucho, Suguru; Morikawa, Hiroshi; Chemical Communications; vol. 56; nb. 73; (2020); p. 10678 - 10681",2020,valid,unknown,
2416,Epichlorohydrin,"4-(chloromethyl)-1,3-dioxolan-2-one",92.0,60.0,0.10133,24.0,tetrabutylammonium bromide,,,,,,,,,,无溶剂,,,,"Mechanism, Reagent/catalyst, Temperature, Pressure Gabov;Kuznetsov;Puzyrev;Pestov; Russian Chemical Bulletin; vol. 70; nb. 6; (2021); p. 1118 - 1123; Izv. Akad. Nauk, Ser. Khim.; nb. 6; (2021); p. 1118 - 1123",2021,valid,ionic_liquid,无溶剂
2418,Epichlorohydrin,"4-(chloromethyl)-1,3-dioxolan-2-one",92.0,120.0,0.1,12.0,tetrabutylammonium bromide,,,,,,,,,,water,dichloromethane,THF,,"Inert atmosphere, Schlenk technique Ju, Pengyao;Qi, Wei;Guo, Bixuan;Liu, Wanting;Wu, Qiaolin;Su, Qing; Catalysis Letters; vol. 153; nb. 7; (2023); p. 2125 - 2136",2023,valid,ionic_liquid,water; dichloromethane; THF
2419,Epichlorohydrin,"4-(chloromethyl)-1,3-dioxolan-2-one",92.0,70.0,0.1,24.0,tetrabutylammonium bromide,,,,,,,,,,,,,,"Liu, Nana;Li, Yongfei;Zheng, Jun;Liu, Baojie;Liu, Guang-Ning;Wang, Yong;Wang, Suna; Inorganic Chemistry; vol. 64; nb. 9; (2025); p. 4534 - 4543",2025,valid,ionic_liquid,
2420,Epichlorohydrin,"4-(chloromethyl)-1,3-dioxolan-2-one",92.0,70.0,0.10133,24.0,tetrabutylammonium bromide,,,,,,,,,,DMF,,,,"Catalytic be‐ havior Eskemech, Alehegn;Bhakhar, Rubi;Biswas, Pritam;Karmakar, Anirban;Krishnan, Venkata;Koner, Rik Rani; Langmuir; vol. 41; nb. 29; (2025); p. 19101 - 19110",2025,valid,ionic_liquid,DMF
2421,Epichlorohydrin,"4-(chloromethyl)-1,3-dioxolan-2-one",92.0,120.0,2.00003,6.0,potassium iodide,,,,,,,,,,无溶剂,,,,"Yu, Fang-Yu;Xu, Li-Feng;Wu, An-Guo;Zhao, Man;Li, Hong-Ru;He, Liang-Nian; ChemCatChem; vol. 17; nb. 24; (2025); Art.No: e01364",2025,valid,metal_halide,无溶剂
2422,Epichlorohydrin,"4-(chloromethyl)-1,3-dioxolan-2-one",92.0,80.0,0.1,10.0,tetrabutylammonium bromide,,,,,,,,,,无溶剂,,,,"Yue, Tian-Cai;Zeng, Tao;Abdukader, Ablimit;Wang, Xin-Fang;Wang, Lu-Lu;Wang, Duo-Zhi; Crystal Growth and Design; vol. 25; nb. 23; (2025); p. 10143 - 10154",2025,valid,ionic_liquid,无溶剂
2423,Epichlorohydrin,"4-(chloromethyl)-1,3-dioxolan-2-one",92.0,25.0,,48.0,tetrabutylammonium bromide,,,,,,,,,,,,,,"With tetrabutylammomium bromide, Time= 48h, T= 25 °C , Irradiation, Reagent/catalyst Liu, Hao;Li, Yanle;Qian, Yunyang;Tong, Yansi;Yang, Qihao;Wang, Jungang;Su, Desheng;Zhao, Yayun;Tian, Ziqi;Lu, Zhiyi;Jiang, Hai-Long;Chen, Liang; Angewandte Chemie - International Edition; vol. 65; nb. 7; (2026); Art.No: e25369; Angew. Chem.; vol. 138; nb. 7; (2026)",2026,valid,ionic_liquid,
2427,Epichlorohydrin,"4-(chloromethyl)-1,3-dioxolan-2-one",91.0,100.0,1.00001,3.0,potassium iodide,,18-crown-6 ether,,,,,,,,,,,,"Desens, Willi; Werner, Thomas; Advanced Synthesis and Catalysis; vol. 358; nb. 4; (2016); p. 622 - 630",2016,valid,metal_halide,
2429,Epichlorohydrin,"4-(chloromethyl)-1,3-dioxolan-2-one",91.0,25.0,0.1,24.0,tetrabutylammonium bromide,,,,,,,,,,无溶剂,,,,"Castro-Osma, José A.; Lamb, Katie J.; North, Michael; ACS Catalysis; vol. 6; nb. 8; (2016); p. 5012 - 5025",2016,valid,ionic_liquid,无溶剂
2430,Epichlorohydrin,"4-(chloromethyl)-1,3-dioxolan-2-one",91.0,80.0,2.00003,18.0,tetra-(n-butyl)ammonium iodide,,,,,,,,,,,,,,"Catalytic behavior, Pres‐ sure, Time, Temperature Zhang, Xiao; Lv, Yan-Zong; Liu, Xiao-Liang; Du, Guo-Jing; Yan, Shi-Hao; Liu, Jian; Zhao, Zhen; RSC Advan‐ ces; vol. 6; nb. 80; (2016); p. 76957 - 76963",2016,valid,unknown,
2432,Epichlorohydrin,"4-(chloromethyl)-1,3-dioxolan-2-one",91.0,70.0,1.00001,16.0,tetrabutylammonium bromide,,,,,,,,,,无溶剂,,,,"Martínez, Javier; Fernández-Baeza, Juan; Sánchez-Barba, Luis F.; Castro-Osma, José A.; Lara-Sánchez, Agustín; Otero, Antonio; ChemSusChem; vol. 10; nb. 14; (2017); p. 2886 - 2890",2017,valid,ionic_liquid,无溶剂
2433,Epichlorohydrin,"4-(chloromethyl)-1,3-dioxolan-2-one",91.0,140.0,1.00001,8.0,tetra-n-propylammonium bromide,,,,,,,,,,,,,,"Zhao, Qing-Ning; Song, Qing-Wen; Liu, Ping; Zhang, Qian-Xia; Gao, Jun-Hua; Zhang, Kan; Chinese Journal of Chemistry; vol. 36; nb. 3; (2018); p. 187 - 193",2018,valid,ionic_liquid,
2435,Epichlorohydrin,"4-(chloromethyl)-1,3-dioxolan-2-one",91.0,150.0,4.00006,3.0,imidazolium,,,,,,,,,,,,,,"Temperature Calabrese, Carla; Fusaro, Luca; Liotta, Leonarda Francesca; Giacalone, Francesco; Comès, Adrien; Campis‐ ciano, Vincenzo; Aprile, Carmela; Gruttadauria, Michelangelo; ChemPlusChem; vol. 84; nb. 10; (2019); p. 1536 -1543",2019,valid,ionic_liquid,
2436,Epichlorohydrin,"4-(chloromethyl)-1,3-dioxolan-2-one",91.0,60.0,0.1,24.0,tetra-(n-butyl)ammonium iodide,,,,,,,,,,,,,,"Sodpiban, Ounjit; Del Gobbo, Silvano; Barman, Samir; Aomchad, Vatcharaporn; Kidkhunthod, Pinit; Ould- Chikh, Samy; Poater, Albert; D'Elia, Valerio; Basset, Jean-Marie; Catalysis science and technology; vol. 9; nb. 21; (2019); p. 6152 - 6165",2019,valid,unknown,
2437,Epichlorohydrin,"4-(chloromethyl)-1,3-dioxolan-2-one",91.0,120.0,1.00001,24.0,imidazolium,,,,,,,,,,无溶剂,,,,"Zhang, Yan; Hu, Hui; Ju, Jia; Yan, Qianqian; Arumugam, Vasanthakumar; Jing, Xuechao; Cai, Huaqiang; Gao, Yanan; Cuihua Xuebao/Chinese Journal of Catalysis; vol. 41; nb. 3; (2020); p. 485 - 493",2020,valid,ionic_liquid,无溶剂
2441,Epichlorohydrin,"4-(chloromethyl)-1,3-dioxolan-2-one",91.0,70.0,0.1,24.0,tetra-(n-butyl)ammonium iodide,,,,,,,,,,无溶剂,,,,"Glovebox Rios Yepes, Yersica; Mesías-Salazar, ángela; Becerra, Alexandra; Daniliuc, Constantin G.; Ramos, Alberto; Fernández-Galán, Rafael; Rodríguez-Diéguez, Antonio; Anti?olo, Antonio; Carrillo-Hermosilla, Fernando; Ro‐ jas, René S.; Organometallics; vol. 40; nb. 16; (2021); p. 2859 - 2869",2021,valid,unknown,无溶剂
2442,Epichlorohydrin,"4-(chloromethyl)-1,3-dioxolan-2-one",91.0,50.0,0.30001,7.0,tetrabutylammonium bromide,,,,,,,,,,water,acetone,ethyl acetate,hexane,"Moeinpour, Farid;Khalifeh, Reza;Rajabzadeh, Maryam;Rezaei, Fahimeh;Javdan, Samaneh; Catalysis Letters; vol. 152; nb. 12; (2022); p. 3679 - 3690",2022,valid,ionic_liquid,water; acetone; ethyl acetate; hexane
2444,Epichlorohydrin,"4-(chloromethyl)-1,3-dioxolan-2-one",91.0,100.0,,8.0,tetrabutylammonium bromide,,,,,,,,,,无溶剂,,,,"With tetrabutylammomium bromide in neat (no solvent), Time= 8h, T= 100 °C Erfani-Ghorbani, Reza;Eshghi, Hossein;Shiri, Ali; RSC Advances; vol. 15; nb. 10; (2025); p. 7236 - 7247",2025,valid,ionic_liquid,无溶剂
2445,Epichlorohydrin,"4-(chloromethyl)-1,3-dioxolan-2-one",91.0,60.0,1.01332,7.0,zinc dibromide,,,,,,,,,,water,ethyl acetate,hexane,,"Khalaj, Mehdi;Bakhtiari, Maryam;Musavi Safavi, Seyed Mahmoud;Ghashang, Majid; Reactive and Functional Polymers; vol. 220; (2026); Art.No: 106609",2026,valid,metal_halide,water; ethyl acetate; hexane
2446,Epichlorohydrin,"4-(chloromethyl)-1,3-dioxolan-2-one",91.0,80.0,,8.0,tetrabutylammonium bromide,,,,,,,,,,无溶剂,,,,"With tetrabutylammomium bromide, C 44H68Er6N16O33 (4+)*16H2O in neat (no solvent), Time= 8h, T= 80 °C Liu, Bo-Yu;Abdukader, Ablimit;Huang, Jian-Bo;Wang, Lu-Lu;Wang, Duo-Zhi; Dalton Transactions; vol. 55; nb. 5; (2026); p. 2312 - 2317",2026,valid,ionic_liquid,无溶剂
2447,Epichlorohydrin,"4-(chloromethyl)-1,3-dioxolan-2-one",90.6,20.0,2.00003,13.0,potassium iodide,,,,,,,,,,,,,,"Qu, Jin; Cao, Chang-Yan; Dou, Zhi-Feng; Liu, Hua; Yu, Yu; Li, Ping; Song, Wei-Guo; ChemSusChem; vol. 5; nb. 4; (2012); p. 652 - 655",2012,valid,metal_halide,
2448,Epichlorohydrin,"4-(chloromethyl)-1,3-dioxolan-2-one",90.0,80.0,0.101325,24.0,imidazolium chloride,,zinc dibromide,,imidazolium,,,,,,,,,,"With potassium carbonate, zinc dibromide, 1,3-bis[2,6-diisopropylphenyl]imidazolium chloride in dimethyl sulfoxide, Time= 24h, T= 80 °C , Inert atmosphere Liu, Xiang; Cao, Changsheng; Li, Yunfei; Guan, Pei; Yang, Longguang; Shi, Yanhui; Synlett; vol. 23; nb. 9; (2012); p. 1343 - 1348",2012,valid,mixed_system,
2450,Epichlorohydrin,"4-(chloromethyl)-1,3-dioxolan-2-one",90.0,80.0,0.50666,5.0,tetra-(n-butyl)ammonium iodide,,,,,,,,,,,,,,"Mamone, Marius; Milcent, Thierry; Crousse, Benoit; Chemical Communications; vol. 51; nb. 64; (2015); p. 12736 -12739",2015,valid,unknown,
2451,Epichlorohydrin,"4-(chloromethyl)-1,3-dioxolan-2-one",90.0,80.0,1.00001,14.0,potassium iodide,,,,,,,,,,,,,,"Desens, Willi; Kohrt, Christina; Frank, Marcus; Werner, Thomas; ChemSusChem; vol. 8; nb. 22; (2015); p. 3815 -3822",2015,valid,metal_halide,
2452,Epichlorohydrin,"4-(chloromethyl)-1,3-dioxolan-2-one",90.2,130.0,3.00005,5.0,"1,8-diazabicyclo[5.4.0]undec-7-ene",,,,,,,,,,,,,,"Chen, Angjun; Chen, Chen; Xiu, Yuhe; Liu, Xuerui; Chen, Jizhong; Guo, Li; Zhang, Ran; Hou, Zhenshan; Green Chemistry; vol. 17; nb. 3; (2015); p. 1842 - 1852",2015,valid,unknown,
2453,Epichlorohydrin,"4-(chloromethyl)-1,3-dioxolan-2-one",90.0,70.0,0.50001,18.0,ethylenediaminetetraacetic acid,,tetrabutylammonium bromide,,,,,,,,water,ethyl acetate,,,"Auto‐ clave Liu, Xiao-Fang; Song, Qing-Wen; Zhang, Shuai; He, Liang-Nian; Catalysis Today; vol. 263; (2016); p. 69 - 74",2016,valid,ionic_liquid,water; ethyl acetate
2454,Epichlorohydrin,"4-(chloromethyl)-1,3-dioxolan-2-one",90.0,130.0,8.00012,12.0,pyridine,,,,,,,,,,water,,,,Sealed tube PatentDALIAN INST CHEMICAL PHYSICS CAS; DALIAN INSTITUTE OF CHEMICAL PHYSICS; CN105712971; (2016); (A) EnglishDalian Institute of Chemical Physics (in: CAS); CHINESE ACADEMY OF SCIENCES,2016,valid,organic_base,water
2455,Epichlorohydrin,"4-(chloromethyl)-1,3-dioxolan-2-one",90.0,25.0,0.10133,24.0,(triphenylphosphoranylidene)acetaldehyde,,Jacobsen Co-salen,,salen,,,,,,无溶剂,,,,"Zhou, Feng; Xie, Shi-Liang; Gao, Xiao-Tong; Zhang, Rong; Wang, Cui-Hong; Yin, Guang-Qiang; Zhou, Jian; Green Chemistry; vol. 19; nb. 16; (2017); p. 3908 - 3915",2017,valid,unknown,无溶剂
2456,Epichlorohydrin,"4-(chloromethyl)-1,3-dioxolan-2-one",90.0,30.0,0.1,20.0,pyridine,,,,,,,,,,,,,,"Tempera‐ ture Yuan, Guangfeng; Zhao, Yanfei; Wu, Yunyan; Li, Ruipeng; Chen, Yu; Xu, Dongmei; Liu, Zhimin; Science China Chemistry; vol. 60; nb. 7; (2017); p. 958 - 963",2017,valid,organic_base,
2457,Epichlorohydrin,"4-(chloromethyl)-1,3-dioxolan-2-one",90.0,20.0,0.101325,6.0,N-trimethylethan-1-aminium iodide,,,,,,,,,,,,,,"With 2-(bis(5-(tert butyl)-2-hydroxybenzyl)amino)-N,N,N-trimethylethan-1-aminium iodide, Time= 6h, T= 20 °C , Inert atmosphere, Schlenk technique Hong, Mannkyu; Kim, Yoseph; Kim, Hyejin; Cho, Hee Jin; Baik, Mu-Hyun; Kim, Youngjo; Journal of Organic Chemistry; vol. 83; nb. 16; (2018); p. 9370 - 9380",2018,valid,unknown,
2458,Epichlorohydrin,"4-(chloromethyl)-1,3-dioxolan-2-one",90.0,25.0,0.10133,48.0,tetrabutylammonium bromide,,,,,,,,,,,,,,"Ng, Chee Koon; Toh, Ren Wei; Lin, Ting Ting; Luo, He-Kuan; Hor, T. S. Andy; Wu, Jie; Chemical Science; vol. 10; nb. 5; (2019); p. 1549 - 1554",2019,valid,ionic_liquid,
2459,Epichlorohydrin,"4-(chloromethyl)-1,3-dioxolan-2-one",90.0,40.0,,16.0,tetra-(n-butyl)ammonium iodide,,,,,,,,,,acetonitrile,,,,"2.1.2. Synthesis of cyclic carbonates General procedure: Propylene oxide (2 mmol), L-Serine(at)ZnO (10 wt%), TBAI (10 mol%), Acetonitrile (5 mL) were taken in Schlenk tube and CO2 (balloon)was introduced and reaction was heated to desired temperature thenstirred for 16 h, cooled it to the room temperature, the AAs(at)ZnO wasregained by centrifugation, dried and reused for next recycled run. Theremaining solvent was concentrated in vacuo and product was separatedby column chromatogra‐ phy and analysed by using the GC as wellas GCMS and NMR analysis. With tetra-(n-butyl)ammonium iodide in acetonitrile, Time= 16h, T= 40 °C , Schlenk technique Phatake, Vishal V.;Ahire, Jayendra P.;Bhanage, Bhalchandra M.S2468823120302613; Molecular catalysis; vol. 492; (2020); Art.No: 111000",2020,valid,unknown,acetonitrile
2460,Epichlorohydrin,"4-(chloromethyl)-1,3-dioxolan-2-one",90.0,60.0,1.00001,16.0,pyridine,,,,,,,,,,无溶剂,,,,"Autoclave, Catalytic behavior, Reagent/catalyst, Temperature, Pressure Azzouz, Rabah;Contreras Moreno, Viviana;Herasme-Grullon, Clara;Levacher, Vincent;Estel, Lionel;Ledoux, Alain;Derrouiche, Salim;Marsais, Francis;Bischoff, Laurent; Synlett; vol. 31; nb. 2; (2020); p. 183 - 188; Art.No: st-2019-d0454-l",2020,valid,organic_base,无溶剂
2461,Epichlorohydrin,"4-(chloromethyl)-1,3-dioxolan-2-one",90.0,80.0,0.30001,2.5,tetrabutylammonium bromide,,,,,,,,,,无溶剂,,,,"Taghavi, Faezeh; Khojastehnezhad, Amir; Khalifeh, Reza; Rajabzadeh, Maryam; Rezaei, Fahimeh; Abnous, Khalil; Taghdisi, Seyed Mohammad; New Journal of Chemistry; vol. 45; nb. 34; (2021); p. 15405 - 15414",2021,valid,ionic_liquid,无溶剂
2462,Epichlorohydrin,"4-(chloromethyl)-1,3-dioxolan-2-one",90.0,120.0,2.00003,4.0,tetrabutylammonium bromide,,,,,,,,,,,,,,"Reagent/catalyst, Temperature, Pressure, Time He, Wenfang;Wen, Mingshan;Shi, Lijun;Wang, Rongmin;Li, FuweiS0022459622000895; Journal of Solid State Chemistry; vol. 309; (2022); Art.No: 122965",2022,valid,ionic_liquid,
2463,Epichlorohydrin,"4-(chloromethyl)-1,3-dioxolan-2-one",90.3,100.0,1.60002,2.0,lithium bromide,,DMAP,,,,,,,,,,,,"Reagent/catalyst Aytar, Emine;Arici, Mürsel; Journal of Molecular Structure; vol. 1334; (2025); Art.No: 141763",2025,valid,mixed_system,
2464,Epichlorohydrin,"4-(chloromethyl)-1,3-dioxolan-2-one",90.0,80.0,,9.0,tetrabutylammonium bromide,,,,,,,,,,,,,,"6 : Example 6 As in the embodiment 2, alkylene carbonate was prepared and separated from carbon dioxide in the air, but tetrabu‐ tylammonium bromide (TBAB) was used as a catalyst, and alkylene carbonate was prepared using the compounds in Table 6 below as alkylene oxide. With tetrabutylammomium bromide in diethylene glycol dimethyl ether, Time= 9h, T= 80 °C , Reagent/catalyst PatentKOREA INSTITUTE OF SCIENCE AND TECHNOLOGY; KOREA INSTITUTE OF SCIENCE AND TECH‐ NOLOGYKIST Korea; WO2026/10038; (2026); (A1) KoreanKOREA INSTITUTE OF SCIENCE AND TECHNOLOGY",2026,valid,ionic_liquid,
2465,Epichlorohydrin,"4-(chloromethyl)-1,3-dioxolan-2-one",89.0,100.0,1.50002,1.0,1-butyl-3-methylimidazolium bromide,,,,,,,,,,,,,,"Li, Fuwei; Xiao, Linfei; Xia, Chungu; Hu, Bin; Tetrahedron Letters; vol. 45; nb. 45; (2004); p. 8307 - 8310",2004,valid,ionic_liquid,
2466,Epichlorohydrin,"4-(chloromethyl)-1,3-dioxolan-2-one",89.0,120.0,3.00005,1.0,pyridine,,,,,,,,,,dichloromethane,,,,"Lu, Jinni; Toy, Patrick H.; Synlett; nb. 5; (2011); p. 659 - 662; Art.No: W19910ST",2011,valid,organic_base,dichloromethane
2469,Epichlorohydrin,"4-(chloromethyl)-1,3-dioxolan-2-one",89.0,50.0,0.1,12.0,tetrabutylammonium bromide,,,,,,,,,,无溶剂,,,,"Song, Tian-Qun; Dong, Jie; Gao, Hong-Ling; Cui, Jian-Zhong; Zhao, Bin; Dalton Transactions; vol. 46; nb. 40; (2017); p. 13862 - 13868",2017,valid,ionic_liquid,无溶剂
2470,Epichlorohydrin,"4-(chloromethyl)-1,3-dioxolan-2-one",89.0,80.0,0.1,2.0,tetrabutylammonium bromide,,,,,,,,,,,,,,"Catalytic behavior Zhao, Dan; Liu, Xiao-Hui; Guo, Jin-Han; Xu, Hua-Jin; Zhao, Yue; Lu, Yi; Sun, Wei-Yin; Inorganic Chemistry; vol. 57; nb. 5; (2018); p. 2695 - 2704",2018,valid,ionic_liquid,
2471,Epichlorohydrin,"4-(chloromethyl)-1,3-dioxolan-2-one",89.0,25.0,0.1,24.0,tetra-(n-butyl)ammonium iodide,,,,,,,,,,无溶剂,,,,"Cat‐ alytic behavior, Reagent/catalyst Meléndez, Danay Osorio; Lara-Sánchez, Agustín; Martínez, Javier; Wu, Xiao; Otero, Antonio; Castro-Osma, José A.; North, Michael; Rojas, René S.; ChemCatChem; vol. 10; nb. 10; (2018); p. 2271 - 2277",2018,valid,unknown,无溶剂
2472,Epichlorohydrin,"4-(chloromethyl)-1,3-dioxolan-2-one",89.0,,0.10133,8.0,tetrabutylammonium bromide,,,,,,,,,,无溶剂,,,,"Patel, Parth; Parmar, Bhavesh; Kureshy, Rukhsana I.; Khan, Noor-Ul; Suresh, Eringathodi; ChemCatChem; vol. 10; nb. 11; (2018); p. 2401 - 2408",2018,valid,ionic_liquid,无溶剂
2473,Epichlorohydrin,"4-(chloromethyl)-1,3-dioxolan-2-one",89.0,80.0,0.80001,8.0,tetrabutylammonium bromide,,,,,,,,,,无溶剂,,,,"Patel, Parth; Parmar, Bhavesh; Kureshy, Rukhsana I.; Khan, Noor-Ul H.; Suresh, Eringathodi; Dalton Transac‐ tions; vol. 47; nb. 24; (2018); p. 8041 - 8051",2018,valid,ionic_liquid,无溶剂
2476,Epichlorohydrin,"4-(chloromethyl)-1,3-dioxolan-2-one",89.0,100.0,0.1,8.0,triethylamine,,,,,,,,,,acetonitrile,,,,"Catalytic behav‐ ior, Kinetics, Reagent/catalyst Muthuramalingam, Sethuraman; Sankaralingam, Muniyandi; Velusamy, Marappan; Mayilmurugan, Ramasa‐ my; Inorganic Chemistry; vol. 58; nb. 19; (2019); p. 12975 - 12985",2019,valid,organic_base,acetonitrile
2478,Epichlorohydrin,"4-(chloromethyl)-1,3-dioxolan-2-one",89.0,80.0,1.50002,1.0,tetrabutylammonium bromide,,,,,,,,,,无溶剂,,,,"Catalytic behavior Wang, Wenzhen; Fan, Wei; Jia, Xingang; Li, Leilei; Journal of the Chinese Chemical Society; vol. 67; nb. 8; (2020); p. 1380 - 1386",2020,valid,ionic_liquid,无溶剂
2479,Epichlorohydrin,"4-(chloromethyl)-1,3-dioxolan-2-one",89.0,24.8,0.1,24.0,tetrabutylammonium bromide,,,,,,,,,,,,,,"Catalytic behavior Ding, Shunmin; Sun, Ling; Ma, Xiaohua; Cheng, Dan; Wu, Shaohua; Zeng, Rong; Deng, Shengjun; Chen, Chao; Zhang, Ning; Catalysis Letters; vol. 150; nb. 10; (2020); p. 2970 - 2977",2020,valid,ionic_liquid,
2481,Epichlorohydrin,"4-(chloromethyl)-1,3-dioxolan-2-one",89.0,100.0,1.00001,12.0,tetrabutylammonium bromide,,,,,,,,,,,,,,PatentINST CHEMISTRY CAS; INSTITUTE OF CHEMISTRY OF CHINESE ACADEMY OF SCIENCES; CN112979606; (2021); (A) EnglishInstitute of Chemistry (in: CAS); CHINESE ACADEMY OF SCIENCES,2021,valid,ionic_liquid,
2482,Epichlorohydrin,"4-(chloromethyl)-1,3-dioxolan-2-one",89.0,,0.1,,tetrabutylammonium bromide,,,,,,,,,,,,,,"Zhang, Kuikui; Liu, Zhenbang; Liu, Ning; Applied Organometallic Chemistry; vol. 35; nb. 10; (2021); Art.No: E6347",2021,valid,ionic_liquid,
2483,Epichlorohydrin,"4-(chloromethyl)-1,3-dioxolan-2-one",89.6,100.0,1.60002,2.0,DMAP,,,,,,,,,,,,,,"Catalytic behavior, Reagent/catalyst Sogukomerogullari, Hatice Gamze;Aytar, Emine; Polyhedron; vol. 267; (2025); Art.No: 117316",2025,valid,mixed_system,
2485,Epichlorohydrin,"4-(chloromethyl)-1,3-dioxolan-2-one",88.9,100.0,1.60002,2.0,lithium bromide,,DMAP,,,,,,,,无溶剂,,,,"Catalytic behavior, Reagent/catalyst, Temperature, Pressure Kilic, Ahmet; Ulusoy, Mahmut; Durgun, Mustafa; Aytar, Emine; Inorganica Chimica Acta; vol. 411; (2014); p. 17 - 25",2014,valid,mixed_system,无溶剂
2486,Epichlorohydrin,"4-(chloromethyl)-1,3-dioxolan-2-one",88.0,20.0,0.10133,48.0,tetrabutylammonium bromide,,,,,,,,,,,,,,"Schlenk tech‐ nique, Reagent/catalyst Li, Pei-Zhou; Wang, Xiao-Jun; Liu, Jia; Phang, Hui Shi; Li, Yongxin; Zhao, Yanli; Chemistry of Materials; vol. 29; nb. 21; (2017); p. 9256 - 9261",2017,valid,ionic_liquid,
2487,Epichlorohydrin,"4-(chloromethyl)-1,3-dioxolan-2-one",88.0,25.0,0.10133,20.0,tetrabutylammonium bromide,,,,,,,,,,无溶剂,,,,"Cata‐ lytic behavior Tiffner, Maximilian; Gonglach, Sabrina; Haas, Michael; Sch?fberger, Wolfgang; Waser, Mario; Chemistry - An Asian Journal; vol. 12; nb. 10; (2017); p. 1048 - 1051",2017,valid,ionic_liquid,无溶剂
2488,Epichlorohydrin,"4-(chloromethyl)-1,3-dioxolan-2-one",88.6,100.0,1.60002,6.0,tetrabutylammonium bromide,,,,,,,,,,无溶剂,,,,"Green chemistry, Reagent/catalyst, Solvent Shao, Dan; Shi, Jinbiao; Zhang, Jianling; Tan, Xiuniang; Luo, Tian; Cheng, Xiuyan; Zhang, Bingxing; Han, Buxing; Chemistry - An Asian Journal; vol. 13; nb. 4; (2018); p. 386 - 389",2018,valid,ionic_liquid,无溶剂
2489,Epichlorohydrin,"4-(chloromethyl)-1,3-dioxolan-2-one",88.0,120.0,1.00001,10.0,tetra-(n-butyl)ammonium iodide,,Al-salan complex,,,,,,,,无溶剂,,,,"Green chemistry Ma, Ran; Sun, Haojie; Cui, Yuanzhi; RSC Advances; vol. 8; nb. 20; (2018); p. 11145 - 11149",2018,valid,unknown,无溶剂
2491,Epichlorohydrin,"4-(chloromethyl)-1,3-dioxolan-2-one",88.0,80.0,1.01332,5.0,potassium iodide,,18-crown-6 ether,,,,,,,,无溶剂,,,,"Souleymanou, Myriam Y.; El-Ouahabi, Fatima; Masdeu-Bultó, Anna M.; Godard, Cyril; ChemCatChem; vol. 13; nb. 7; (2021); p. 1706 - 1710",2021,valid,metal_halide,无溶剂
2492,Epichlorohydrin,"4-(chloromethyl)-1,3-dioxolan-2-one",88.0,69.8,0.10133,24.0,tetra-(n-butyl)ammonium iodide,,,,,,,,,,,,,,"Catalytic be‐ havior, Reagent/catalyst, Temperature Ghosh, Anindya;Reddy, G. Naaresh;Siddhique P. K., Mohammed;Chatterjee, Sauvik;Bhattacharjee, Su‐ dip;Maitra, Rahul;Lyubimov, Sergey E.;Arzumanyan, Ashot V.;Naumkin, Alexander;Bhaumik, Asim;Chowd‐ hury, Biswajit; Green Chemistry; vol. 24; nb. 4; (2022); p. 1673 - 1692",2022,valid,unknown,
2495,Epichlorohydrin,"4-(chloromethyl)-1,3-dioxolan-2-one",87.0,100.0,2.50004,18.0,imidazolium,,,,,,,,,,,,,,"Inert atmosphere Kayaki, Yoshihito; Yamamoto, Masafumi; Ikariya, Takao; Angewandte Chemie - International Edition; vol. 48; nb. 23; (2009); p. 4194 - 4197",2009,valid,ionic_liquid,
2496,Epichlorohydrin,"4-(chloromethyl)-1,3-dioxolan-2-one",87.0,23.0,1.00001,24.0,potassium iodide,,,,,,,,,,无溶剂,,,,"Reagent/catalyst, Temperature Werner, Thomas; Tenhumberg, Nils; Büttner, Hendrik; ChemCatChem; vol. 6; nb. 12; (2014); p. 3493 - 3500",2014,valid,metal_halide,无溶剂
2497,Epichlorohydrin,"4-(chloromethyl)-1,3-dioxolan-2-one",87.4,120.0,2.00003,6.0,imidazolium,,,,,,,,,,无溶剂,,,,"Green chemis‐ try Chen, Qin; Peng, Chang; Xie, Haibo; Zhao, Zongbao Kent; Bao, Ming; RSC Advances; vol. 5; nb. 55; (2015); p. 44598 - 44603",2015,valid,ionic_liquid,无溶剂
2498,Epichlorohydrin,"4-(chloromethyl)-1,3-dioxolan-2-one",87.0,80.0,1.00001,18.0,tetra-(n-butyl)ammonium iodide,,,,,,,,,,,,,,"Catalytic behavior Sope?a, Sergio; Fiorani, Giulia; Martín, Carmen; Kleij, Arjan W.; ChemSusChem; vol. 8; nb. 19; (2015); p. 3248 -3254",2015,valid,unknown,
2500,Epichlorohydrin,"4-(chloromethyl)-1,3-dioxolan-2-one",87.0,80.0,0.50666,20.0,tetrabutylammonium bromide,,,,,,,,,,,,,,"Belousov, Yu. A.;Goncharenko;Bondarenko;Ganina;Bezzubov;Taidakov; Russian Journal of Coordination Chemistry; vol. 46; nb. 12; (2020); p. 805 - 811; Koord. Khim.; vol. 46; nb. 8; (2020); p. 477 - 486",2020,valid,ionic_liquid,
2501,Epichlorohydrin,"4-(chloromethyl)-1,3-dioxolan-2-one",87.0,27.0,0.1,24.0,tetra-(n-butyl)ammonium iodide,,,,,,,,,,无溶剂,,,,"Sealed tube Nayak, Prakash;Murali, Anna Chandrasekar;Pal, Pradeep Kumar;Priyakumar, U. Deva;Chandrasekhar, Vada‐ palli;Venkatasubbaiah, Krishnan; Inorganic Chemistry; vol. 61; nb. 37; (2022); p. 14511 - 14516",2022,valid,unknown,无溶剂
2502,Epichlorohydrin,"4-(chloromethyl)-1,3-dioxolan-2-one",87.0,20.0,,12.0,tetrabutylammonium bromide,,,,,,,,,,,,,,"With tetrabutylammomium bromide, cerium(IV) bis(phenylphosphonate) in polyethylene glycol, Time= 12h, T= 20 °C , Irradiation Banerjee, Soumalya;Sarkar, Soumita;Ali, Sk Afsar;Sarkar, Sunny;Rasool, Anjumun;Dar, Manzoor Ahmad;Da‐ lapati, Sasanka;Patra, Astam K.; Dalton Transactions; vol. 55; nb. 5; (2026); p. 2167 - 2180",2026,valid,ionic_liquid,
2503,Epichlorohydrin,"4-(chloromethyl)-1,3-dioxolan-2-one",86.0,100.0,0.10133,20.5,pyridinium,,,,,,,,,,,,,,"Motokura, Ken; Itagaki, Shintaro; Iwasawa, Yasuhiro; Miyaji, Akimitsu; Baba, Toshihide; Green Chemistry; vol. 11; nb. 11; (2009); p. 1876 - 1880",2009,valid,ionic_liquid,
2504,Epichlorohydrin,"4-(chloromethyl)-1,3-dioxolan-2-one",86.0,120.0,1.00001,3.0,potassium iodide,,,,,,,,,,,,,,"High pressure, Catalytic be‐ havior, Reagent/catalyst Roshan, Kuruppathparambil Roshith; Kathalikkattil, Amal Cherian; Tharun, Jose; Kim, Dong Woo; Won, Yong Sun; Park, Dae Won; Dalton Transactions; vol. 43; nb. 5; (2014); p. 2023 - 2031",2014,valid,metal_halide,
2509,Epichlorohydrin,"4-(chloromethyl)-1,3-dioxolan-2-one",86.0,100.0,0.50001,16.0,imidazolium,,,,,,,,,,无溶剂,,,,"Auto‐ clave, Sealed tube Grollier, Kevin; Vu, Nam Duc; Onida, Killian; Akhdar, Ayman; Norsic, Sébastien; D'Agosto, Franck; Boisson, Christophe; Duguet, Nicolas; Advanced Synthesis and Catalysis; vol. 362; nb. 8; (2020); p. 1696 - 1705",2020,valid,ionic_liquid,无溶剂
2510,Epichlorohydrin,"4-(chloromethyl)-1,3-dioxolan-2-one",86.0,30.0,0.30001,24.0,tetrabutylammonium bromide,,,,,,,,,,无溶剂,,,,"Song, Wen-Yue;Liu, Qiuli;Bu, Qingqing;Wei, Donghui;Dai, Bin;Liu, Ning; Organometallics; vol. 39; nb. 19; (2020); p. 3546 - 3561",2020,valid,ionic_liquid,无溶剂
2511,Epichlorohydrin,"4-(chloromethyl)-1,3-dioxolan-2-one",86.0,80.0,0.1,24.0,tetra-(n-butyl)ammonium iodide,,,,,,,,,,无溶剂,,,,"Inert atmosphere, Schlenk technique, Glovebox, Reagent/catalyst Saltarini, Sebastián; Villegas-Escobar, Nery; Martínez, Javier; Daniliuc, Constantin G.; Matute, Ricardo A.; Gade, Lutz H.; Rojas, René S.; Inorganic Chemistry; vol. 60; nb. 2; (2021); p. 1172 - 1182",2021,valid,unknown,无溶剂
2513,Epichlorohydrin,"4-(chloromethyl)-1,3-dioxolan-2-one",85.0,20.0,0.10133,48.0,tetrabutylammonium bromide,,,,,,,,,,无溶剂,,,,"Li, Pei-Zhou; Wang, Xiao-Jun; Liu, Jia; Lim, Jie Sheng; Zou, Ruqiang; Zhao, Yanli; Journal of the American Chemical Society; vol. 138; nb. 7; (2016); p. 2142 - 2145",2016,valid,ionic_liquid,无溶剂
2516,Epichlorohydrin,"4-(chloromethyl)-1,3-dioxolan-2-one",85.0,70.0,1.00001,2.0,tetra-(n-butyl)ammonium iodide,,,,,,,,,,无溶剂,,,,"Reagent/catalyst, Temperature Alaji; Safaei; Wojtczak; New Journal of Chemistry; vol. 41; nb. 18; (2017); p. 10121 - 10131",2017,valid,unknown,无溶剂
2518,Epichlorohydrin,"4-(chloromethyl)-1,3-dioxolan-2-one",85.0,105.0,0.10336,20.0,tetra-(n-butyl)ammonium iodide,,,,,,,,,,无溶剂,,,,"Schlenk techni‐ que, Sealed tube, Green chemistry, Catalytic behavior, Reagent/catalyst Tudu, Gouri; Ghosh, Sourav; Biswas, Tanmoy; Mahalingam, Venkataramanan; New Journal of Chemistry; vol. 44; nb. 27; (2020); p. 11887 - 11894",2020,valid,unknown,无溶剂
2520,Epichlorohydrin,"4-(chloromethyl)-1,3-dioxolan-2-one",85.0,120.0,1.00001,6.0,"tetrahydrofuran-2,5-dimethanol",,sodium bromide,,,,,,,,,,,,"Bragato, Nicola;Annatelli, Mattia;Bernardi, Alessandro;Bortoluzzi, Marco;Calmanti, Roberto;Perosa, Al‐ vise;Selva, Maurizio;Fiorani, Giulia; European Journal of Organic Chemistry; vol. 28; nb. 26; (2025); Art.No: e202500119",2025,valid,metal_halide,
2522,Epichlorohydrin,"4-(chloromethyl)-1,3-dioxolan-2-one",85.0,80.0,0.1,12.0,tetrabutylammonium bromide,,,,,,,,,,,,,,"Liang, Ze-Long;Wang, Yong-Wei;Ai, Xin-Min;Lv, Jia-Can;Yu, Ying-Ying;Shao, Hong-Xia;Xu, Hang;Zhao, Bin; Dalton Transactions; vol. 54; nb. 48; (2025); p. 17888 - 17895",2025,valid,ionic_liquid,
2524,Epichlorohydrin,"4-(chloromethyl)-1,3-dioxolan-2-one",84.0,80.0,2.00003,4.0,tetrabutylammonium bromide,,,,,,,,,,,,,,"Ren, Yanwei; Shi, Yanchao; Chen, Junxian; Yang, Shaorong; Qi, Chaorong; Jiang, Huanfeng; RSC Advances; vol. 3; nb. 7; (2013); p. 2167 - 2170",2013,valid,ionic_liquid,
2526,Epichlorohydrin,"4-(chloromethyl)-1,3-dioxolan-2-one",84.0,,0.96001,0.25,potassium iodide,,,,,,,,,,,,,,"Microwave irradiation, Green chemistry Tharun, Jose; Mathai, George; Kathalikkattil, Amal Cherian; Roshan, Roshith; Kwak, Joo-Young; Park, Dae- Won; Green Chemistry; vol. 15; nb. 6; (2013); p. 1673 - 1677",2013,valid,metal_halide,
2528,Epichlorohydrin,"4-(chloromethyl)-1,3-dioxolan-2-one",84.0,120.0,1.50002,2.0,imidazolium,,,,,,,,,,,,,,"Wang, Tengfei; Zhu, Xinrui; Mao, Lemin; Liu, Yi; Ren, Tiegang; Wang, Li; Zhang, Jinglai; Journal of Molecular Liquids; vol. 296; (2019); Art.No: 111936",2019,valid,ionic_liquid,
2531,Epichlorohydrin,"4-(chloromethyl)-1,3-dioxolan-2-one",84.2,24.8,1.00001,48.0,tetrabutylammonium bromide,,,,,,,,,,,,,,"Catalytic behavior Zhang, Xiaofeng; Ding, Junhao; Qiu, Bo; Li, Dajian; Bian, Yunpeng; Zhu, Dandan; Wang, Shimin; Mai, Wen‐ peng; Ming, Shujun; Chen, Jian; Li, Tao; ChemCatChem; vol. 13; nb. 11; (2021); p. 2664 - 2673",2021,valid,ionic_liquid,
2532,Epichlorohydrin,"4-(chloromethyl)-1,3-dioxolan-2-one",84.7,90.0,0.90001,1.5,potassium iodide,,,,,,,,,,,,,,PatentNORTHWEST UNIVERSITY; NORTHWESTERN UNIVERSITY ILLINOISNorthwestern University (Illinois); CN113185490; (2021); (A) EnglishNORTHWESTERN UNIVERSITY (ILLINOIS),2021,valid,metal_halide,
2534,Epichlorohydrin,"4-(chloromethyl)-1,3-dioxolan-2-one",83.0,50.0,0.10133,24.0,tetra-(n-butyl)ammonium iodide,,,,,,,,,,,,,,"Guo, Zhiqiang;Xu, Yuan;Chao, Jianbin;Wei, Xuehong; European Journal of Inorganic Chemistry; vol. 2020; nb. 29; (2020); p. 2835 - 2841",2020,valid,unknown,
2535,Epichlorohydrin,"4-(chloromethyl)-1,3-dioxolan-2-one",83.0,100.0,,8.0,imidazolium,,,,,,,,,,,,,,"With zinc(II) and imidazolium salt ionic liquid grafted on bimodal mesoporous silica, Time= 8h, T= 100 °C , High pressure Shang, Hui; Bai, Shiyang; Yao, Jie; Ma, Shuangshuang; Sun, Jihong; Su, Hongjing; Wu, Xia; Chemistry - An Asian Journal; vol. 16; nb. 3; (2021); p. 224 - 231",2021,valid,ionic_liquid,
2537,Epichlorohydrin,"4-(chloromethyl)-1,3-dioxolan-2-one",82.0,18.0,0.1,24.0,tetrabutylammonium bromide,,,,,,,,,,,,,,"Castro-Osma, Jose A.; Alonso-Moreno, Carlos; Lara-Sanchez, Agustin; Martinez, Javier; North, Michael; Otero, Antonio; Catalysis science and technology; vol. 4; nb. 6; (2014); p. 1674 - 1684",2014,valid,ionic_liquid,
2538,Epichlorohydrin,"4-(chloromethyl)-1,3-dioxolan-2-one",82.0,50.0,0.1,24.0,tetrabutylammonium bromide,,,,,,,,,,,,,,"Inert2 atmosphere, Schlenk technique, Catalytic behavior Martínez, Javier; Castro-Osma, José A.; Earlam, Amy; Alonso-Moreno, Carlos; Otero, Antonio; Lara-Sán‐ chez, Agustín; North, Michael; Rodríguez-Diéguez, Antonio; Chemistry - A European Journal; vol. 21; nb. 27; (2015); p. 9850 - 9862",2015,valid,ionic_liquid,
2543,Epichlorohydrin,"4-(chloromethyl)-1,3-dioxolan-2-one",82.0,120.0,3.00005,2.0,imidazolium,,,,,,,,,,,,,,"Bezerra, Werberson de Almeida;Milani, Jorge Luiz S?nego;Franco, Chris Hebert de Jesus;Martins, Felipe Terra;de Fátima, ?ngelo;da Mata, álvaro Farias Arruda;das Chagas, Rafael Pav?o; Molecular catalysis; vol. 530; (2022); Art.No: 112632",2022,valid,ionic_liquid,
2545,Epichlorohydrin,"4-(chloromethyl)-1,3-dioxolan-2-one",81.0,80.0,0.70001,,potassium iodide,,,,,,,,,,无溶剂,,,,"Catalytic behavior Besse, Vincent; Illy, Nicolas; David, Ghislain; Caillol, Sylvain; Boutevin, Bernard; ChemSusChem; vol. 9; nb. 16; (2016); p. 2167 - 2173",2016,valid,metal_halide,无溶剂
2547,Epichlorohydrin,"4-(chloromethyl)-1,3-dioxolan-2-one",81.0,30.0,0.10133,24.0,tetra-(n-butyl)ammonium iodide,,,,,,,,,,无溶剂,,,,"Takaishi, Kazuto; Okuyama, Takafumi; Kadosaki, Shota; Uchiyama, Masanobu; Ema, Tadashi; Organic Let‐ ters; vol. 21; nb. 5; (2019); p. 1397 - 1401",2019,valid,unknown,无溶剂
2551,Epichlorohydrin,"4-(chloromethyl)-1,3-dioxolan-2-one",81.0,20.0,0.10133,18.0,tetrabutylammonium bromide,,,,,,,,,,,,,,"Carrasco, Sergio;Sanz-Marco, Amparo;Martín-Matute, Belén; Organometallics; vol. 38; nb. 18; (2019); p. 3429 - 3435",2019,valid,ionic_liquid,
2553,Epichlorohydrin,"4-(chloromethyl)-1,3-dioxolan-2-one",81.0,25.0,0.1,24.0,tetrabutylammonium bromide,,,,,,,,,,,,,,"Inert atmosphere, Schlenk technique Gaona, Miguel A.;de la Cruz-Martínez, Felipe;Caballero, María P.;Francés-Poveda, Enrique;Rodríguez, Ana M.;Rodríguez-Diéguez, Antonio;North, Michael;Castro-Osma, José A.;Lara-Sánchez, Agustín; Dalton Transac‐ tions; vol. 51; nb. 30; (2022); p. 11302 - 11315",2022,valid,ionic_liquid,
2556,Epichlorohydrin,"4-(chloromethyl)-1,3-dioxolan-2-one",80.0,120.0,2.00003,1.0,"1,8-diazabicyclo[5.4.0]undec-7-ene",,,,,,,,,,,,,,"Green chem‐ istry Sun, Jian; Cheng, Weiguo; Yang, Zifeng; Wang, Jinquan; Xu, Tingting; Xin, Jiayu; Zhang, Suojiang; Green Chemistry; vol. 16; nb. 6; (2014); p. 3071 - 3078",2014,valid,unknown,
2557,Epichlorohydrin,"4-(chloromethyl)-1,3-dioxolan-2-one",80.0,50.0,1.00001,24.0,tetrabutylammonium bromide,,,,,,,,,,无溶剂,,,,"Wu, Xiao; North, Michael; ChemSusChem; vol. 10; nb. 1; (2017); p. 74 - 78",2017,valid,ionic_liquid,无溶剂
2558,Epichlorohydrin,"4-(chloromethyl)-1,3-dioxolan-2-one",80.0,20.0,1.20002,18.0,tetrabutylammonium bromide,,,,,,,,,,toluene,,,,"Babu, Robin; Kim, Seol-Hee; Kathalikkattil, Amal Cherian; Kuruppathparambil, Roshith Roshan; Kim, Dong Woo; Cho, Sung June; Park, Dae-Won; Applied Catalysis A: General; vol. 544; (2017); p. 126 - 136",2017,valid,ionic_liquid,toluene
2560,Epichlorohydrin,"4-(chloromethyl)-1,3-dioxolan-2-one",80.0,110.0,1.10002,4.0,potassium iodide,,,,,,,,,,,,,,"Ravi, Seenu; Kang, Dong Heon; Roshan, Roshith; Tharun, Jose; Kathalikkattil, Amal Cherian; Park, Dae Won; Catalysis science and technology; vol. 5; nb. 3; (2015); p. 1580 - 1587",2015,valid,metal_halide,
2561,Epichlorohydrin,"4-(chloromethyl)-1,3-dioxolan-2-one",80.0,50.0,0.10133,24.0,tetra-(n-butyl)ammonium iodide,,,,,,,,,,THF,ethyl acetate,,,"Guo, Zhiqiang; Yan, Leilei; Liu, Yaoming; Wu, Xiaoqin; Wei, Xuehong; Journal of Organometallic Chemistry; vol. 922; (2020); Art.No: 121365",2020,valid,unknown,THF; ethyl acetate
2562,Epichlorohydrin,"4-(chloromethyl)-1,3-dioxolan-2-one",80.0,25.0,0.1,24.0,tetrabutylammonium bromide,,,,,,,,,,无溶剂,,,,"Microwave irradia‐ tion, Sealed tube Phan, Ha;de la Cruz-Sánchez, Pol;Cabrera-Afonso, María Jesús;Martín-Matute, Belén; Green Chemistry; vol. 27; nb. 9; (2025); p. 2439 - 2448",2025,valid,ionic_liquid,无溶剂
2563,Epichlorohydrin,"4-(chloromethyl)-1,3-dioxolan-2-one",80.0,100.0,0.10133,24.0,tetrabutylammonium bromide,,,,,,,,,,无溶剂,,,,"Time Chand, Hushan;Allasia, Nicolò;Cipriano, Luis A.;Liberto, Giovanni Di;Kwon, Ik Seon;Zhang, Min;Pacchioni, Gianfranco;Krishnan, Venkata;Vilé, Gianvito; ChemCatChem; vol. 17; nb. 5; (2025); Art.No: e202401768",2025,valid,ionic_liquid,无溶剂
2564,Epichlorohydrin,"4-(chloromethyl)-1,3-dioxolan-2-one",80.0,20.0,,4.0,tetra-n-propylammonium bromide,,,,,,,,,,无溶剂,,,,"With tetra-n-propylammonium bromide in neat (no solvent), Time= 4h, T= 20 °C , Green chemistry, Catalytic behav‐ ior, Reagent/catalyst, Solvent, Temperature, Time Rajalakshmi, Jagadeesan;Rajagopal, Desikan;Kumar, Annamalai Senthil; ChemCatChem; vol. 17; nb. 21; (2025); Art.No: e00934",2025,valid,ionic_liquid,无溶剂
2567,Epichlorohydrin,"4-(chloromethyl)-1,3-dioxolan-2-one",79.0,80.0,0.10133,12.0,tetra-(n-butyl)ammonium iodide,,,,,,,,,,,,,,"Sperandio, Céline;Rodriguez, Jean;Quintard, Adrien; Organic and Biomolecular Chemistry; vol. 18; nb. 14; (2020); p. 2637 - 2640",2020,valid,unknown,
2568,Epichlorohydrin,"4-(chloromethyl)-1,3-dioxolan-2-one",79.0,80.0,,,tetrabutylammonium bromide,,,,,,,,,,,,,,"With tetrabutylammomium bromide, T= 80 °C , Catalytic behavior, Reagent/catalyst Kumar, Raman;Sahoo, Subash C.;Nanda, Prasant K.; European Journal of Inorganic Chemistry; vol. 2021; nb. 11; (2021); p. 1057 - 1064",2021,valid,ionic_liquid,
2569,Epichlorohydrin,"4-(chloromethyl)-1,3-dioxolan-2-one",79.6,120.0,,10.0,tetrabutylammonium bromide,,,,,,,,,,,,,,"With tetrabutylammomium bromide, Time= 10h, T= 120 °C , Autoclave Zou, Yu-Huang; Huang, Yuan-Biao; Si, Duan-Hui; Yin, Qi; Wu, Qiu-Jin; Weng, Zixiang; Cao, Rong; Ange‐ wandte Chemie - International Edition; vol. 60; nb. 38; (2021); p. 20915 - 20920; Angew. Chem.; vol. 133; nb. 38; (2021); p. 21083 - 21088",2021,valid,ionic_liquid,
2570,Epichlorohydrin,"4-(chloromethyl)-1,3-dioxolan-2-one",78.0,60.0,0.1,22.0,tetra-(n-butyl)ammonium iodide,,,,,,,,,,,,,,"Calo, Vincenzo; Nacci, Angelo; Monopoli, Antonio; Fanizzi, Antonello; Organic Letters; vol. 4; nb. 15; (2002); p. 2561 - 2563",2002,valid,unknown,
2571,Epichlorohydrin,"4-(chloromethyl)-1,3-dioxolan-2-one",78.0,120.0,0.68949,,N-bromosuccinimide,,dibenzoyl peroxide,,,,,,,,,,,,"Inert atmosphere Kozak, Jennifer A.; Wu, Jie; Su, Xiao; Simeon, Fritz; Hatton, T. Alan; Jamison, Timothy F.; Journal of the Amer‐ ican Chemical Society; vol. 135; nb. 49; (2013); p. 18497 - 18501",2013,valid,unknown,
2573,Epichlorohydrin,"4-(chloromethyl)-1,3-dioxolan-2-one",77.0,25.0,0.1,24.0,tetrabutylammonium bromide,,,,,,,,,,无溶剂,,,,"Re‐ agent/catalyst Castro-Osma, José A.; North, Michael; Wu, Xiao; Chemistry - A European Journal; vol. 22; nb. 6; (2016); p. 2100 -2107",2016,valid,ionic_liquid,无溶剂
2575,Epichlorohydrin,"4-(chloromethyl)-1,3-dioxolan-2-one",76.2,120.0,2.00003,3.0,DMAP,,,,,,,,,,,,,,"Ghosh, Anindya; Ramidi, Punnamchandar; Pulla, Sharon; Sullivan, Shane Z.; Collom, Samuel L.; Gartia, Yashraj; Munshi, Pradip; Biris, Alexandru S.; Noll, Bruce C.; Berry, Brian C.; Catalysis Letters; vol. 137; nb. 1-2; (2010); p. 1 - 7",2010,valid,mixed_system,
2576,Epichlorohydrin,"4-(chloromethyl)-1,3-dioxolan-2-one",76.0,60.0,1.00001,3.0,imidazolium bromide,,,,,,,,,,,,,,"Re‐ agent/catalyst Wu, Shi; Wang, Binshen; Zhang, Yongya; Elageed, Elnazeer H.M.; Wu, Haihong; Gao, Guohua; Journal of Mo‐ lecular Catalysis A: Chemical; vol. 418-419; (2016); p. 1 - 8",2016,valid,ionic_liquid,
2579,Epichlorohydrin,"4-(chloromethyl)-1,3-dioxolan-2-one",75.0,150.0,1.21598,9.0,potassium iodide,,,,,,,,,,,,,,"Bai, Dongsheng; Nian, Guanghui; Wang, Guangjian; Wang, Zhongzhen; Applied Organometallic Chemistry; vol. 27; nb. 3; (2013); p. 184 - 187",2013,valid,metal_halide,
2580,Epichlorohydrin,"4-(chloromethyl)-1,3-dioxolan-2-one",75.0,100.0,2.00003,1.0,tetrabutylammonium bromide,,,,,,,,,,,,,,"Tang, Feiying;Hou, Jianan;Liang, Kaixin;Huang, Jianhan;Liu, You-Nian; European Journal of Inorganic Chemis‐ try; vol. 2018; nb. 37; (2018); p. 4175 - 4180",2018,valid,ionic_liquid,
2581,Epichlorohydrin,"4-(chloromethyl)-1,3-dioxolan-2-one",74.0,120.0,1.00001,24.0,tetra-(n-butyl)ammonium hydroxide,,,,,,,,,,,,,,"Ema, Tadashi; Fukuhara, Kazuki; Sakai, Takashi; Ohbo, Masaki; Bai, Fu-Quan; Hasegawa, Jun-Ya; Catalysis science and technology; vol. 5; nb. 4; (2015); p. 2314 - 2321",2015,valid,unknown,
2582,Epichlorohydrin,"4-(chloromethyl)-1,3-dioxolan-2-one",73.8,60.0,4.00006,24.0,tetra-(n-butyl)ammonium iodide,,,,,,,,,,DMF,dichloromethane,,,"Javadzade, Tahir A.;Hajiyeva, Sevinc R.;Chyragov, Famil M.;Nunes, Ana V.M.;Lasri, Jamal;Hamidov, Sahil Z.;Hasanov, Khudayar I.;Mahmudov, Kamran T.; Journal of Organometallic Chemistry; vol. 1046; (2026); Art.No: 123901",2026,valid,unknown,DMF; dichloromethane
2584,Epichlorohydrin,"4-(chloromethyl)-1,3-dioxolan-2-one",72.0,80.0,3.00005,16.0,tetra-(n-butyl)ammonium iodide,,,,,,,,,,,,,,"Inert at‐ mosphere, Schlenk technique Mercad, Elisabet; Zangrando, Ennio; Claver, Carmen; Godard, Cyril; ChemCatChem; vol. 8; nb. 1; (2016); p. 234 - 243",2016,valid,unknown,
2586,Epichlorohydrin,"4-(chloromethyl)-1,3-dioxolan-2-one",71.0,80.0,0.10133,24.0,tetra-(n-butyl)ammonium iodide,,,,,,,,,,无溶剂,,,,"Fanjul-Mosteirín, Noé;Martín, Judith;Valdés, Carlos;Concellón, Carmen;Del Amo, Vicente; Organic Letters; vol. 22; nb. 17; (2020); p. 6988 - 6992",2020,valid,unknown,无溶剂
2587,Epichlorohydrin,"4-(chloromethyl)-1,3-dioxolan-2-one",71.5,20.0,1.50002,30.0,tetrabutylammonium bromide,,,,,,,,,,,,,,"High pressure Liu, Ce;Liu, Lin;Han, Zheng-Bo; Polyhedron; vol. 196; (2021); Art.No: 115016",2021,valid,ionic_liquid,
2590,Epichlorohydrin,"4-(chloromethyl)-1,3-dioxolan-2-one",69.0,45.0,,12.0,tetrabutylammonium bromide,,,,,,,,,,acetonitrile,,,,"With tetrabutylammomium bromide, C16H16N3O3SV in acetonitrile, Time= 12h, T= 45 °C , Sealed tube, Reagent/ catalyst Maurya, Mannar R.;Singh, Teenu;Dixit, Tejal;Venkatesh;Avecilla, Fernando;Sankar, Muniappan; Inorganic Chemistry; vol. 65; nb. 1; (2026); p. 372 - 394",2026,valid,ionic_liquid,acetonitrile
2591,Epichlorohydrin,"4-(chloromethyl)-1,3-dioxolan-2-one",68.0,85.0,1.00001,6.0,choline iodide,,,,,,,,,,ethanol,,,,"Solvent Amaral, Adérito J.R.; Coelho, Jorge F.J.; Serra, Arménio C.; Tetrahedron Letters; vol. 54; nb. 40; (2013); p. 5518 -5522",2013,valid,ionic_liquid,ethanol
2592,Epichlorohydrin,"4-(chloromethyl)-1,3-dioxolan-2-one",65.0,50.0,0.10133,6.0,tetrabutylammonium bromide,,,,,,,,,,acetonitrile,,,,"Electrochemical reaction Buckley, Benjamin R.; Patel, Anish P.; Wijayantha, K. G. Upul; Chemical Communications; vol. 47; nb. 43; (2011); p. 11888 - 11890",2011,valid,ionic_liquid,acetonitrile
2594,Epichlorohydrin,"4-(chloromethyl)-1,3-dioxolan-2-one",65.0,50.0,0.10133,6.0,tetrabutylammonium bromide,,,,,,,,,,acetonitrile,,,,"Electrochemical reaction Buckley, Benjamin R.; Patel, Anish P.; Wijayantha, K. G. Upul; RSC Advances; vol. 4; nb. 102; (2014); p. 58581 - 58590",2014,valid,ionic_liquid,acetonitrile
2597,Epichlorohydrin,"4-(chloromethyl)-1,3-dioxolan-2-one",62.1,100.0,1.00001,3.0,tetrabutylammonium bromide,,,,,,,,,,,,,,"Catalytic behavior Zhang, Zhuxiu; Lei, Yifan; Zhou, Jie; Cui, Mifen; Chen, Xian; Fei, Zhaoyang; Liu, Qing; Tang, Jihai; Qiao, Xu; Chemical Communications; vol. 56; nb. 94; (2020); p. 14833 - 14836",2020,valid,ionic_liquid,
2598,Epichlorohydrin,"4-(chloromethyl)-1,3-dioxolan-2-one",61.0,50.0,0.1,3.0,tetrabutylammonium bromide,,,,,,,,,,无溶剂,,,,"Kang, Yanrui;Wang, Beining;Nan, Runxia;Li, Yiwen;Zhu, Zhouli;Xiao, Xu-Qiong; Inorganic Chemistry; vol. 61; nb. 23; (2022); p. 8806 - 8814",2022,valid,ionic_liquid,无溶剂
2599,Epichlorohydrin,"4-(chloromethyl)-1,3-dioxolan-2-one",60.0,25.0,0.10133,3.0,tetrabutylammonium bromide,2.5,,,,,,,,,无溶剂,,,,"Product distribution / selectivity PatentUNIVERSITY OF NEWCASTLE UPON TYNE;NORTH, Michael; UNIVERSITY OF YORKUniversity of York; WO2008/132474; (2008); (A1) EnglishUNIVERSITY OF YORK",2008,valid,ionic_liquid,无溶剂
2600,Epichlorohydrin,"4-(chloromethyl)-1,3-dioxolan-2-one",60.0,25.0,,3.0,tetrabutylammonium bromide,,salen,,,,,,,,,,,,"With {Al(salen)}2O, tetrabutylammomium bromide, Time= 3h, T= 25 °C Clegg, William; Harrington, Ross W.; North, Michael; Pasquale, Riccardo; Chemistry - A European Journal; vol. 16; nb. 23; (2010); p. 6828 - 6843",2010,valid,ionic_liquid,
2601,Epichlorohydrin,"4-(chloromethyl)-1,3-dioxolan-2-one",57.4,100.0,5.51581,8.0,potassium iodide,,pyridine,,DMAP,,,,,,,,,,"4 : Example 4 According to the general procedure for the preparation of the cycloaddition reactions: in the reaction zone are added between 5 and 25 g of epichlorohydrin and between 0.1 and 5 g of catalyst system potassium iodide/cellulose (be‐ tween 1 and 15 weight %). Afterwards 4-dimethyl-aminopyridine is added (between 10 and 200 micrograms) as co- catalyst (between 5 and 50 weight % respective to the metal salt). The aforementioned materials are taken to the Parr reactor and subjected to a pressure between 100 and 800 psi, preferably between 200 and 500 psi so that it can be heated to a temperature between 50 and 200° C., preferably between 60 and 150° C. according to the type of epoxide to be treated. After the reaction time, the reactor is taken to an ice bath and cooled to room temperature, afterwards the excess gas is released and the reaction mixture is stirred for 0.5 h. the yields are calculated directly from the reaction mixture in a gas chromatograph coupled with a mass spectrometer. With dmap, Time= 8h, T= 100 °C , Temperature, Reagent/catalyst PatentINSTITUTO MEXICANO DEL PETRóLEO; MEXICAN INSTITUTE OF PETROLEUMMexican Institute of Pe‐ troleum; US2019/193063; (2019); (A1) EnglishMEXICAN INSTITUTE OF PETROLEUM",2019,valid,mixed_system,
2605,Epichlorohydrin,"4-(chloromethyl)-1,3-dioxolan-2-one",48.0,20.0,0.1,24.0,tetrabutylammonium bromide,,,,,,,,,,无溶剂,,,,"Reagent/catalyst De, Dinesh; Bhattacharyya, Aditya; Bharadwaj, Parimal K.; Inorganic Chemistry; vol. 56; nb. 18; (2017); p. 11443 - 11449",2017,valid,ionic_liquid,无溶剂
2606,Epichlorohydrin,"4-(chloromethyl)-1,3-dioxolan-2-one",45.76,20.0,0.10133,,tetrabutylammonium bromide,,,,,,,,,,无溶剂,,,,"Autoclave, Catalytic behavior Hu, Hui; Zhang, Dashuai; Liu, Huiling; Jin, Yaoqiang; Gao, Jun; Zhang, Yongzheng; Liu, Zhongmin; Zhang, Xiuling; Geng, Longlong; Liu, Suijun; Zhang, Ranhui; Chinese Chemical Letters; vol. 32; nb. 1; (2021); p. 557 - 560",2021,valid,ionic_liquid,无溶剂
2608,Epichlorohydrin,"4-(chloromethyl)-1,3-dioxolan-2-one",41.3,74.8,0.68949,4.0,DMAP,,,,,,,,,,dichloromethane,,,,"Shyu, Shin-Guang; Tseng, Chia-Kai; Chang, Chun-Kai; Chen, Hung-Po; Liu, Hsin-Chih; Twu, Jen; Journal of the Chinese Chemical Society; vol. 59; nb. 3; (2012); p. 443 - 451",2012,valid,mixed_system,dichloromethane
2610,Epichlorohydrin,"4-(chloromethyl)-1,3-dioxolan-2-one",37.0,120.0,3.00005,1.0,imidazolium bromide,,,,,,,,,,,,,,"Catalytic behavior Wang, Wenlong; Li, Cunyao; Yan, Li; Wang, Yuqing; Jiang, Miao; Ding, Yunjie; ACS Catalysis; vol. 6; nb. 9; (2016); p. 6091 - 6100",2016,valid,ionic_liquid,
2612,Epichlorohydrin,"4-(chloromethyl)-1,3-dioxolan-2-one",29.0,45.0,1.00001,66.0,tetra-(n-butyl)ammonium iodide,,,,,,,,,,无溶剂,,,,"Kielland, Nicola; Escudero-Adan, Eduardo C.; Martinez Belmonte, Marta; Kleij, Arjan W.; Dalton Transactions; vol. 42; nb. 5; (2013); p. 1427 - 1436",2013,valid,unknown,无溶剂
2613,Epichlorohydrin,"4-(chloromethyl)-1,3-dioxolan-2-one",29.0,120.0,3.00005,1.0,triphenylphosphine,,,,,,,,,,,,,,"Catalytic behavior Li, Cunyao; Wang, Wenlong; Yan, Li; Wang, Yuqing; Jiang, Miao; Ding, Yunjie; Journal of Materials Chemistry A; vol. 4; nb. 41; (2016); p. 16017 - 16027",2016,valid,unknown,
2614,Epichlorohydrin,"4-(chloromethyl)-1,3-dioxolan-2-one",12.7,25.0,0.50662,3.0,imidazolium,,salen,,,,,,,,,,,,"Chen, Shu-Wei; Kawthekar, Rahul B.; Kim, Geon-Joong; Tetrahedron Letters; vol. 48; nb. 2; (2007); p. 297 - 300",2007,valid,ionic_liquid,
2615,Epichlorohydrin,"4-(chloromethyl)-1,3-dioxolan-2-one",8.0,50.0,0.1,24.0,salen,,,,,,,,,,,,,,"Reagent/catalyst Carvalho, Patricia A.; Comerford, James W.; Lamb, Katie J.; North, Michael; Reiss, Paul S.; Advanced Synthe‐ sis and Catalysis; vol. 361; nb. 2; (2019); p. 345 - 354",2019,valid,unknown,
2616,Epichlorohydrin,"4-(chloromethyl)-1,3-dioxolan-2-one",90.0,100.0,13.99988,2.0,imidazolium,,,,,,,,,,,,,,Unknown reference,,valid,ionic_liquid,
2618,Epichlorohydrin,"4-(chloromethyl)-1,3-dioxolan-2-one",100.0,100.0,2.06841,1.0,salen,,,,,,,,,,dichloromethane,,,,"Paddock, Robert L.; Nguyen, Sonbinh T.; Chemical Communications; nb. 14; (2004); p. 1622 - 1623",2004,valid,unknown,dichloromethane
2619,Epichlorohydrin,"4-(chloromethyl)-1,3-dioxolan-2-one",92.0,119.8,7.99996,6.0,PEG6000(NBu3Br)2,,,,,,,,,,,,,,Unknown reference,,valid,unknown,
2623,Epichlorohydrin,"4-(chloromethyl)-1,3-dioxolan-2-one",95.0,100.0,1.01325,24.0,DMAP,,,,,,,,,,,,,,Unknown reference,,valid,mixed_system,
2627,Epichlorohydrin,"4-(chloromethyl)-1,3-dioxolan-2-one",98.0,75.0,0.34475,1.5,DMAP,,,,,,,,,,,,,,Paddock; Nguyen; Journal of the American Chemical Society; vol. 123; nb. 46; (2001); p. 11498 - 11499,2001,valid,mixed_system,
2628,Epichlorohydrin,"4-(chloromethyl)-1,3-dioxolan-2-one",100.0,120.0,,1.0,DMAP,,,,,,,,,,dichloromethane,,,,"With dmap, CoTPP(Cl) in dichloromethane, Time= 1h, T= 120 °C Paddock, Robert L.; Hiyama, Yaeko; McKay, Jonathan M.; Nguyen, SonBinh T.; Tetrahedron Letters; vol. 45; nb. 9; (2004); p. 2023 - 2026",2004,valid,mixed_system,dichloromethane
2629,Epichlorohydrin,"4-(chloromethyl)-1,3-dioxolan-2-one",84.0,110.0,4.00006,4.0,polyethylene glycol-supported hexaalkylguanidinium bromide,,,,,,,,,,,,,,"Dou, Xiao-Yong; Wang, Jin-Quan; Du, Ya; Wang, Er; He, Liang-Nian; Synlett; nb. 19; (2007); p. 3058 - 3062",2007,valid,unknown,
2630,Epichlorohydrin,"4-(chloromethyl)-1,3-dioxolan-2-one",92.0,125.0,2.00003,0.33,imidazolium bromide,,,,,,,,,,,,,,Unknown reference,,valid,ionic_liquid,
2633,Epichlorohydrin,"4-(chloromethyl)-1,3-dioxolan-2-one",96.0,130.0,4.00006,18.0,1-butyl-3-methylimidazolium alanine,,,,,,,,,,无溶剂,,,,"neat (no solvent) Wu, Fang; Dou, Xiao-Yong; He, Liang-Nian; Miao, Cheng-Xia; Letters in Organic Chemistry; vol. 7; nb. 1; (2010); p. 73 - 78",2010,valid,ionic_liquid,无溶剂
2634,Epichlorohydrin,"4-(chloromethyl)-1,3-dioxolan-2-one",99.2,120.0,2.00003,2.0,imidazolium bromide,,,,,,,,,,,,,,"Dai, Wei-Li; Chen, Lang; Yin, Shuang-Feng; Luo, Sheng-Lian; Au, Chak-Tong; Catalysis Letters; vol. 135; nb. 3-4; (2010); p. 295 - 304",2010,valid,ionic_liquid,
2635,Epichlorohydrin,"4-(chloromethyl)-1,3-dioxolan-2-one",89.6,100.0,1.60002,2.0,DMAP,,,,,,,,,,,,,,"Kilic, Ahmet; Ulusoya, Mahmut; Durgun, Mustafa; Tasci, Zeynep; Yilmaz, Ismail; Cetinkaya, Bekir; Applied Or‐ ganometallic Chemistry; vol. 24; nb. 6; (2010); p. 446 - 453",2010,valid,mixed_system,
2637,Epichlorohydrin,"4-(chloromethyl)-1,3-dioxolan-2-one",99.0,140.0,1.00001,2.0,"1,8-diazabicyclo[5.4.0]undec-7-ene",,,,,,,,,,,,,,"cycload‐ dition, chemoselective reaction Yang, Zhen-Zhen; He, Liang-Nian; Miao, Cheng-Xia; Chanfreau, Sebastien; Advanced Synthesis and Catalysis; vol. 352; nb. 13; (2010); p. 2233 - 2240",2010,valid,unknown,
2638,Epichlorohydrin,"4-(chloromethyl)-1,3-dioxolan-2-one",91.0,120.0,1.00001,1.5,sodium iodide,,,,,,,,,,,,,,"Zhou, Xi; Zhang, Yi; Yang, Xiangui; Yao, Jie; Wang, Gongying; Cuihua Xuebao/Chinese Journal of Catalysis; vol. 31; nb. 7; (2010); p. 765 - 768",2010,valid,metal_halide,
2639,Epichlorohydrin,"4-(chloromethyl)-1,3-dioxolan-2-one",79.0,45.0,1.00001,18.0,tetra-(n-butyl)ammonium iodide,,,,,,,,,,dichloromethane,,,,"Decortes, Antonello; Martinez Belmonte, Marta; Benet-Buchholz, Jordi; Kleij, Arjan W.; Chemical Communica‐ tions; vol. 46; nb. 25; (2010); p. 4580 - 4582",2010,valid,unknown,dichloromethane
2641,Epichlorohydrin,"4-(chloromethyl)-1,3-dioxolan-2-one",86.0,20.0,0.1,5.0,triphenylphosphine,,,,,,,,,,无溶剂,,,,"neat (no solvent), chemoselec‐ tive reaction Shibata, Ikuya; Mitani, Ikuko; Imakuni, Akira; Baba, Akio; Tetrahedron Letters; vol. 52; nb. 6; (2011); p. 721 - 723",2011,valid,unknown,无溶剂
2643,Epichlorohydrin,"4-(chloromethyl)-1,3-dioxolan-2-one",98.3,100.0,1.60002,2.0,DMAP,,,,,,,,,,,,,,"Ulusoy, Mahmut; Sahin, Onur; Kilic, Ahmet; Bueyuekguengoer, Orhan; Catalysis Letters; vol. 141; nb. 5; (2011); p. 717 - 725",2011,valid,mixed_system,
2645,Epichlorohydrin,"4-(chloromethyl)-1,3-dioxolan-2-one",98.0,120.0,1.00001,3.0,BrTBDPEG150TBDBr,,,,,,,,,,无溶剂,,,,"Neat (no solvent) Yang, Zhen-Zhen; Zhao, Ya-Nan; He, Liang-Nian; Gao, Jian; Yin, Zhong-Shu; Green Chemistry; vol. 14; nb. 2; (2012); p. 519 - 527",2012,valid,unknown,无溶剂
2646,Epichlorohydrin,"4-(chloromethyl)-1,3-dioxolan-2-one",95.0,50.0,2.53329,0.17,lithium bromide,,,,,,,,,,,,,,"Yu, Tao; Weiss, Richard G.; Green Chemistry; vol. 14; nb. 1; (2012); p. 209 - 216",2012,valid,metal_halide,
2647,Epichlorohydrin,"4-(chloromethyl)-1,3-dioxolan-2-one",83.0,25.0,,18.0,tetra-(n-butyl)ammonium iodide,,,,,,,,,,,,,,"With C54H60Fe2N2O6, tetra-(n-butyl)ammonium iodide in butanone, Time= 18h, T= 25 °C Whiteoak, Christopher J.; Martin, Eddy; Belmonte, Marta Martinez; Benet-Buchholz, Jordi; Kleij, Arjan W.; Advanced Synthesis and Catalysis; vol. 354; nb. 2-3; (2012); p. 469 - 476",2012,valid,unknown,
2648,Epichlorohydrin,"4-(chloromethyl)-1,3-dioxolan-2-one",60.0,45.0,1.00001,18.0,tetra-(n-butyl)ammonium iodide,,,,,,,,,,,,,,"Anselmo, Daniele; Bocokic, Vladica; Decortes, Antonello; Escudero-Adan, Eduardo C.; Benet-Buchholz, Jor‐ di; Reek, Joost N.H.; Kleij, Arjan W.; Polyhedron; vol. 32; nb. 1; (2012); p. 49 - 53",2012,valid,unknown,
2650,Epichlorohydrin,"4-(chloromethyl)-1,3-dioxolan-2-one",97.0,110.0,1.76002,6.0,imidazolium chloride,,,,,,,,,,无溶剂,,,,"Neat (no solvent) Han, Lina; Park, Moon-Seok; Choi, Soo-Jin; Kim, Yu-Jin; Lee, Seon-Myong; Park, Dae-Won; Catalysis Letters; vol. 142; nb. 2; (2012); p. 259 - 266",2012,valid,ionic_liquid,无溶剂
2651,Epichlorohydrin,"4-(chloromethyl)-1,3-dioxolan-2-one",95.0,25.0,0.10133,24.0,"1,8-diazabicyclo[5.4.0]undec-7-ene",,,,,,,,,,,,,,"Aoyagi, Naoto; Furusho, Yoshio; Endo, Takeshi; Chemistry Letters; vol. 41; nb. 3; (2012); p. 240 - 241",2012,valid,unknown,
2652,Epichlorohydrin,"4-(chloromethyl)-1,3-dioxolan-2-one",94.0,120.0,2.00003,4.0,1-ethyl-3-methylimidazolium bromide,,,,,,,,,,,,,,"Sun, Jian; Wang, Jinquan; Cheng, Weiguo; Zhang, Jianxin; Li, Xiaohua; Zhang, Suojiang; She, Yuanbin; Green Chemistry; vol. 14; nb. 3; (2012); p. 654 - 660",2012,valid,ionic_liquid,
2653,Epichlorohydrin,"4-(chloromethyl)-1,3-dioxolan-2-one",95.6,100.0,2.00003,12.0,potassium iodide,,,,,,,,,,无溶剂,,,,"Neat (no solvent) Song, Jinliang; Zhang, Binbin; Zhang, Peng; Ma, Jun; Liu, Jinli; Fan, Honglei; Jiang, Tao; Han, Buxing; Catal‐ ysis Today; vol. 183; nb. 1; (2012); p. 130 - 135",2012,valid,metal_halide,无溶剂
2654,Epichlorohydrin,"4-(chloromethyl)-1,3-dioxolan-2-one",97.5,100.0,2.06848,,DMAP,,,,,,,,,,dichloromethane,,,,"Ulusoy, Mahmut; Birel, Oezguel; Ahin, Onur; Bueyuekguengoer, Orhan; Cetinkaya, Bekir; Polyhedron; vol. 38; nb. 1; (2012); p. 141 - 148",2012,valid,mixed_system,dichloromethane
2657,Epichlorohydrin,"4-(chloromethyl)-1,3-dioxolan-2-one",99.0,100.0,1.50002,2.0,lithium bromide,,DMAP,,,,,,,,,,,,"Kilic, Ahmet; Palali, Ahmet Arif; Durgun, Mustafa; Tasci, Zeynep; Ulusoy, Mahmut; Dagdevren, Metin; Yilmaz, Ismail; Inorganica Chimica Acta; vol. 394; (2013); p. 635 - 644",2013,valid,mixed_system,
2658,Epichlorohydrin,"4-(chloromethyl)-1,3-dioxolan-2-one",90.9,130.0,2.50004,4.0,potassium iodide,,,,,,,,,,,,,,"Zhou, Liang; Liu, Yuanfeng; He, Zhenhong; Luo, Yanping; Zhou, Feng; Yu, Erlei; Hou, Zhenshan; Eli, Wu‐ manjiang; Journal of Chemical Research; vol. 37; nb. 2; (2013); p. 102 - 104",2013,valid,metal_halide,
2660,Epichlorohydrin,"4-(chloromethyl)-1,3-dioxolan-2-one",98.0,140.0,5.00008,3.0,imidazolium chloride,,imidazolium,,,,,,,,,,,,"Auto‐ clave, Green chemistry, Catalytic behavior, Reagent/catalyst, Pressure, Temperature Ghazali-Esfahani, Saeideh; Song, Hongbing; Paunescu, Emilia; Bobbink, Felix D.; Liu, Huizhen; Fei, Zhaofu; Laurenczy, Gabor; Bagherzadeh, Mojtaba; Yan, Ning; Dyson, Paul J.; Green Chemistry; vol. 15; nb. 6; (2013); p. 1584 - 1589",2013,valid,ionic_liquid,
2661,Epichlorohydrin,"4-(chloromethyl)-1,3-dioxolan-2-one",95.0,100.0,17.00029,0.5,tetra-(n-butyl)ammonium iodide,,,,,,,,,,,,,,"Supercriti‐ cal conditions, Autoclave, Catalytic behavior Cuesta-Aluja, Laia; Djoufak, Mary; Aghmiz, Ali; Rivas, Raquel; Christ, Lorraine; Masdeu-Bultó, Anna M.; Jour‐ nal of Molecular Catalysis A: Chemical; vol. 381; (2014); p. 161 - 170",2014,valid,unknown,
2664,Epichlorohydrin,"4-(chloromethyl)-1,3-dioxolan-2-one",44.0,40.0,0.2,2.0,imidazolium bromide,,imidazolium,,,,,,,,,,,,"Wilhelm, Michael E.; Anthofer, Michael H.; Reich, Robert M.; D'Elia, Valerio; Basset, Jean-Marie; Herrmann, Wolfgang A.; Cokoja, Mirza; Kuehn, Fritz E.; Catalysis science and technology; vol. 4; nb. 6; (2014); p. 1638 - 1643",2014,valid,ionic_liquid,
2666,Epichlorohydrin,"4-(chloromethyl)-1,3-dioxolan-2-one",85.0,110.0,0.90001,2.0,zinc diiodide,,,,,,,,,,water,,,,"Siewniak, Agnieszka; Jasiak, Katarzyna; Baj, Stefan; Applied Catalysis A: General; vol. 482; (2014); p. 266 - 274",2014,valid,metal_halide,water
2667,Epichlorohydrin,"4-(chloromethyl)-1,3-dioxolan-2-one",93.0,120.0,1.00001,9.0,imidazolium,,,,,,,,,,无溶剂,,,,"Yang, Zhen-Zhen; Zhao, Yanfei; Ji, Guipeng; Zhang, Hongye; Yu, Bo; Gao, Xiang; Liu, Zhimin; Green Chemis‐ try; vol. 16; nb. 8; (2014); p. 3724 - 3728",2014,valid,ionic_liquid,无溶剂
2670,Epichlorohydrin,"4-(chloromethyl)-1,3-dioxolan-2-one",99.0,120.0,2.00003,8.0,potassium iodide,,,,,,,,,,,,,,"Catalytic behavior Sun, Yong-Bin; Cao, Chang-Yan; Yang, Shu-Liang; Huang, Pei-Pei; Wang, Chun-Ru; Song, Wei-Guo; Chemi‐ cal Communications; vol. 50; nb. 71; (2014); p. 10307 - 10310",2014,valid,metal_halide,
2672,Epichlorohydrin,"4-(chloromethyl)-1,3-dioxolan-2-one",71.4,100.0,1.60002,2.0,lithium bromide,,DMAP,,,,,,,,,,,,"Catalytic behavior, Reagent/cata‐ lyst, Temperature, Pressure, Time Kilic, Ahmet; Kilic, Mehmet Veysi; Ulusoy, Mahmut; Durgun, Mustafa; Aytar, Emine; Dagdevren, Metin; Yil‐ maz, Ismail; Journal of Organometallic Chemistry; vol. 767; (2014); p. 150 - 159",2014,valid,mixed_system,
2673,Epichlorohydrin,"4-(chloromethyl)-1,3-dioxolan-2-one",94.0,20.0,1.00001,1.5,imidazolium,,,,,,,,,,,,,,"Wang, Jinquan; Leong, Jiayu; Zhang, Yugen; Green Chemistry; vol. 16; nb. 10; (2014); p. 4515 - 4519",2014,valid,ionic_liquid,
2674,Epichlorohydrin,"4-(chloromethyl)-1,3-dioxolan-2-one",94.6,70.0,1.00001,0.75,1-ethyl-1-methylpyrrolidinium bromide,,,,,,,,,,,,,,"Catalytic behavior Huo, Zhiyuan; Zhao, Juan; Bu, Zhanwei; Ma, Pengtao; Liu, Qisen; Niu, Jingyang; Wang, Jingping; Chem‐ CatChem; vol. 6; nb. 11; (2014); p. 3096 - 3100",2014,valid,unknown,
2677,Epichlorohydrin,"4-(chloromethyl)-1,3-dioxolan-2-one",94.4,150.0,8.00012,3.0,imidazolium bromide,,imidazolium,,,,,,,,dichloromethane,,,,"Buaki-Sogo, Mireia; Garcia, Hermenegildo; Aprile, Carmela; Catalysis science and technology; vol. 5; nb. 2; (2015); p. 1222 - 1230",2015,valid,ionic_liquid,dichloromethane
2679,Epichlorohydrin,"4-(chloromethyl)-1,3-dioxolan-2-one",66.5,25.0,0.10133,60.0,tetrabutylammonium bromide,,,,,,,,,,,,,,"Zheng, Jun; Wu, Mingyan; Jiang, Feilong; Su, Weiping; Hong, Maochun; Chemical Science; vol. 6; nb. 6; (2015); p. 3466 - 3470",2015,valid,ionic_liquid,
2682,Epichlorohydrin,"4-(chloromethyl)-1,3-dioxolan-2-one",90.0,120.0,1.00001,8.0,imidazolium,,,,,,,,,,ethanol,,,,"Wang, Jinquan; Sng, Waihong; Yi, Guangshun; Zhang, Yugen; Chemical Communications; vol. 51; nb. 60; (2015); p. 12076 - 12079",2015,valid,ionic_liquid,ethanol
2683,Epichlorohydrin,"4-(chloromethyl)-1,3-dioxolan-2-one",97.8,75.0,1.00001,0.5,1-ethyl-1-methylpyrrolidinium bromide,,,,,,,,,,,,,,"Temperature, Pressure Huo, Zhiyuan; Guo, Jipeng; Lu, Jingkun; Xu, Qiaofei; Ma, Pengtao; Zhao, Juan; Zhang, Dongdi; Niu, Jin‐ gyang; Wang, Jingping; RSC Advances; vol. 5; nb. 84; (2015); p. 69006 - 69009",2015,valid,unknown,
2684,Epichlorohydrin,"4-(chloromethyl)-1,3-dioxolan-2-one",75.9,100.0,1.60002,2.0,pyridine,,lithium bromide,,DMAP,,,,,,,,,,"Catalytic behavior, Reagent/cata‐ lyst, Solvent, Temperature Kilic, Ahmet; Ulusoy, Mahmut; Durgun, Mustafa; Aytar, Emine; Keles, Armagan; Dagdevren, Metin; Yilmaz, Ismail; Journal of Coordination Chemistry; vol. 67; nb. 16; (2014); p. 2661 - 2679",2014,valid,mixed_system,
2685,Epichlorohydrin,"4-(chloromethyl)-1,3-dioxolan-2-one",62.1,100.0,1.60002,2.0,DMAP,,,,,,,,,,,,,,"Catalytic behavior, Reagent/cata‐ lyst, Time, Temperature, Pressure Ikiz, Mesut; Ispir, Esin; Aytar, Emine; Ulusoy, Mahmut; Karabu?a, ?emistan; Aslanta?, Mehmet; ?elik, ?mer; New Journal of Chemistry; vol. 39; nb. 10; (2015); p. 7786 - 7796",2015,valid,mixed_system,
2686,Epichlorohydrin,"4-(chloromethyl)-1,3-dioxolan-2-one",91.0,130.0,1.00001,7.0,zinc dibromide,,,,,,,,,,,,,,"Green chemistry Wang, Jinquan; Wei Yang, Jason Gan; Yi, Guangshun; Zhang, Yugen; Chemical Communications; vol. 51; nb. 86; (2015); p. 15708 - 15711",2015,valid,metal_halide,
2687,Epichlorohydrin,"4-(chloromethyl)-1,3-dioxolan-2-one",73.0,140.0,2.00003,4.0,imidazolium,,,,,,,,,,water,,,,"Feng, Miaona; Zhao, Guoying; Gao, Hongling; Zhang, Suojiang; Australian Journal of Chemistry; vol. 68; nb. 10; (2015); p. 1513 - 1517",2015,valid,ionic_liquid,water
2691,Epichlorohydrin,"4-(chloromethyl)-1,3-dioxolan-2-one",98.0,100.0,3.00005,12.0,pyridine,,,,,,,,,,,,,,"Inert atmosphere Buyukcakir, Onur; Je, Sang Hyun; Choi, Dong Shin; Talapaneni, Siddulu Naiudu; Seo, Yongbeom; Jung, You‐ sung; Polychronopoulou, Kyriaki; Coskun, Ali; Chemical Communications; vol. 52; nb. 5; (2016); p. 934 - 937",2016,valid,organic_base,
2692,Epichlorohydrin,"4-(chloromethyl)-1,3-dioxolan-2-one",89.0,45.0,1.00001,10.0,tetrabutylammonium bromide,,,,,,,,,,,,,,"chemoselective reaction Liu, Mei-Pin; Luo, Yan-Ping; Xu, Lei; Sun, Lin; Du, Hong-Bin; Dalton Transactions; vol. 45; nb. 6; (2016); p. 2369 -2373",2016,valid,ionic_liquid,
2693,Epichlorohydrin,"4-(chloromethyl)-1,3-dioxolan-2-one",95.0,70.0,1.00001,12.0,tetra-(n-butyl)ammonium iodide,,,,,,,,,,无溶剂,,,,"Green chemistry Saptal, Vitthal B.; Sasaki, Takehiko; Harada, Kei; Nishio-Hamane, Daisuke; Bhanage, Bhalchandra M.; Chem‐ SusChem; vol. 9; nb. 6; (2016); p. 644 - 650",2016,valid,unknown,无溶剂
2694,Epichlorohydrin,"4-(chloromethyl)-1,3-dioxolan-2-one",98.0,90.0,0.10133,12.0,tetrabutylammonium bromide,,,,,,,,,,无溶剂,,,,"Verma, Shailesh; Si, Mrinal Kanti; Kureshy, Rukhsana I.; Nazish, Mohd; Kumar, Manish; Khan, Noor-Ul H.; Abdi, Sayed H.R.; Bajaj, Hari C.; Ganguly, Bishwajit; Journal of Molecular Catalysis A: Chemical; vol. 417; (2016); p. 135 - 144",2016,valid,ionic_liquid,无溶剂
2695,Epichlorohydrin,"4-(chloromethyl)-1,3-dioxolan-2-one",89.8,100.0,1.60002,2.0,lithium bromide,,DMAP,,,,,,,,,,,,"Catalytic behavior, Reagent/catalyst, Time, Temperature, Pressure Oncel, Nurdal; Kasumov, Veli T.; Sahin, Ertan; Ulusoy, Mahmut; Journal of Organometallic Chemistry; vol. 811; (2016); p. 81 - 90",2016,valid,mixed_system,
2697,Epichlorohydrin,"4-(chloromethyl)-1,3-dioxolan-2-one",87.0,100.0,0.1,12.0,"1,8-diazabicyclo[5.4.0]undec-7-ene",,,,,,,,,,,,,,"Liu, Xi; Zhang, Shuai; Song, Qing-Wen; Liu, Xiao-Fang; Ma, Ran; He, Liang-Nian; Green Chemistry; vol. 18; nb. 9; (2016); p. 2871 - 2876",2016,valid,unknown,
2699,Epichlorohydrin,"4-(chloromethyl)-1,3-dioxolan-2-one",95.0,100.0,0.10133,16.0,DABCO,,,,,,,,,,无溶剂,,,,"Han, Yun-Hu; Zhou, Zhong-Yuan; Tian, Chong-Bin; Du, Shao-Wu; Green Chemistry; vol. 18; nb. 14; (2016); p. 4086 - 4091",2016,valid,mixed_system,无溶剂
2701,Epichlorohydrin,"4-(chloromethyl)-1,3-dioxolan-2-one",84.0,25.0,0.1,48.0,tetrabutylammonium bromide,,,,,,,,,,,,,,"Ji, Guipeng; Yang, Zhenzhen; Zhang, Hongye; Zhao, Yanfei; Yu, Bo; Ma, Zhishuang; Liu, Zhimin; Angewandte Chemie - International Edition; vol. 55; nb. 33; (2016); p. 9685 - 9689; Angew. Chem.; vol. 128; nb. 33; (2016); p. 9837 - 9841,5",2016,valid,ionic_liquid,
2703,Epichlorohydrin,"4-(chloromethyl)-1,3-dioxolan-2-one",65.3,100.0,1.60002,2.0,DMAP,,,,,,,,,,无溶剂,,,,"Auto‐ clave, Reagent/catalyst, Temperature Kilic, Ahmet; Akdag, Seyithan; Aytar, Emine; Durgun, Mustafa; Ulusoy, Mahmut; New Journal of Chemistry; vol. 40; nb. 9; (2016); p. 7901 - 7910",2016,valid,mixed_system,无溶剂
2704,Epichlorohydrin,"4-(chloromethyl)-1,3-dioxolan-2-one",95.0,120.0,2.00003,48.0,pyridine,,,,,,,,,,,,,,"Reagent/catalyst Sun, Qi; Aguila, Briana; Perman, Jason; Nguyen, Nicholas; Ma, Shengqian; Journal of the American Chemical Society; vol. 138; nb. 48; (2016); p. 15790 - 15796",2016,valid,organic_base,
2705,Epichlorohydrin,"4-(chloromethyl)-1,3-dioxolan-2-one",99.0,90.0,0.10133,3.0,tetrabutylammonium bromide,,,,,,,,,,无溶剂,,,,"Temperature Ding, Luo-Gang; Yao, Bing-Jian; Jiang, Wei-Ling; Li, Jiang-Tao; Fu, Qi-Juan; Li, Yan-An; Liu, Zhen-Hua; Ma, Jian-Ping; Dong, Yu-Bin; Inorganic Chemistry; vol. 56; nb. 4; (2017); p. 2337 - 2344",2017,valid,ionic_liquid,无溶剂
2706,Epichlorohydrin,"4-(chloromethyl)-1,3-dioxolan-2-one",98.5,130.0,2.00003,5.0,imidazolium chloride,,imidazolium,,,,,,,,,,,,"Wang, Tao; Wang, Wenlong; Lyu, Yuan; Chen, Xingkun; Li, Cunyao; Zhang, Yan; Song, Xiangen; Ding, Yun‐ jie; RSC Advances; vol. 7; nb. 5; (2017); p. 2836 - 2841",2017,valid,ionic_liquid,
2707,Epichlorohydrin,"4-(chloromethyl)-1,3-dioxolan-2-one",99.0,29.0,0.10133,48.0,tetrabutylammonium bromide,,,,,,,,,,无溶剂,,,,"Sealed tube, Catalytic behavior, Reagent/catalyst Dai, Zhifeng; Sun, Qi; Liu, Xiaolong; Guo, Liping; Li, Jixue; Pan, Shuxiang; Bian, Chaoqun; Wang, Liang; Hu, Xin; Meng, Xiangju; Zhao, Leihong; Deng, Feng; Xiao, Feng-Shou; ChemSusChem; vol. 10; nb. 6; (2017); p. 1186 - 1192",2017,valid,ionic_liquid,无溶剂
2708,Epichlorohydrin,"4-(chloromethyl)-1,3-dioxolan-2-one",99.0,100.0,1.50002,5.0,potassium iodide,,,,,,,,,,无溶剂,,,,"High pressure, Tem‐ perature Liu, Mengshuai; Lu, Xingyuan; Shi, Lei; Wang, Fangxiao; Sun, Jianmin; ChemSusChem; vol. 10; nb. 6; (2017); p. 1110 - 1119",2017,valid,metal_halide,无溶剂
2711,Epichlorohydrin,"4-(chloromethyl)-1,3-dioxolan-2-one",99.0,60.0,0.1,12.0,tetrabutylammonium bromide,,,,,,,,,,无溶剂,,,,"Dong, Jie; Xu, Hang; Hou, Sheng-Li; Wu, Zhi-Lei; Zhao, Bin; Inorganic Chemistry; vol. 56; nb. 11; (2017); p. 6244 - 6250",2017,valid,ionic_liquid,无溶剂
2714,Epichlorohydrin,"4-(chloromethyl)-1,3-dioxolan-2-one",94.0,50.0,0.1,12.0,tetrabutylammonium bromide,,,,,,,,,,,,,,"High pressure Verma, Ashish; De, Dinesh; Tomar, Kapil; Bharadwaj, Parimal K.; Inorganic Chemistry; vol. 56; nb. 16; (2017); p. 9765 - 9771",2017,valid,ionic_liquid,
2715,Epichlorohydrin,"4-(chloromethyl)-1,3-dioxolan-2-one",92.0,110.0,4.00006,9.0,potassium iodide,,,,,,,,,,无溶剂,,,,"Xue, Zhimin; Zhao, Xinhui; Wang, Jinfang; Mu, Tiancheng; Chemistry - An Asian Journal; vol. 12; nb. 17; (2017); p. 2271 - 2277",2017,valid,metal_halide,无溶剂
2717,Epichlorohydrin,"4-(chloromethyl)-1,3-dioxolan-2-one",99.0,100.0,,12.0,tetrabutylammonium bromide,,,,,,,,,,,,,,"With [(Cu4I4)2((R,R)-N,N’-bis(3-tert-butyl-5-(4-pyridyl)salicylidene)-1,2-diphenylethylenediamine )4] ·20DMF·3CH3CN, tetrabutylammomium bromide, Time= 12h, T= 100 °C Li, Jiawei; Ren, Yanwei; Qi, Chaorong; Jiang, Huanfeng; Dalton Transactions; vol. 46; nb. 24; (2017); p. 7821 - 7832",2017,valid,ionic_liquid,
2718,Epichlorohydrin,"4-(chloromethyl)-1,3-dioxolan-2-one",98.0,80.0,0.10133,2.0,tetrabutylammonium bromide,,,,,,,,,,,,,,"Green chemistry, Catalytic behavior, Reagent/catalyst Khatun, Resmin; Bhanja, Piyali; Mondal, Paramita; Bhaumik, Asim; Das, Debasis; Manirul Islam; New Journal of Chemistry; vol. 41; nb. 21; (2017); p. 12937 - 12946",2017,valid,ionic_liquid,
2721,Epichlorohydrin,"4-(chloromethyl)-1,3-dioxolan-2-one",93.0,80.0,2.00003,3.0,tetra-(n-butyl)ammonium iodide,,,,,,,,,,无溶剂,,,,"Saptal, Vitthal B.; Nanda, Binita; Parida, Kulamani M.; Bhanage, Bhalchandra M.; ChemCatChem; vol. 9; nb. 21; (2017); p. 4105 - 4111",2017,valid,unknown,无溶剂
2722,Epichlorohydrin,"4-(chloromethyl)-1,3-dioxolan-2-one",88.6,100.0,1.60002,2.0,lithium bromide,,DMAP,,,,,,,,,,,,"Catalytic behavior, Re‐ agent/catalyst, Temperature, Pressure Sogukomerogullari, Hatice Gamze; Aytar, Emine; Ulusoy, Mahmut; Demir, Sibel; Dege, Necmi; Richeson, Darrin S.; S?nmez, Mehmet; Inorganica Chimica Acta; vol. 471; (2018); p. 290 - 296",2018,valid,mixed_system,
2723,Epichlorohydrin,"4-(chloromethyl)-1,3-dioxolan-2-one",98.0,120.0,1.00001,3.0,tetrabutylammonium bromide,,,,,,,,,,,,,,"Cat‐ alytic behavior, Temperature, Time, Pressure, Reagent/catalyst Xu, Cong; Liu, Yan; Wang, Li; Ma, Jingxin; Yang, Lizi; Pan, Fu-Xin; Kirillov, Alexander M.; Liu, Weisheng; Dal‐ ton Transactions; vol. 46; nb. 47; (2017); p. 16426 - 16431",2017,valid,ionic_liquid,
2724,Epichlorohydrin,"4-(chloromethyl)-1,3-dioxolan-2-one",99.0,100.0,0.10133,24.0,tetrabutylammonium bromide,,,,,,,,,,,,,,"Inert atmosphere, Catalytic behavior Du, Ya; Yang, Haishen; Wan, Shun; Jin, Yinghua; Zhang, Wei; Journal of Materials Chemistry A; vol. 5; nb. 19; (2017); p. 9163 - 9168",2017,valid,ionic_liquid,
2725,Epichlorohydrin,"4-(chloromethyl)-1,3-dioxolan-2-one",98.0,80.0,0.10133,6.0,lithium bromide,,,,,,,,,,,,,,"Delavari, Mahbube; Zadehahmadi, Farnaz; Tangestaninejad, Shahram; Moghadam, Majid; Mirkhani, Valiollah; Mohammadpoor-Baltork, Iraj; Kardanpour, Reihaneh; Applied Organometallic Chemistry; vol. 31; nb. 7; (2017); Art.No: E3656",2017,valid,metal_halide,
2726,Epichlorohydrin,"4-(chloromethyl)-1,3-dioxolan-2-one",99.0,80.0,1.00001,12.0,tetrabutylammonium bromide,,,,,,,,,,,,,,"Fan, Yamei;Li, Jiawei;Ren, Yanwei;Jiang, Huanfeng; European Journal of Inorganic Chemistry; vol. 2017; nb. 43; (2017); p. 4982 - 4989",2017,valid,ionic_liquid,
2728,Epichlorohydrin,"4-(chloromethyl)-1,3-dioxolan-2-one",98.0,90.0,,4.0,tetrabutylammonium bromide,,,,,,,,,,,,,,"With 2C9H4O6 (2-)*C 2H3N*2CH4O*3Zn (2+) *2C2H3N4 (1-), tetrabutylammomium bromide, Time= 4h, T= 90 °C , Auto‐ clave Gao, Xiangxiang; Liu, Mengshuai; Lan, Jianwen; Liang, Lin; Zhang, Xiao; Sun, Jianmin; Crystal Growth and Design; vol. 17; nb. 1; (2017); p. 51 - 57",2017,valid,ionic_liquid,
2729,Epichlorohydrin,"4-(chloromethyl)-1,3-dioxolan-2-one",99.0,100.0,,24.0,imidazolium,,,,,,,,,,无溶剂,,,,"With imidazolium based ionic polymers from 1-(trimethylsilyl)imidazole and 4,4’-bis(chloromethyl)-1,1’-biphenyl in neat (no solvent), Time= 24h, T= 100 °C , Time, Reagent/catalyst Zhong, Wei; Bobbink, Felix D.; Fei, Zhaofu; Dyson, Paul J.; ChemSusChem; vol. 10; nb. 13; (2017); p. 2728 - 2735",2017,valid,ionic_liquid,无溶剂
2730,Epichlorohydrin,"4-(chloromethyl)-1,3-dioxolan-2-one",99.0,120.0,1.00001,10.0,imidazolium,,,,,,,,,,,,,,"Reagent/catalyst, Temperature, Pressure Zhong, Hong; Su, Yanqing; Chen, Xingwei; Li, Xiaoju; Wang, Ruihu; ChemSusChem; vol. 10; nb. 24; (2017); p. 4855 - 4863",2017,valid,ionic_liquid,
2731,Epichlorohydrin,"4-(chloromethyl)-1,3-dioxolan-2-one",96.0,80.0,0.10133,12.0,tetrabutylammonium bromide,,,,,,,,,,,,,,"Kinetics, Catalytic behavior, Reagent/catalyst, Temperature Zhi, Yongfeng; Shao, Pengpeng; Feng, Xiao; Xia, Hong; Zhang, Yumin; Shi, Zhan; Mu, Ying; Liu, Xiaoming; Journal of Materials Chemistry A; vol. 6; nb. 2; (2018); p. 374 - 382",2018,valid,ionic_liquid,
2732,Epichlorohydrin,"4-(chloromethyl)-1,3-dioxolan-2-one",75.0,110.0,1.00001,3.0,tetra-(n-butyl)ammonium iodide,,,,,,,,,,无溶剂,,,,"Green chemistry Bousquet, Benjamin; Martinez, Alexandre; Dufaud, Véronique; ChemCatChem; vol. 10; nb. 4; (2018); p. 843 - 848",2018,valid,unknown,无溶剂
2733,Epichlorohydrin,"4-(chloromethyl)-1,3-dioxolan-2-one",96.0,70.0,3.03994,6.0,tetra-(n-butyl)ammonium iodide,,,,,,,,,,,,,,"Tang, Lei; Zhang, Shengbo; Wu, Qilong; Wang, Xinru; Wu, Hong; Jiang, Zhongyi; Journal of Materials Chemis‐ try A; vol. 6; nb. 7; (2018); p. 2964 - 2973",2018,valid,unknown,
2735,Epichlorohydrin,"4-(chloromethyl)-1,3-dioxolan-2-one",87.2,50.0,0.10133,36.0,tetrabutylammonium bromide,,,,,,,,,,,,,,"Ji, Xiao-He; Zhu, Ning-Ning; Ma, Jian-Gong; Cheng, Peng; Dalton Transactions; vol. 47; nb. 6; (2018); p. 1768 - 1771",2018,valid,ionic_liquid,
2736,Epichlorohydrin,"4-(chloromethyl)-1,3-dioxolan-2-one",99.0,80.0,0.1,12.0,tetrabutylammonium bromide,,,,,,,,,,无溶剂,,,,"Reagent/catalyst, Temperature Song, Tian-Qun; Dong, Jie; Yang, An-Fei; Che, Xue-Jing; Gao, Hong-Ling; Cui, Jian-Zhong; Zhao, Bin; Inor‐ ganic Chemistry; vol. 57; nb. 6; (2018); p. 3144 - 3150",2018,valid,ionic_liquid,无溶剂
2738,Epichlorohydrin,"4-(chloromethyl)-1,3-dioxolan-2-one",87.0,25.0,0.10133,48.0,tetrabutylammonium bromide,,,,,,,,,,无溶剂,,,,"Catalytic behavior, Solvent, Reagent/catalyst, Time Chen, Jing-Jing; Gan, Zhi-Liang; Yi, Xiao-Yi; Catalysis Letters; vol. 148; nb. 3; (2018); p. 852 - 856",2018,valid,ionic_liquid,无溶剂
2742,Epichlorohydrin,"4-(chloromethyl)-1,3-dioxolan-2-one",94.0,70.0,0.1,12.0,tetrabutylammonium bromide,,,,,,,,,,无溶剂,,,,"Green chemistry Cao, Chun-Shuai; Shi, Ying; Xu, Hang; Zhao, Bin; Dalton Transactions; vol. 47; nb. 13; (2018); p. 4545 - 4553",2018,valid,ionic_liquid,无溶剂
2743,Epichlorohydrin,"4-(chloromethyl)-1,3-dioxolan-2-one",91.0,20.0,0.10133,12.0,tetrabutylammonium bromide,,,,,,,,,,,,,,"Ghosh, Swarbhanu; Bhanja, Piyali; Salam, Noor; Khatun, Resmin; Bhaumik, Asim; Islam, Sk. Manirul; Cataly‐ sis Today; vol. 309; (2018); p. 253 - 262",2018,valid,ionic_liquid,
2744,Epichlorohydrin,"4-(chloromethyl)-1,3-dioxolan-2-one",99.0,70.0,0.1,12.0,tetrabutylammonium bromide,,,,,,,,,,,,,,"Jing, Tan; Chen, Lian; Jiang, Feilong; Yang, Yan; Zhou, Kang; Yu, Muxin; Cao, Zhen; Li, Shengchang; Hong, Maochun; Crystal Growth and Design; vol. 18; nb. 5; (2018); p. 2956 - 2963",2018,valid,ionic_liquid,
2745,Epichlorohydrin,"4-(chloromethyl)-1,3-dioxolan-2-one",94.0,20.0,0.10133,5.0,tetrabutylammonium bromide,,,,,,,,,,,,,,"Ghosh, Swarbhanu; Mondal, Paramita; Das, Debasis; Tuhina, Kazi; Islam, Sk. Manirul; Journal of Organome‐ tallic Chemistry; vol. 866; (2018); p. 1 - 12",2018,valid,ionic_liquid,
2746,Epichlorohydrin,"4-(chloromethyl)-1,3-dioxolan-2-one",70.0,25.0,,24.0,tetrabutylammonium bromide,,,,,,,,,,dichloromethane,THF,,,"13 : 1% ZnYL (THF) and 3% tetrabutylammonium bromide catalyze the reaction of epichlorohydrin with car‐ bon dioxide: In the reaction flask, 1 ml of epichlorohydrin (0.0127 mol) was added.0.1512 g of ZnYL (THF) (1.27 x 10-4 mol) and 0.1266 g of tetrabutylammonium bromide (3.81 x 10-4 mol) were attached to a gas bag containing carbon diox‐ ide.React for 24 hours in a 25 ° C oil bath to remove excess carbon dioxide gas.The reaction solution was dissolved in 3 ml of dichloromethane, and the catalyst and tetrabutylammonium bromide were removed by a flash column, and the solvent was evaporated to give a colorless oil.The yield is 70%. With C68H105N2O5YZn, tetrabutylammomium bromide, Time= 24h, T= 25 °C , Temperature PatentUNIV SUZHOU; SOOCHOW UNIVERSITY SUZHOUSoochow University; CN107827855; (2018); (A) Eng‐ lishSOOCHOW UNIVERSITY (SUZHOU)",2018,valid,ionic_liquid,dichloromethane; THF
2747,Epichlorohydrin,"4-(chloromethyl)-1,3-dioxolan-2-one",99.0,80.0,2.00003,12.0,tetrabutylammonium bromide,,,,,,,,,,,,,,"Liu, Anhua; Zhang, Jinju; Lv, Xiaobing; Cuihua Xuebao/Chinese Journal of Catalysis; vol. 39; nb. 8; (2018); p. 1320 - 1328",2018,valid,ionic_liquid,
2748,Epichlorohydrin,"4-(chloromethyl)-1,3-dioxolan-2-one",98.0,120.0,4.00006,5.0,potassium iodide,,,,,,,,,,,,,,"Peng, Jing; Wang, Sheng; Yang, Hai-Jian; Ban, Binru; Wei, Zidong; Wang, Lihua; Bo, Lei; Catalysis Today; vol. 330; (2019); p. 76 - 84",2019,valid,metal_halide,
2752,Epichlorohydrin,"4-(chloromethyl)-1,3-dioxolan-2-one",99.0,57.0,0.10133,3.0,tetrabutylammonium bromide,,imidazolium,,,,,,,,,,,,"Inert atmosphere Huang, Zhangjun; Uranga, Jorge G.; Zhou, Shiliu; Jia, Haiyan; Fei, Zhaofu; Wang, Yefeng; Bobbink, Felix D.; Lu, Qinghua; Dyson, Paul J.; Journal of Materials Chemistry A; vol. 6; nb. 42; (2018); p. 20916 - 20925",2018,valid,ionic_liquid,
2754,Epichlorohydrin,"4-(chloromethyl)-1,3-dioxolan-2-one",90.0,20.0,0.10133,6.0,tetrabutylammonium bromide,,,,,,,,,,water,ethyl acetate,,,"Mondal, Ranjan Kumar; Riyajuddin, Sk; Ghosh, Aniruddha; Ghosh, Swarbhanu; Ghosh, Kaushik; Islam, Sk.Manirul; Journal of Organometallic Chemistry; vol. 880; (2019); p. 322 - 332",2019,valid,ionic_liquid,water; ethyl acetate
2755,Epichlorohydrin,"4-(chloromethyl)-1,3-dioxolan-2-one",99.0,,2.00003,4.0,tetrabutylammonium bromide,,pyridine,,,,,,,,无溶剂,,,,"Guo, Feng; Inorganic Chemistry Communications; vol. 101; (2019); p. 87 - 92",2019,valid,mixed_system,无溶剂
2760,Epichlorohydrin,"4-(chloromethyl)-1,3-dioxolan-2-one",98.0,80.0,2.50004,5.0,tetrabutylammonium bromide,,,,,,,,,,,,,,Journal of Molecular Structure,,valid,ionic_liquid,
2761,Epichlorohydrin,"4-(chloromethyl)-1,3-dioxolan-2-one",97.4,50.0,0.10133,72.0,imidazolium,,,,,,,,,,,,,,Temperature PatentUNIV SHANDONG; SHANDONG UNIVERSITY; CN108947983; (2018); (A) EnglishSHANDONG UNIVERSI‐ TY,2018,valid,ionic_liquid,
2762,Epichlorohydrin,"4-(chloromethyl)-1,3-dioxolan-2-one",69.0,80.0,,48.0,tetrabutylammonium bromide,,,,,,,,,,,,,,"With tetrabutylammomium bromide, Time= 48h, T= 80 °C , Autoclave Kong, Weiping; Liu, Jing; RSC Advances; vol. 9; nb. 9; (2019); p. 4925 - 4931",2019,valid,ionic_liquid,
2764,Epichlorohydrin,"4-(chloromethyl)-1,3-dioxolan-2-one",98.0,80.0,0.10133,48.0,imidazolium,,,,,,,,,,无溶剂,,,,"Ding, Luo-Gang; Yao, Bing-Jian; Li, Fei; Shi, Shao-Chuan; Huang, Ning; Yin, Hua-Bing; Guan, Qun; Dong, Yu-Bin; Journal of Materials Chemistry A; vol. 7; nb. 9; (2019); p. 4689 - 4698",2019,valid,ionic_liquid,无溶剂
2765,Epichlorohydrin,"4-(chloromethyl)-1,3-dioxolan-2-one",96.0,25.0,0.10133,12.0,tetrabutylammonium bromide,,,,,,,,,,dichloromethane,,,,"Reagent/catalyst, Time, Solvent Chen, Jing-Jing;Xu, Yao-Chun;Gan, Zhi-Liang;Peng, Xiao;Yi, Xiao-Yi; European Journal of Inorganic Chemistry; vol. 2019; nb. 13; (2019); p. 1733 - 1739",2019,valid,ionic_liquid,dichloromethane
2767,Epichlorohydrin,"4-(chloromethyl)-1,3-dioxolan-2-one",66.0,24.8,0.1,24.0,zinc dibromide,,,,,,,,,,,,,,"Kinetics, Reagent/catalyst, Pressure, Temperature Shang, Yuhan; Gong, Qing; Zheng, Mai; Zhang, Haibo; Zhou, Xiaohai; Journal of Molecular Liquids; vol. 283; (2019); p. 235 - 241",2019,valid,metal_halide,
2768,Epichlorohydrin,"4-(chloromethyl)-1,3-dioxolan-2-one",98.0,50.0,0.1,12.0,tetrabutylammonium bromide,,,,,,,,,,无溶剂,,,,"Qiao, Wanzhen; Song, Tianqun; Zhao, Bin; Chinese Journal of Chemistry; vol. 37; nb. 5; (2019); p. 474 - 478",2019,valid,ionic_liquid,无溶剂
2770,Epichlorohydrin,"4-(chloromethyl)-1,3-dioxolan-2-one",99.0,70.0,0.1,12.0,tetrabutylammonium bromide,,,,,,,,,,无溶剂,,,,"Xu, Hang; Cao, Chun-Shuai; Hu, Han-Shi; Wang, Shi-Bin; Liu, Jin-Cheng; Cheng, Peng; Kaltsoyannis, Niko‐ las; Li, Jun; Zhao, Bin; Angewandte Chemie - International Edition; vol. 58; nb. 18; (2019); p. 6022 - 6027; Angew. Chem.; vol. 131; nb. 18; (2019); p. 6083 - 6088,6",2019,valid,ionic_liquid,无溶剂
2772,Epichlorohydrin,"4-(chloromethyl)-1,3-dioxolan-2-one",99.0,80.0,,8.0,tetrabutylammonium bromide,,,,,,,,,,,,,,"With 2C21H9NO8 (4-)*5H2O*4C3H7NO*4Mn(2+), tetrabutylammomium bromide, Time= 8h, T= 80 °C , Catalytic behav‐ ior, Mechanism, Temperature Cheng, Shan; Wu, Yunlong; Jin, Jing; Liu, Jiao; Wu, Dan; Yang, Guoping; Wang, Yao-Yu; Dalton Transactions; vol. 48; nb. 22; (2019); p. 7612 - 7618",2019,valid,ionic_liquid,
2773,Epichlorohydrin,"4-(chloromethyl)-1,3-dioxolan-2-one",93.0,20.0,0.10133,48.0,tetrabutylammonium bromide,,,,,,,,,,无溶剂,,,,"He, Liang; Nath, Jayanta Kumar; Lin, Qipu; Chemical Communications; vol. 55; nb. 3; (2019); p. 412 - 415",2019,valid,ionic_liquid,无溶剂
2775,Epichlorohydrin,"4-(chloromethyl)-1,3-dioxolan-2-one",92.0,80.0,1.00001,12.0,tetrabutylammonium bromide,,,,,,,,,,,,,,"Cheng, Weiwei; Xue, Yun-shan; Luo, Xi-Ming; Xu, Yan; Chemical Communications; vol. 54; nb. 91; (2018); p. 12808 - 12811",2018,valid,ionic_liquid,
2777,Epichlorohydrin,"4-(chloromethyl)-1,3-dioxolan-2-one",89.9,100.0,1.60002,2.0,lithium bromide,,DMAP,,,,,,,,,,,,"Catalytic behavior, Reagent/catalyst, Temperature, Pressure Sogukomerogullari, Hatice Gamze; Yal?in, ?erife Pinar; Ceylan, ümit; Aytar, Emine; Aygün, Muhittin; Riche‐ son, Darrin S; S?nmez, Mehmet; Journal of Chemical Sciences; vol. 131; nb. 4; (2019); Art.No: 32",2019,valid,mixed_system,
2778,Epichlorohydrin,"4-(chloromethyl)-1,3-dioxolan-2-one",98.0,110.0,0.98002,18.0,pyridine,,,,,,,,,,无溶剂,,,,"Green chemistry, Catalytic behavior Dela Cruz, Jay-Ar B.; Ruamps, Mirko; Arco, Susan; Hung, Chen-Hsiung; Dalton Transactions; vol. 48; nb. 22; (2019); p. 7527 - 7531",2019,valid,organic_base,无溶剂
2780,Epichlorohydrin,"4-(chloromethyl)-1,3-dioxolan-2-one",87.0,20.0,0.10133,18.0,tetrabutylammonium bromide,,,,,,,,,,,,,,"Catalytic behavior, Reagent/catalyst Bhaskaran; Trivedi, Manoj; Yadav, Anita K.; Singh, Gurmeet; Kumar, Abhinav; Kumar, Girijesh; Husain, Ah‐ mad; Rath, Nigam P.; Dalton Transactions; vol. 48; nb. 27; (2019); p. 10078 - 10088",2019,valid,ionic_liquid,
2781,Epichlorohydrin,"4-(chloromethyl)-1,3-dioxolan-2-one",91.0,25.0,0.1,48.0,tetrabutylammonium bromide,,,,,,,,,,,,,,"Reagent/catalyst Gu, Shuai; Yu, Wenguang; Chen, Jingjing; Zhang, He; Wang, Yan; Tang, Juntao; Yu, Guipeng; Pan, Chunyue; Catalysis science and technology; vol. 9; nb. 16; (2019); p. 4422 - 4428",2019,valid,ionic_liquid,
2783,Epichlorohydrin,"4-(chloromethyl)-1,3-dioxolan-2-one",99.0,80.0,0.1,12.0,tetrabutylammonium bromide,,pyridine,,,,,,,,acetonitrile,,,,"He, Hongming; Zhu, Qian-Qian; Guo, Mei-Tong; Zhou, Qiao-Shu; Chen, Jing; Li, Cheng-Peng; Du, Miao; Crys‐ tal Growth and Design; vol. 19; nb. 9; (2019); p. 5228 - 5236",2019,valid,mixed_system,acetonitrile
2784,Epichlorohydrin,"4-(chloromethyl)-1,3-dioxolan-2-one",99.0,120.0,1.70003,3.0,tetrabutylammonium bromide,,,,,,,,,,,,,,"Catalytic be‐ havior, Reagent/catalyst, Concentration, Temperature, Pressure Ge, Yuansheng; Cheng, Guoe; Xu, Nanfeng; Wang, Weizhou; Ke, Hanzhong; Catalysis science and technology; vol. 9; nb. 16; (2019); p. 4255 - 4261",2019,valid,ionic_liquid,
2785,Epichlorohydrin,"4-(chloromethyl)-1,3-dioxolan-2-one",100.0,20.0,0.10133,5.0,tetrabutylammonium bromide,,,,,,,,,,water,,,,"Catalytic behavior Biswas, Surajit; Roy, Dipanwita; Ghosh, Swarbhanu; Islam, Sk Manirul; Journal of Organometallic Chemistry; vol. 898; (2019); Art.No: 120877",2019,valid,ionic_liquid,water
2786,Epichlorohydrin,"4-(chloromethyl)-1,3-dioxolan-2-one",93.0,80.0,2.00003,3.0,tetra-(n-butyl)ammonium iodide,,copper cobaltite,,,,,,,,无溶剂,,,,"Prasad, Divya; Patil, Komal N.; Bhanushali, Jayesh T.; Nagaraja, Bhari Mallana; Jadhav, Arvind H.; Catalysis science and technology; vol. 9; nb. 16; (2019); p. 4393 - 4412",2019,valid,metal_halide,无溶剂
2787,Epichlorohydrin,"4-(chloromethyl)-1,3-dioxolan-2-one",98.0,80.0,0.50001,6.0,tetrabutylammonium bromide,,,,,,,,,,无溶剂,,,,"Molecular sieve Li, Yixing; Zhang, Xiao; Lan, Jianwen; Xu, Ping; Sun, Jianmin; Inorganic Chemistry; vol. 58; nb. 20; (2019); p. 13917 - 13926",2019,valid,ionic_liquid,无溶剂
2788,Epichlorohydrin,"4-(chloromethyl)-1,3-dioxolan-2-one",91.0,40.0,0.70001,24.0,tetrabutylammonium bromide,,,,,,,,,,无溶剂,,,,"Catalytic behavior, Reagent/catalyst, Pressure, Temperature Tang, Bo; Li, Shuang; Song, Wei-Chao; Li, Yan; Yang, En-Cui; Zhao, Xiao-Jun; Li, Landong; Chemistry - An Asian Journal; vol. 14; nb. 23; (2019); p. 4375 - 4382",2019,valid,ionic_liquid,无溶剂
2789,Epichlorohydrin,"4-(chloromethyl)-1,3-dioxolan-2-one",90.0,100.0,1.00001,3.0,imidazolium,,,,,,,,,,,,,,"Au‐ toclave, High pressure, Heating, Catalytic behavior, Reagent/catalyst Qin, Li; Ji, Yayan; Ding, Tong; Liu, Bo; Wang, Rong; Ji, Liangzheng; Gao, Guohua; Catalysis Letters; vol. 150; nb. 4; (2020); p. 1196 - 1203",2020,valid,ionic_liquid,
2790,Epichlorohydrin,"4-(chloromethyl)-1,3-dioxolan-2-one",99.0,70.0,0.1,15.0,tetrabutylammonium bromide,,,,,,,,,,,,,,"Reagent/catalyst Zhu, Qian-Qian; Zhang, Wen-Wen; Zhang, Han-Wen; Yuan, Ye; Yuan, Rongrong; Sun, Fuxing; He, Hongming; Inorganic Chemistry; vol. 58; nb. 22; (2019); p. 15637 - 15643",2019,valid,ionic_liquid,
2791,Epichlorohydrin,"4-(chloromethyl)-1,3-dioxolan-2-one",67.0,40.0,0.10133,8.0,tetra-(n-butyl)ammonium iodide,,,,,,,,,,,,,,"Catalytic be‐ havior Wang, Hongmei; Zhang, Zulei; Wang, Hailong; Guo, Liping; Li, Lei; Dalton Transactions; vol. 48; nb. 42; (2019); p. 15970 - 15976",2019,valid,unknown,
2792,Epichlorohydrin,"4-(chloromethyl)-1,3-dioxolan-2-one",95.0,,2.00003,7.0,imidazolium,,,,,,,,,,water,ethyl acetate,,,"Heating Guan, Ruqun; Zhang, Xiaoming; Chang, Fangfang; Xue, Nan; Yang, Hengquan; Cuihua Xuebao/Chinese Jour‐ nal of Catalysis; vol. 40; nb. 12; (2019); p. 1874 - 1883",2019,valid,ionic_liquid,water; ethyl acetate
2793,Epichlorohydrin,"4-(chloromethyl)-1,3-dioxolan-2-one",77.3,70.0,1.00001,12.0,tetrabutylammonium bromide,,,,,,,,,,,,,,"Song, Kunpeng; Tang, Cheng; Zou, Zhijuan; Wu, Yundang; Transition Metal Chemistry; vol. 45; nb. 2; (2020); p. 111 - 119",2020,valid,ionic_liquid,
2795,Epichlorohydrin,"4-(chloromethyl)-1,3-dioxolan-2-one",85.0,100.0,0.60001,5.0,"2,5-dihydroxyterephthalohydrazide",,cobalt(II) nitrate,,,,,,,,,,,,"Wu, Fengtian; Lin, Yu; Applied Organometallic Chemistry; vol. 34; nb. 3; (2020); Art.No: E5427",2020,valid,metal_halide,
2796,Epichlorohydrin,"4-(chloromethyl)-1,3-dioxolan-2-one",75.0,80.0,1.00001,24.0,tetrabutylammonium chloride,,,,,,,,,,,,,,"Glovebox, Schlenk technique, Autoclave, Inert atmosphere, Catalytic behavior Driscoll, Oliver J.; Hafford-Tear, Claudia H.; McKeown, Paul; Stewart, Jack A.; Kociok-K?hn, Gabriele; Ma‐ hon, Mary F.; Jones, Matthew D.; Dalton Transactions; vol. 48; nb. 40; (2019); p. 15049 - 15058",2019,valid,ionic_liquid,
2797,Epichlorohydrin,"4-(chloromethyl)-1,3-dioxolan-2-one",93.6,70.0,0.50001,16.0,tetrabutylammonium bromide,,,,,,,,,,,,,,"Cao, Jia-Peng; Xue, Yun-Shan; Li, Ning-Fang; Gong, Jun-Jie; Kang, Run-Kun; Xu, Yan; Journal of the Ameri‐ can Chemical Society; vol. 141; nb. 49; (2019); p. 19487 - 19497",2019,valid,ionic_liquid,
2800,Epichlorohydrin,"4-(chloromethyl)-1,3-dioxolan-2-one",99.0,45.0,0.50001,14.0,tetrabutylammonium bromide,,,,,,,,,,,,,,"Catalytic behavior, Reagent/catalyst, Temperature Borah, Rakhimoni; Deori, Naranarayan; Brahma, Sanfaori; New Journal of Chemistry; vol. 44; nb. 6; (2020); p. 2547 - 2554",2020,valid,ionic_liquid,
2802,Epichlorohydrin,"4-(chloromethyl)-1,3-dioxolan-2-one",98.3,80.0,,,tetrabutylammonium bromide,,,,,,,,,,无溶剂,,,,"With tetrabutylammomium bromide, Zn(2+)*0.5H2O*0.5C 12 H 12N2*C10H5N3O4 (2-) in neat (no solvent), T= 80 °C , Schlenk technique Liu, Jiao;Hang, Ming;Wu, Dan;Jin, Jing;Cheng, Jian-Guo;Yang, Guoping;Wang, Yao-Yu; Inorganic Chemistry; vol. 59; nb. 4; (2020); p. 2450 - 2457",2020,valid,ionic_liquid,无溶剂
2803,Epichlorohydrin,"4-(chloromethyl)-1,3-dioxolan-2-one",93.8,80.0,2.00003,3.0,tetrabutylammonium bromide,,,,,,,,,,,,,,"Guo, Feng; Su, Changhua; Fan, Yuhang; Shi, Wenbing; Australian Journal of Chemistry; vol. 73; nb. 11; (2020); p. 1060 - 1064",2020,valid,ionic_liquid,
2804,Epichlorohydrin,"4-(chloromethyl)-1,3-dioxolan-2-one",99.0,40.0,0.1,72.0,imidazolium,,,,,,,,,,,,,,"Catalytic behavior, Reagent/catalyst, Temperature Zhang, Yadong; Chen, Guojian; Wu, Lei; Liu, Ke; Zhong, Hu; Long, Zhouyang; Tong, Minman; Yang, Zhenz‐ hen; Dai, Sheng; Chemical Communications; vol. 56; nb. 22; (2020); p. 3309 - 3312",2020,valid,ionic_liquid,
2805,Epichlorohydrin,"4-(chloromethyl)-1,3-dioxolan-2-one",95.0,,0.10133,24.0,tetrabutylammonium bromide,,,,,,,,,,,,,,"Liang, Guang-Ming;Xiong, Peng;Azam, Khan;Ni, Qing-Ling;Zeng, Jian-Qiang;Gui, Liu-Cheng;Wang, Xiu-Jian; Inorganic Chemistry; vol. 59; nb. 3; (2020); p. 1653 - 1659",2020,valid,ionic_liquid,
2806,Epichlorohydrin,"4-(chloromethyl)-1,3-dioxolan-2-one",73.0,80.0,1.00001,24.0,tetrabutylammonium chloride,,,,,,,,,,,,,,"Glovebox, Auto‐ clave, Inert atmosphere, Catalytic behavior Driscoll, Oliver J.; Stewart, Jack A.; McKeown, Paul; Jones, Matthew D.; New Journal of Chemistry; vol. 44; nb. 15; (2020); p. 6063 - 6067",2020,valid,ionic_liquid,
2807,Epichlorohydrin,"4-(chloromethyl)-1,3-dioxolan-2-one",91.0,40.0,0.1,24.0,tetrabutylammonium bromide,,,,,,,,,,,,,,"Sealed tube, Cata‐ lytic behavior, Reagent/catalyst Yang, Fan;Li, Yusen;Zhang, Ting;Zhao, Ziqiang;Xing, Guolong;Chen, Long; Chemistry - A European Journal; vol. 26; nb. 20; (2020); p. 4510 - 4514",2020,valid,ionic_liquid,
2808,Epichlorohydrin,"4-(chloromethyl)-1,3-dioxolan-2-one",99.0,20.0,0.1,8.0,tetrabutylammonium bromide,,,,,,,,,,无溶剂,,,,"Reagent/catalyst, Time Liu, Jiao;Wu, Dan;Yang, Guo-Ping;Wu, Yunlong;Zhang, Shuyu;Jin, Jing;Wang, Yao-Yu; Chemistry - A Europe‐ an Journal; vol. 26; nb. 24; (2020); p. 5400 - 5406",2020,valid,ionic_liquid,无溶剂
2809,Epichlorohydrin,"4-(chloromethyl)-1,3-dioxolan-2-one",99.0,20.0,0.10133,,tetrabutylammonium bromide,,,,,,,,,,,,,,"Li, Min-Yu;Wang, Fei;Zhang, Jian; Crystal Growth and Design; vol. 20; nb. 5; (2020); p. 2866 - 2870",2020,valid,ionic_liquid,
2810,Epichlorohydrin,"4-(chloromethyl)-1,3-dioxolan-2-one",98.0,80.0,2.00003,24.0,tetrabutylammonium bromide,,,,,,,,,,无溶剂,,,,"Auto‐ clave, Sealed tube, Catalytic behavior, Reagent/catalyst You, Li-Xin;Yao, Shan-Xin;Zhao, Bai-Bei;Xiong, Gang;Dragutan, Ileana;Dragutan, Valerian;Liu, Xue-Gui;Ding, Fu;Sun, Ya-Guang; Dalton Transactions; vol. 49; nb. 19; (2020); p. 6368 - 6376",2020,valid,ionic_liquid,无溶剂
2811,Epichlorohydrin,"4-(chloromethyl)-1,3-dioxolan-2-one",98.0,,0.1,12.0,tetrabutylammonium bromide,,,,,,,,,,,,,,"Tong, Shuping;Chen, Hui;Cheng, Gang;Zhang, Yaping;Liu, Jingjun;Liu, Jinsheng;Wen, Jiawei; Journal of Co‐ ordination Chemistry; vol. 73; nb. 7; (2020); p. 1086 - 1096",2020,valid,ionic_liquid,
2812,Epichlorohydrin,"4-(chloromethyl)-1,3-dioxolan-2-one",99.0,100.0,3.00005,1.0,tetrabutylammonium bromide,,,,,,,,,,,,,,"Wu, Yunyan;Zuo, Shouwei;Zhao, Yanfei;Wang, Huan;Li, Dongyang;Guo, Shien;Zhao, Zhijuan;Zhang, Jing;Han, Buxing;Liu, Zhimin; Green Chemistry; vol. 22; nb. 9; (2020); p. 2846 - 2851",2020,valid,ionic_liquid,
2813,Epichlorohydrin,"4-(chloromethyl)-1,3-dioxolan-2-one",99.0,,,24.0,tetrabutylammonium bromide,,,,,,,,,,无溶剂,,,,"With C28H13NO  (4-)*2Co(2+)8 *3H2O, tetrabutylammonium bromide in neat (no solvent), Time= 24h Cai, Jin; Zou, Peng-Fei; Australian Journal of Chemistry; vol. 74; nb. 2; (2021); p. 94 - 100",2021,valid,ionic_liquid,无溶剂
2814,Epichlorohydrin,"4-(chloromethyl)-1,3-dioxolan-2-one",99.0,80.0,0.50001,5.0,tetrabutylammonium bromide,,,,,,,,,,,,,,"Guo, Feng;Su, Changhua;Fan, Yuhang;Shi, Wenbing;Zhang, Xiuling; Crystal Growth and Design; vol. 20; nb. 6; (2020); p. 4135 - 4143",2020,valid,ionic_liquid,
2815,Epichlorohydrin,"4-(chloromethyl)-1,3-dioxolan-2-one",98.0,80.0,0.50001,3.0,tetrabutylammonium bromide,,,,,,,,,,water,,,,PatentUNIV NORTHWESTERN; NORTHWESTERN UNIVERSITY ILLINOISNorthwestern University (Illinois); CN111393402; (2020); (A) ChineseNORTHWESTERN UNIVERSITY (ILLINOIS),2020,valid,ionic_liquid,water
2816,Epichlorohydrin,"4-(chloromethyl)-1,3-dioxolan-2-one",99.0,80.0,0.50001,5.0,tetrabutylammonium bromide,,,,,,,,,,,,,,"Ye, Qing;Zhang, Li;Shao, Zhou-Li;Zhang, Wei;Li, Chao;Ye, Xiang-Ming; Inorganica Chimica Acta; vol. 512; (2020); Art.No: 119880",2020,valid,ionic_liquid,
2818,Epichlorohydrin,"4-(chloromethyl)-1,3-dioxolan-2-one",93.5,60.0,,0.33,tetrabutylammonium bromide,,,,,,,,,,acetonitrile,,,,"Stage 1: With cobalt carbide, tetrabutylammomium bromide in acetonitrile, Time= 0.333333h, T= 60 °C , Sealed tube Stage 2: in acetonitrile, Time= 15h, Irradiation, Reagent/catalyst Guo, Qing; Xia, Shu-Guang; Li, Xu-Bing; Wang, Yang; Liang, Fei; Lin, Zhe-Shuai; Tung, Chen-Ho; Wu, Li-Zhu; Chemical Communications; vol. 56; nb. 57; (2020); p. 7849 - 7852",2020,valid,ionic_liquid,acetonitrile
2820,Epichlorohydrin,"4-(chloromethyl)-1,3-dioxolan-2-one",99.0,120.0,0.10133,10.0,imidazolium bromide,,,,,,,,,,无溶剂,,,,"Pressure Gao, Jinwei; Sa, Rongjian; Wang, Ruihu; Wu, Zhicheng; Yang, Shuailong; Zhong, Hong; ChemSusChem; -2020",,valid,ionic_liquid,无溶剂
2821,Epichlorohydrin,"4-(chloromethyl)-1,3-dioxolan-2-one",99.0,100.0,,18.0,pyridine,,,,,,,,,,,,,,"With Br- and COOH anchored on Covalent Organic Framework prepared from triformylphloroglucinol and 2,5-diami‐ nopyridine, Time= 18h, T= 100 °C He, Hongming; Zhu, Qian-Qian; Zhang, Wen-Wen; Zhang, Han-Wen; Chen, Jing; Li, Cheng-Peng; Du, Miao; ChemCatChem; vol. 12; nb. 20; (2020); p. 5192 - 5199",2020,valid,organic_base,
2823,Epichlorohydrin,"4-(chloromethyl)-1,3-dioxolan-2-one",99.0,80.0,1.00001,6.0,tetrabutylammonium bromide,,,,,,,,,,DMF,,,,"Guo, Feng;Su, Changhua;Fan, Yuhang;Shi, Wenbing;Zhang, Xiuling;Xu, Jiakun; Dalton Transactions; vol. 49; nb. 32; (2020); p. 11209 - 11216",2020,valid,ionic_liquid,DMF
2825,Epichlorohydrin,"4-(chloromethyl)-1,3-dioxolan-2-one",91.0,25.0,0.1,48.0,tetrabutylammonium bromide,,,,,,,,,,无溶剂,,,,"Catalytic behavior, Reagent/catalyst Li, Zhi-Wei; Wang, Xin; Wei, Lian-Qiang; Ivanovi?-Burmazovi?, Ivana; Liu, Gao-Feng; Journal of the American Chemical Society; vol. 142; nb. 16; (2020); p. 7283 - 7288",2020,valid,ionic_liquid,无溶剂
2826,Epichlorohydrin,"4-(chloromethyl)-1,3-dioxolan-2-one",97.0,20.0,0.10133,24.0,tetrabutylammonium bromide,,,,,,,,,,无溶剂,,,,"Time, Reagent/catalyst Paul, Priyanka; Salam, Noor; Khan, Aslam; Das, Debasis; Alam, Seikh Mafiz; Islam, Sk. Manirul; New Journal of Chemistry; vol. 44; nb. 32; (2020); p. 13852 - 13862",2020,valid,ionic_liquid,无溶剂
2827,Epichlorohydrin,"4-(chloromethyl)-1,3-dioxolan-2-one",99.0,80.0,0.1,72.0,pyridine,,zinc dibromide,,,,,,,,,,,,"Zhang, Yadong; Luo, Niu; Xu, Jingyu; Liu, Ke; Zhang, Shengqi; Xu, Qinglin; Huang, Rui; Long, Zhouyang; Tong, Minman; Chen, Guojian; Dalton Transactions; vol. 49; nb. 32; (2020); p. 11300 - 11309",2020,valid,mixed_system,
2828,Epichlorohydrin,"4-(chloromethyl)-1,3-dioxolan-2-one",96.0,25.0,,36.0,tetrabutylammonium bromide,,,,,,,,,,methanol,dichloromethane,,,"2.4. Catalytic test General procedure: The catalytic performances of Co-PPOPs were evaluated using varioussubstrates, such as styr‐ ene oxide, 2-(chloromethyl) oxirane, 2-(bromomethyl)oxirane and so on. Using styrene oxide as a representative substrate,the catalytic reaction was carried out at room temperature in a 25mL Schlenk flask. In general, a mixture of tetrabutyl ammonium bromide(TBAB, 0.58 g, 1.8 mmol), Co-PPOPs (20 mg) and styrene oxide (3.00 g,25 mmol) was successively added to the flask. CO2 at atmosphericpressure was then injected through a gas bag. After stirring at roomtemperature for 48 h, the reaction mixture was centrifuged and theinsoluble solid were washed with methanol and dichloromethane forseveral times. The product yield was determined by gas chromatography(GC) using chloro‐ benzene as an internal standard. Further purification ofthe crude product was carried out by silica gel column chro‐ matographyto obtain the pure styrene carbonate for NMR characterization. With tetrabutylammomium bromide, Time= 36h, T= 25 °C , Schlenk technique, Catalytic behavior Guo, Ding;Li, Cheng;Zhang, Juan;Liu, Genyan;Luo, Xiaogang;Wu, FengshouS0022459620306010; Journal of Solid State Chemistry; vol. 293; (2021); Art.No: 121770",2021,valid,ionic_liquid,methanol; dichloromethane
2829,Epichlorohydrin,"4-(chloromethyl)-1,3-dioxolan-2-one",80.0,80.0,0.10133,6.0,tetrabutylammonium bromide,,,,,,,,,,无溶剂,,,,"Inert atmosphere, Schlenk technique, Glovebox, Reagent/catalyst Tran; Nguyen, Phuong T. K.; Luong, Quang T.; Nguyen, Khoi D.; Inorganic Chemistry; vol. 59; nb. 22; (2020); p. 16747 - 16759",2020,valid,ionic_liquid,无溶剂
2830,Epichlorohydrin,"4-(chloromethyl)-1,3-dioxolan-2-one",96.0,100.0,0.10133,5.0,pyridinium,,,,,,,,,,,,,,"Yan, Rui; Chen, Kai; Li, Zhenjiang; Qu, Yuanyuan; Gao, Luoyu; Tong, Haoying; Li, Yongqiang; Li, Jie; Hu, Yongzhu; Guo, Kai; ChemSusChem; vol. 14; nb. 2; (2021); p. 738 - 744",2021,valid,ionic_liquid,
2832,Epichlorohydrin,"4-(chloromethyl)-1,3-dioxolan-2-one",94.0,120.0,0.1,24.0,imidazolium chloride,,imidazolium,,,,,,,,无溶剂,,,,"Catalytic behavior, Reagent/catalyst, Temperature Wu, Qiu-Jin;Mao, Min-Jie;Chen, Jian-Xin;Huang, Yuan-Biao;Cao, Rong; Catalysis science and technology; vol. 10; nb. 23; (2020); p. 8026 - 8033",2020,valid,ionic_liquid,无溶剂
2833,Epichlorohydrin,"4-(chloromethyl)-1,3-dioxolan-2-one",84.0,90.0,0.1,12.0,tetrabutylammonium bromide,6.0,,,,,,,,,无溶剂,,,,"Lv, Jun-Jie;Cao, Feng-Lin;Wang, Mei-Ling;Zong, Xi-Mei;Kang, Xiao-Min;Wu, Zhi-Lei; Polyhedron; vol. 195; (2021); Art.No: 114982",2021,valid,ionic_liquid,无溶剂
2836,Epichlorohydrin,"4-(chloromethyl)-1,3-dioxolan-2-one",99.0,90.0,0.10133,36.0,tetra-(n-butyl)ammonium iodide,,,,,,,,,,,,,,"Cabral, Bruno Noschang; Milani, Jorge Luiz S?nego; Meireles, Alexandre Moreira; Martins, Dayse Carvalho da Silva; Ribeiro, Stephany Larissa da Silva; Rebou?as, Júlio Santos; Donnici, Claudio Luis; das Chagas, Rafael Pav?o; New Journal of Chemistry; vol. 45; nb. 4; (2021); p. 1934 - 1943",2021,valid,unknown,
2837,Epichlorohydrin,"4-(chloromethyl)-1,3-dioxolan-2-one",95.0,120.0,1.50002,3.0,imidazolium bromide,,imidazolium,,,,,,,,,,,,"High pressure, Green chemistry Gou, Haibin; Ma, Xifei; Su, Qian; Liu, Lei; Ying, Ting; Qian, Wei; Dong, Li; Cheng, Weiguo; Physical Chemistry Chemical Physics; vol. 23; nb. 3; (2021); p. 2005 - 2014",2021,valid,ionic_liquid,
2838,Epichlorohydrin,"4-(chloromethyl)-1,3-dioxolan-2-one",99.0,85.0,0.50001,5.0,tetrabutylammonium bromide,,,,,,,,,,,,,,"Yuan, Rongrong; Chen, Hongxu; Zhu, Qian-Qian; He, Hongming; Journal of Solid State Chemistry; vol. 297; (2021); Art.No: 122036",2021,valid,ionic_liquid,
2839,Epichlorohydrin,"4-(chloromethyl)-1,3-dioxolan-2-one",91.0,100.0,,8.0,tetrabutylammonium bromide,,,,,,,,,,,,,,"With tetrabutylammomium bromide, Ca3(tris[(4-carboxyl)phenylduryl]amine)2(N,N-dimethylacetamide)2(H2O)2, Time= 8h, T= 100 °C , Schlenk technique Wang, Ying-Xia; Wang, Hui-Min; Meng, Pan; Song, Dong-Xia; Hou, Juan-Juan; Zhang, Xian-Ming; Dalton Transactions; vol. 50; nb. 5; (2021); p. 1740 - 1745",2021,valid,ionic_liquid,
2840,Epichlorohydrin,"4-(chloromethyl)-1,3-dioxolan-2-one",98.0,100.0,0.1,24.0,tetrabutylammonium bromide,,,,,,,,,,无溶剂,,,,"Reagent/catalyst Kuznetsova, Svetlana A.; Gorodishch, Ilia V.; Gak, Alexander S.; Zherebtsova, Valeria V.; Gerasimov, Igor S.; Medvedev, Michael G.; Kitaeva, Dinara Kh.; Khakina, Ekaterina A.; North, Michael; Belokon, Yuri N.; Tetrahe‐ dron; vol. 82; (2021)",2021,valid,ionic_liquid,无溶剂
2841,Epichlorohydrin,"4-(chloromethyl)-1,3-dioxolan-2-one",93.0,60.0,,12.0,tetrabutylammonium bromide,,,,,,,,,,acetonitrile,,,,"With tetrabutylammomium bromide in acetonitrile, Time= 12h, T= 60 °C , Catalytic behavior Liu, Yong-Liang; Di, Yanqing; Chen, Fengying; Zhou, Chunsheng; Liu, Bo; Dalton Transactions; vol. 50; nb. 11; (2021); p. 3848 - 3853",2021,valid,ionic_liquid,acetonitrile
2842,Epichlorohydrin,"4-(chloromethyl)-1,3-dioxolan-2-one",99.0,80.0,1.00001,8.0,tetrabutylammonium bromide,,,,,,,,,,无溶剂,,,,"Patel, Unnati; Patel, Parth; Parmar, Bhavesh; Dadhania, Abhishek; Suresh, Eringathodi; Crystal Growth and Design; vol. 21; nb. 3; (2021); p. 1833 - 1842",2021,valid,ionic_liquid,无溶剂
2843,Epichlorohydrin,"4-(chloromethyl)-1,3-dioxolan-2-one",100.0,80.0,2.06848,0.75,tetrabutylammonium bromide,,,,,,,,,,无溶剂,,,,"Inert atmosphere, Schlenk technique, Glovebox, Time Kiriratnikom, Jiraya; Laiwattanapaisarn, Nattiya; Vongnam, Kunnigar; Thavornsin, Nopparat; Sae-Ung, Pornpen; Kaeothip, Sophon; Euapermkiati, Anucha; Namuangruk, Supawadee; Phomphrai, Khamphee; Inor‐ ganic Chemistry; vol. 60; nb. 9; (2021); p. 6147 - 6151",2021,valid,ionic_liquid,无溶剂
2844,Epichlorohydrin,"4-(chloromethyl)-1,3-dioxolan-2-one",96.0,20.0,0.1,2.0,tetrabutylammonium bromide,,,,,,,,,,无溶剂,,,,"Baalbaki, Hassan A.; Roshandel, Hootan; Hein, Jason E.; Mehrkhodavandi, Parisa; Catalysis science and tech‐ nology; vol. 11; nb. 6; (2021); p. 2119 - 2129",2021,valid,ionic_liquid,无溶剂
2845,Epichlorohydrin,"4-(chloromethyl)-1,3-dioxolan-2-one",99.0,80.0,0.10133,4.0,tetrabutylammonium bromide,,,,,,,,,,,,,,"Temperature Wang, Yao; Yang, Guo-Ping; Zhang, Peng-Feng; Ma, Lu-Lu; Wang, Jiao-Min; Li, Gao-Peng; Wang, Yao-Yu; Crystal Growth and Design; vol. 21; nb. 5; (2021); p. 2734 - 2743",2021,valid,ionic_liquid,
2846,Epichlorohydrin,"4-(chloromethyl)-1,3-dioxolan-2-one",71.0,45.0,,10.0,tetrabutylammonium bromide,,,,,,,,,,无溶剂,,,,"With tetrabutylammomium bromide, {[Zn4(μ3-2-chloroterephthalato)2(μ4-2-chloroterephthalato)(μ3-OH)2(1,10-phe‐ nanthroline)2]·2H2O}n in neat (no solvent), Time= 10h, T= 45 °C , Temperature, Reagent/catalyst Gu, Jinzhong; Wan, Shimao; Cheng, Xiaoyan; Kirillova, Marina V.; Kirillov, Alexander M.; Crystal Growth and Design; vol. 21; nb. 5; (2021); p. 2876 - 2888",2021,valid,ionic_liquid,无溶剂
2847,Epichlorohydrin,"4-(chloromethyl)-1,3-dioxolan-2-one",99.9,70.0,0.10133,3.0,tetrabutylammonium bromide,,,,,,,,,,,,,,"Reagent/catalyst, Time, Temperature Yu, Wei-Dong; Zhang, Yin; Han, Yu-Yang; Li, Bin; Shao, Sai; Zhang, Le-Ping; Xie, Hong-Ke; Yan, Jun; Inorgan‐ ic Chemistry; vol. 60; nb. 6; (2021); p. 3980 - 3987",2021,valid,ionic_liquid,
2849,Epichlorohydrin,"4-(chloromethyl)-1,3-dioxolan-2-one",98.0,80.0,0.40001,3.0,tetrabutylammonium bromide,,,,,,,,,,,,,,"Wang, Zheng; Wang, Yajun; Xie, Qianjie; Fan, Zhiying; Shen, Yehua; New Journal of Chemistry; vol. 45; nb. 21; (2021); p. 9403 - 9408",2021,valid,ionic_liquid,
2850,Epichlorohydrin,"4-(chloromethyl)-1,3-dioxolan-2-one",96.0,100.0,0.1,8.0,"1,1,3,3-tetramethylguanidine",,,,,,,,,,,,,,"Pres‐ sure Hui, Wei; Wang, Xiang; Li, Xiao-Ning; Wang, Hai-Jun; He, Xue-Mei; Xu, Xin-Yi; New Journal of Chemistry; vol. 45; nb. 24; (2021); p. 10741 - 10748",2021,valid,ionic_liquid,
2851,Epichlorohydrin,"4-(chloromethyl)-1,3-dioxolan-2-one",99.0,60.0,0.1,12.0,tetrabutylammonium bromide,,,,,,,,,,无溶剂,,,,"Wang, Wen-Min; Wang, Wan-Ting; Wang, Mei-Ying; Gu, Ai-Ling; Hu, Tian-Ding; Zhang, Ya-Xin; Wu, Zhi-Lei; Inorganic Chemistry; vol. 60; nb. 12; (2021); p. 9122 - 9131",2021,valid,ionic_liquid,无溶剂
2852,Epichlorohydrin,"4-(chloromethyl)-1,3-dioxolan-2-one",92.0,70.0,0.1,,triethylamine,,,,,,,,,,acetonitrile,,,,"Kinetics, Reagent/catalyst, Temperature, Solvent Muthuramalingam, Sethuraman;Velusamy, Marappan;Mayilmurugan, Ramasamy; Dalton Transactions; vol. 50; nb. 23; (2021); p. 7984 - 7994",2021,valid,organic_base,acetonitrile
2853,Epichlorohydrin,"4-(chloromethyl)-1,3-dioxolan-2-one",83.0,70.0,0.10133,48.0,tetrabutylammonium bromide,,,,,,,,,,无溶剂,,,,"Reagent/catalyst Lin, Haonan; Deng, Cheng-Hua; Qiu, Xiaohang; Liu, Xiao; Ma, Jian-Gong; Cheng, Peng; Crystal Growth and Design; vol. 21; nb. 7; (2021); p. 3728 - 3735",2021,valid,ionic_liquid,无溶剂
2854,Epichlorohydrin,"4-(chloromethyl)-1,3-dioxolan-2-one",95.4,100.0,1.00001,2.5,imidazolium,,,,,,,,,,hexane,,,,"Sealed tube Jiang, Yichen; Wang, Zhijiang; Xu, Ping; Sun, Jianmin; Crystal Growth and Design; vol. 21; nb. 7; (2021); p. 3689 - 3698",2021,valid,ionic_liquid,hexane
2856,Epichlorohydrin,"4-(chloromethyl)-1,3-dioxolan-2-one",96.0,70.0,0.1,12.0,tetrabutylammonium bromide,,,,,,,,,,acetonitrile,,,,"Temperature Kong, Xiang-He; Hu, Kong-Qiu; Mei, Lei; Li, Ailin; Liu, Kang; Zeng, Li-Wen; Wu, Qun-Yan; Chai, Zhi-Fang; Nie, Chang-Ming; Shi, Wei-Qun; Inorganic Chemistry; vol. 60; nb. 15; (2021); p. 11485 - 11495",2021,valid,ionic_liquid,acetonitrile
2857,Epichlorohydrin,"4-(chloromethyl)-1,3-dioxolan-2-one",78.0,60.0,0.1,24.0,2-morpholinoethanol hydriodide,,,,,,,,,,无溶剂,,,,"Schlenk techni‐ que Li, Cheng;Liu, Fei;Zhao, Tianxiang;Gu, Jiarui;Chen, Peng;Chen, TengS2468823121003734; Molecular catalysis; vol. 511; (2021); Art.No: 111756",2021,valid,unknown,无溶剂
2858,Epichlorohydrin,"4-(chloromethyl)-1,3-dioxolan-2-one",99.0,15.0,0.80001,18.0,tetra-(n-butyl)ammonium iodide,,,,,,,,,,,,,,"álvarez-Miguel, Lucía; Burgoa, Jesús Damián; Mosquera, Marta E. G.; Hamilton, Alex; Whiteoak, Christopher J.; ChemCatChem; vol. 13; nb. 19; (2021); p. 4099 - 4110",2021,valid,unknown,
2860,Epichlorohydrin,"4-(chloromethyl)-1,3-dioxolan-2-one",99.9,60.0,0.10133,24.0,tetrabutylammonium bromide,,,,,,,,,,无溶剂,,,,"Catalytic behavior Tang, Jia;Wei, Fen;Ding, Shujiang;Wang, Xiaoxia;Xie, Guanqun;Fan, Hongbo; Chemistry - A European Journal; vol. 27; nb. 50; (2021); p. 12890 - 12899",2021,valid,ionic_liquid,无溶剂
2861,Epichlorohydrin,"4-(chloromethyl)-1,3-dioxolan-2-one",99.0,60.0,0.1,60.0,imidazolium,,,,,,,,,,,,,,"Catalytic behavior, Reagent/catalyst, Temperature, Time Zhang, Yadong; Liu, Ke; Wu, Lei; Huang, He; Xu, Zixuan; Long, Zhouyang; Tong, Minman; Gu, Yingqiu; Qin, Zhenglong; Chen, Guojian; Dalton Transactions; vol. 50; nb. 34; (2021); p. 11878 - 11888",2021,valid,ionic_liquid,
2863,Epichlorohydrin,"4-(chloromethyl)-1,3-dioxolan-2-one",99.0,80.0,0.1,24.0,tetrabutylammonium bromide,,,,,,,,,,,,,,"Reagent/catalyst Qi, Xueping; Chang, Tao; Zhu, Zheng; Hao, Yongjing; Liu, Yufeng; Hou, Jing; Journal of Solid State Chemistry; vol. 304; (2021); Art.No: 122604",2021,valid,ionic_liquid,
2864,Epichlorohydrin,"4-(chloromethyl)-1,3-dioxolan-2-one",99.0,70.0,0.1,12.0,tetrabutylammonium bromide,,,,,,,,,,无溶剂,,,,"Cao, Chun-Shuai;Shi, Ying;Xu, Hang;Zhao, Bin; Chemical Communications; vol. 57; nb. 61; (2021); p. 7537 - 7540",2021,valid,ionic_liquid,无溶剂
2866,Epichlorohydrin,"4-(chloromethyl)-1,3-dioxolan-2-one",99.0,80.0,2.00003,12.0,"1,8-diazabicyclo[5.4.0]undec-7-ene",,BMIM,,sodium bromide,,,,,,ethyl acetate,,,,"Reagent/catalyst, Temperature, Pressure Sun, Jianfei;Li, Zhuojian;Li, Xintong;Xue, Mantong;Yin, Jianzhong; Catalysis Letters; vol. 152; nb. 9; (2022); p. 2669 - 2677",2022,valid,mixed_system,ethyl acetate
2867,Epichlorohydrin,"4-(chloromethyl)-1,3-dioxolan-2-one",99.0,65.0,1.00001,7.0,tetrabutylammonium bromide,,,,,,,,,,,,,,"Khan, Munir Ullah; Khan, Safir Ullah; Kiriratnikom, Jiraya; Zareen, Shah; Zhang, Xinghong; Chinese Chemical Letters; vol. 33; nb. 2; (2022); p. 1081 - 1086",2022,valid,ionic_liquid,
2868,Epichlorohydrin,"4-(chloromethyl)-1,3-dioxolan-2-one",81.0,90.0,0.90001,3.5,potassium iodide,,,,,,,,,,,,,,"Wang, Yajun; Shen, Yehua; Wang, Zheng; New Journal of Chemistry; vol. 45; nb. 43; (2021); p. 20323 - 20328",2021,valid,metal_halide,
2870,Epichlorohydrin,"4-(chloromethyl)-1,3-dioxolan-2-one",99.0,60.0,0.10133,6.0,tetrabutylammonium bromide,,,,,,,,,,,,,,"Meng, Xiao-Yun;Wang, Wen-Juan;Ding, Ze-Yu;Luo, Shu-Xuan;Zhang, Wen-Yan;Yan, Yang-Tian;Yang, Guo- Ping;Wang, Yao-YuS0022459621008586; Journal of Solid State Chemistry; vol. 307; (2022); Art.No: 122813",2022,valid,ionic_liquid,
2871,Epichlorohydrin,"4-(chloromethyl)-1,3-dioxolan-2-one",99.0,60.0,0.10133,6.0,tetrabutylammonium bromide,,,,,,,,,,,,,,"Temperature Meng, Xiao-Yun;Wang, Wen-Juan;Ding, Ze-Yu;Luo, Shu-Xuan;Zhang, Wen-Yan;Yan, Yang-Tian;Yang, Guo- Ping;Wang, Yao-YuS0022459621008586; Journal of Solid State Chemistry; vol. 307; (2022); Art.No: 122813",2022,valid,ionic_liquid,
2872,Epichlorohydrin,"4-(chloromethyl)-1,3-dioxolan-2-one",87.0,120.0,0.60001,12.0,tetrabutylammonium bromide,,,,,,,,,,,,,,"Green chemistry Wu, Ling;Zeng, Qingpeng;Hu, Pinghua;Zong, Taoqi;Wu, Fengtian; Letters in Organic Chemistry; vol. 18; nb. 10; (2021); p. 812 - 816",2021,valid,ionic_liquid,
2877,Epichlorohydrin,"4-(chloromethyl)-1,3-dioxolan-2-one",86.0,20.0,0.10133,24.0,tetrabutylammonium bromide,,,,,,,,,,,,,,"Ding, Qing-Rong;Yu, Yinghua;Cao, Changsheng;Zhang, Jian;Zhang, Lei; Chemical Science; vol. 13; nb. 12; (2022); p. 3395 - 3401",2022,valid,ionic_liquid,
2880,Epichlorohydrin,"4-(chloromethyl)-1,3-dioxolan-2-one",94.0,120.0,1.00001,5.0,tetrabutylammonium bromide,,,,,,,,,,water,,,,"Li, Lei-Lei; Fang, Yi-Fan; Liu, Shuang; Chen, Shuang-Shuang; Wang, Wen-Zhen; Inorganica Chimica Acta; vol. 538; (2022); Art.No: 120979",2022,valid,ionic_liquid,water
2881,Epichlorohydrin,"4-(chloromethyl)-1,3-dioxolan-2-one",89.0,80.0,0.10133,12.0,tetrabutylammonium bromide,,,,,,,,,,无溶剂,,,,"Li, He-Juan;Zhang, Xiang-Yu;Huang, Kun;Qin, Da-BinS0277538722002029; Polyhedron; vol. 220; (2022); Art.No: 115850",2022,valid,ionic_liquid,无溶剂
2882,Epichlorohydrin,"4-(chloromethyl)-1,3-dioxolan-2-one",88.9,70.0,0.10133,19.0,tetrabutylammonium bromide,,,,,,,,,,无溶剂,,,,"Zhai, Xu;Fu, Yu; Inorganic Chemistry; vol. 61; nb. 18; (2022); p. 6881 - 6887",2022,valid,ionic_liquid,无溶剂
2883,Epichlorohydrin,"4-(chloromethyl)-1,3-dioxolan-2-one",72.0,50.0,2.00003,32.0,tetramethylammonium bromide,,,,,,,,,,,,,,"Reagent/catalyst Gharib, Maniya;Esrafili, Leili;Morsali, Ali;Vande Velde, Christophe M.L.;Guo, Zhifang;Junk, Peter C.; Inorganic Chemistry; vol. 61; nb. 18; (2022); p. 6725 - 6732",2022,valid,ionic_liquid,
2884,Epichlorohydrin,"4-(chloromethyl)-1,3-dioxolan-2-one",96.0,45.0,,24.0,tetrabutylammonium bromide,,,,,,,,,,无溶剂,,,,"With tetrabutylammomium bromide, C 24 H 20 N O 4 2*C14H8O5 (2-) *Zn (2+)*4H2O in neat (no solvent), Time= 24h, T= 45 °C , Sealed tube, Catalytic behavior, Reagent/catalyst Rani, Pooja;Husain, Ahmad;Bhasin;Kumar, Girijesh; Inorganic Chemistry; vol. 61; nb. 18; (2022); p. 6977 - 6994",2022,valid,ionic_liquid,无溶剂
2885,Epichlorohydrin,"4-(chloromethyl)-1,3-dioxolan-2-one",93.9,100.0,1.60002,2.0,pyridine,,lithium bromide,,DMAP,,,,,,,,,,"Catalytic behavior, Reagent/catalyst, Temperature, Pressure Sogukomerogullari, Hatice Gamze;Zirek, Ay?e Gül;Aytar, Emine;K?se, Muhammet;S?nmez, Meh‐ metS0022286022007347; Journal of Molecular Structure; vol. 1263; (2022); Art.No: 133074",2022,valid,mixed_system,
2886,Epichlorohydrin,"4-(chloromethyl)-1,3-dioxolan-2-one",92.9,100.0,1.60002,2.0,pyridine,,DMAP,,,,,,,,,,,,"Reagent/catalyst, Temperature, Pressure, Time Gamze Sogukomerogullari, Hatice;Delido?an, Ali;Aytar, Emine;K?se, Ay?egül;S?nmez, Mehmet; Inorganica Chimica Acta; vol. 539; (2022); Art.No: 121040",2022,valid,mixed_system,
2887,Epichlorohydrin,"4-(chloromethyl)-1,3-dioxolan-2-one",99.0,80.0,0.1,24.0,tetrabutylammonium bromide,,,,,,,,,,ethyl acetate,hexane,,,"Temperature, Concentration, Pressure, Reagent/catalyst Ge, Yuansheng;Liu, Wei;Zou, Yizhen;Cheng, Guoe;Ke, Hanzhong; Tetrahedron; vol. 119; (2022); Art.No: 132857",2022,valid,ionic_liquid,ethyl acetate; hexane
2888,Epichlorohydrin,"4-(chloromethyl)-1,3-dioxolan-2-one",85.8,25.0,0.1,48.0,tetrabutylammonium bromide,,,,,,,,,,无溶剂,,,,"Liu, Li-Hua;Liu, Lin;Chi, Hao-Ran;Li, Chen-Ning;Han, Zheng-Bo; Chemical Communications; vol. 58; nb. 44; (2022); p. 6417 - 6420",2022,valid,ionic_liquid,无溶剂
2891,Epichlorohydrin,"4-(chloromethyl)-1,3-dioxolan-2-one",92.9,100.0,1.60002,2.0,pyridine,,DMAP,,,,,,,,,,,,"Reagent/catalyst, Temperature, Pressure, Time Gamze Sogukomerogullari, Hatice;Delido?an, Ali;Aytar, Emine;K?se, Ay?egül;S?nmez, Mehmet; Inorganica Chimica Acta; vol. 539; (2022); Art.No: 121040",2022,valid,mixed_system,
2892,Epichlorohydrin,"4-(chloromethyl)-1,3-dioxolan-2-one",97.0,65.0,0.10133,6.0,tetrabutylammonium bromide,,,,,,,,,,,,,,"Liu, Shurong;Chen, Hongtai;Zhang, Xiutang; ACS Catalysis; vol. 12; nb. 16; (2022); p. 10373 - 10383",2022,valid,ionic_liquid,
2893,Epichlorohydrin,"4-(chloromethyl)-1,3-dioxolan-2-one",99.0,60.0,0.10133,8.0,tetrabutylammonium bromide,,,,,,,,,,无溶剂,,,,"Catalytic behavior Chen, Hongtai;Zhang, Tao;Liu, Shurong;Lv, Hongxiao;Fan, Liming;Zhang, Xiutang; Inorganic Chemistry; vol. 61; nb. 30; (2022); p. 11949 - 11958",2022,valid,ionic_liquid,无溶剂
2894,Epichlorohydrin,"4-(chloromethyl)-1,3-dioxolan-2-one",99.0,60.0,0.10133,18.0,tetrabutylammonium bromide,,,,,,,,,,,,,,"Catalytic behavior, Mechanism Yang, Yuting;Tu, Changzheng;Shi, Junyou;Yang, Xiaoli;Liu, Jian-Jun;Cheng, Feixiang; Crystal Growth and De‐ sign; vol. 22; nb. 8; (2022); p. 4813 - 4820",2022,valid,ionic_liquid,
2895,Epichlorohydrin,"4-(chloromethyl)-1,3-dioxolan-2-one",41.0,150.0,0.60001,2.0,tetra-(n-butyl)ammonium iodide,,,,,,,,,,无溶剂,,,,"Cata‐ lytic behavior Sonzini, Paolo;Berthet, Nicolas;Damiano, Caterina;Dufaud, Véronique;Gallo, Emma; Journal of Catalysis; vol. 414; (2022); p. 143 - 154",2022,valid,unknown,无溶剂
2896,Epichlorohydrin,"4-(chloromethyl)-1,3-dioxolan-2-one",99.0,50.0,0.1,11.0,tetrabutylammonium bromide,,,,,,,,,,,,,,"Sealed tube Wang, Dexin;Said, Amir;Liu, Yanshu;Niu, Huihui;Liu, Caiyun;Wang, Guo;Li, Zhaoyang;Tung, Chen-Ho;Wang, Yifeng; Inorganic Chemistry; vol. 61; nb. 37; (2022); p. 14887 - 14898",2022,valid,ionic_liquid,
2898,Epichlorohydrin,"4-(chloromethyl)-1,3-dioxolan-2-one",97.0,110.0,4.00006,,BMIM,,,,,,,,,,,,,,"Au‐ toclave, Catalytic behavior, Temperature, Reagent/catalyst Yan, Qianqian;Liang, Hao;Wang, Shenglin;Hu, Hui;Su, Xiaofang;Xiao, Songtao;Xu, Huanjun;Jing, Xue‐ chao;Lu, Fei;Gao, Yanan; Molecules; vol. 27; nb. 19; (2022); Art.No: 6204",2022,valid,ionic_liquid,
2899,Epichlorohydrin,"4-(chloromethyl)-1,3-dioxolan-2-one",96.0,50.0,0.1,,tetrabutylammonium bromide,,,,,,,,,,无溶剂,,,,"Sealed tube, Catalytic behavior, Reagent/catalyst, Temperature Qiao, Na;Xin, Xiao-Yan;Guan, Xiao-Fen;Zhang, Chen-Xi;Wang, Wen-Min; Inorganic Chemistry; vol. 61; nb. 38; (2022); p. 15098 - 15107",2022,valid,ionic_liquid,无溶剂
2900,Epichlorohydrin,"4-(chloromethyl)-1,3-dioxolan-2-one",97.0,60.0,0.10133,,tetrabutylammonium bromide,,,,,,,,,,,,,,"Reagent/catalyst Qiao, Junyi;Zhang, Borong;Zhang, Lirong;Liu, Yunling; Journal of Materials Chemistry A; vol. 10; nb. 34; (2022); p. 17773 - 17781",2022,valid,ionic_liquid,
2901,Epichlorohydrin,"4-(chloromethyl)-1,3-dioxolan-2-one",98.0,100.0,0.10133,,tetrabutylammonium bromide,,,,,,,,,,,,,,"Reagent/catalyst Parmar, Bhavesh;Patel, Parth;Bhadu, Gopala Ram;Suresh, Eringathodi; European Journal of Inorganic Chemis‐ try; vol. 2022; nb. 31; (2022); Art.No: e202200410",2022,valid,ionic_liquid,
2902,Epichlorohydrin,"4-(chloromethyl)-1,3-dioxolan-2-one",99.0,,0.10133,,tetrabutylammonium bromide,,,,,,,,,,,,,,"Reagent/catalyst Wang, Yi-Xin;Zhou, Jing-Hui;Xiong, Jun;Huang, Wan-Qi;Li, Quan;Min, Xue;Li, Ming; CrystEngComm; vol. 116; -2022",,valid,ionic_liquid,
2907,Epichlorohydrin,"4-(chloromethyl)-1,3-dioxolan-2-one",99.0,,1.00001,,tetrabutylammonium bromide,,,,,,,,,,,,,,"Temperature Gao, Chao-Ying;Mao, Chen;Yang, Yang;Xu, Ning;Liu, Jinglin;Chen, Xiaohong;Liu, Jinghai;Duan, Limei; Crys‐ tEngComm; vol. 25; nb. 1; (2022); p. 108 - 113",2022,valid,ionic_liquid,
2909,Epichlorohydrin,"4-(chloromethyl)-1,3-dioxolan-2-one",99.0,60.0,0.50001,,tetrabutylammonium bromide,,,,,,,,,,,,,,"Wang, Ji-Lei;Cao, Jia-Peng;Zhu, Yin-Hua;Wang, Qin;Li, Ning-Fang;Fan, Xin-Rong;Mei, Hua;Xu, Yan; Science China Chemistry; vol. 66; nb. 1; (2023); p. 107 - 116",2023,valid,ionic_liquid,
2911,Epichlorohydrin,"4-(chloromethyl)-1,3-dioxolan-2-one",96.0,50.0,0.1,,tetra-(n-butyl)ammonium iodide,,,,,,,,,,无溶剂,,,,"Green chem‐ istry Rostami, Ali;Ebrahimi, Amirhossein;Al-Jassasi, Mohammed;Mirzaei, Saber;Al-Harrasi, Ahmed; Green Chem‐ istry; vol. 24; nb. 23; (2022); p. 9069 - 9083",2022,valid,unknown,无溶剂
2913,Epichlorohydrin,"4-(chloromethyl)-1,3-dioxolan-2-one",98.0,80.0,0.40533,,tetrabutylammonium bromide,,,,,,,,,,无溶剂,,,,"Catalytic behavior Chen, Le;Gao, Wei;Zhu, Cai-Yong;Li, Peng;Li, Ji-Yang;Liu, Jie-Ping;Zhang, Xiu-Mei; Applied Organometallic Chemistry; vol. 37; nb. 3; (2023); Art.No: e7004",2023,valid,ionic_liquid,无溶剂
2914,Epichlorohydrin,"4-(chloromethyl)-1,3-dioxolan-2-one",96.0,100.0,1.00001,,potassium iodide,,18-crown-6 ether,,,,,,,,无溶剂,,,,"Catalytic behavior, Reagent/catalyst, Temperature Liu, Xiangying;Chen, Min;Xu, Wei;Luo, Rongchang; Journal of Polymer Science; vol. 62; nb. 8; (2024); p. 1578 - 1587",2024,valid,metal_halide,无溶剂
2915,Epichlorohydrin,"4-(chloromethyl)-1,3-dioxolan-2-one",97.0,60.0,,,tetrabutylammonium bromide,,,,,,,,,,无溶剂,,,,"With tetrabutylammomium bromide, [Tb2(N′-(2-hydroxy-3-methoxy-5-bromobenzylidene)acetohydra‐ zide)2(CF3CO2)2(H2O)4]*2NO3 in neat (no solvent), T= 60 °C , Catalytic behavior, Reagent/catalyst, Temperature Dolai, Malay;Biswas, Surajit;Moreno-Pineda, Eufemio;Wernsdorfer, Wolfgang;Ali, Mahammad;Alshgari, Ra‐ zan A.;Wabaidur, Saikh Md.;Ghosh, Ashutosh; Crystal Growth and Design; vol. 23; nb. 2; (2023); p. 801 - 810",2023,valid,ionic_liquid,无溶剂
2917,Epichlorohydrin,"4-(chloromethyl)-1,3-dioxolan-2-one",96.0,25.0,0.101325,,tetrabutylammonium bromide,,,,,,,,,,,,,,"2.13 General procedure for the coupling of epoxides with CO2 General procedure: In a Schlenk tube epoxide (20mmol) and TBAB (1mmol) were taken. Activated MOF catalysts (10wt%) was the added to the reaction mixture. The whole mixture was stirred at room temperature with CO2 (99.99%) purging from a balloon for 10h. Upon completion, the catalyst was removed from the reaction mixture by filtration and washing with 5mL of CH2Cl2. The recovered catalyst was then used in the next run during recyclability test. The product cyclic carbonates were isolated by silica gel column chromatography and characterized by 1H NMR spectroscopy. With tetrabutylammomium bromide, 3C 17 H 9NO8 (4-)*6Cu(2+)*6H2O, T= 25 °C , Schlenk technique, Reagent/catalyst De, Dinesh;Sharma, Vivekanand;Sahu, Bharat C.;Sahu, Rajesh K.;Maharana, Tungabidya; Polyhedron; vol. 230; (2023); Art.No: 116240",2023,valid,ionic_liquid,
2919,Epichlorohydrin,"4-(chloromethyl)-1,3-dioxolan-2-one",98.8,80.0,,,tetrabutylammonium bromide,,,,,,,,,,无溶剂,,,,"With tetrabutylammomium bromide, 3Y(3+)*C6H3O5(1-)*4C6H2O5(2-)*9H2O in neat (no solvent), T= 80 °C , Sealed tube, Catalytic behavior, Kinetics, Thermodynamic data, Temperature, Reagent/catalyst Das, Satarupa;Zhang, Jinfang;Chamberlain, Thomas W.;Clarkson, Guy J.;Walton, Richard I.; Inorganic Chem‐ istry; vol. 61; nb. 46; (2022); p. 18536 - 18544",2022,valid,ionic_liquid,无溶剂
2920,Epichlorohydrin,"4-(chloromethyl)-1,3-dioxolan-2-one",99.0,20.0,0.10133,,tetrabutylammonium bromide,,,,,,,,,,无溶剂,,,,"Reagent/catalyst Si, Xuezhen;Pan, Xuze;Xue, Jintang;Yao, Qingxia;Huang, Xianqiang;Duan, Wenzeng;Qiu, Yi;Su, Jie;Cao, Minglei;Li, Jun; RSC Advances; vol. 12; nb. 52; (2022); p. 33501 - 33509",2022,valid,ionic_liquid,无溶剂
2921,Epichlorohydrin,"4-(chloromethyl)-1,3-dioxolan-2-one",92.0,70.0,0.10133,,tetrabutylammonium bromide,,,,,,,,,,methanol,,,,"Huang, Gui-Mei;Pan, Li-Xia;Li, Shi-Ming;Ma, Meng-Xia;Gui, Liu-Cheng;Ni, Qing-Ling; Journal of Solid State Chemistry; vol. 320; (2023); Art.No: 123849",2023,valid,ionic_liquid,methanol
2922,Epichlorohydrin,"4-(chloromethyl)-1,3-dioxolan-2-one",34.0,25.0,0.1,,tetrabutylammonium bromide,,,,,,,,,,acetonitrile,,,,"Catalytic behavior Muthuramalingam, Sethuraman;Velusamy, Marappan;Singh Rajput, Swati;Alam, Mehboob;Mayilmurugan, Ramasamy; Chemistry - An Asian Journal; vol. 18; nb. 6; (2023); Art.No: E202201204",2023,valid,ionic_liquid,acetonitrile
2925,Epichlorohydrin,"4-(chloromethyl)-1,3-dioxolan-2-one",35.0,150.0,0.50001,,zinc chloride,,,,,,,,,,,,,,"Reagent/catalyst Lepre, Enrico;Rat, Sylvain;Cavedon, Cristian;Seeberger, Peter H.;Pieber, Bartholom?us;Antonietti, Mar‐ kus;López-Salas, Nieves; Angewandte Chemie - International Edition; vol. 62; nb. 2; (2023); Art.No: E202211663; Angew. Chem.; vol. 135; nb. 2; (2023)",2023,valid,metal_halide,
2926,Epichlorohydrin,"4-(chloromethyl)-1,3-dioxolan-2-one",96.0,90.0,0.1,,pyridinium,,,,,,,,,,,,,,"Li, Ting;Chen, Minghui;Shi, Quan;Xiong, Ji;Feng, Yaqing;Zhang, Bao; New Journal of Chemistry; vol. 47; nb. 9; (2023); p. 4239 - 4244",2023,valid,ionic_liquid,
2927,Epichlorohydrin,"4-(chloromethyl)-1,3-dioxolan-2-one",98.0,60.0,0.1,,tetrabutylammonium bromide,,,,,,,,,,无溶剂,,,,"Schlenk technique, Temperature, Time, Reagent/catalyst Wang, Wen-Min;Xin, Xiao-Yan;Qiao, Na;Wu, Zhi-Lei;Li, Ling;Zou, Ji-Yong; Dalton Transactions; vol. 51; nb. 36; (2022); p. 13957 - 13969",2022,valid,ionic_liquid,无溶剂
2929,Epichlorohydrin,"4-(chloromethyl)-1,3-dioxolan-2-one",70.7,,0.10133,,tetrabutylammonium bromide,,,,,,,,,,,,,,"Catalytic be‐ havior, Reagent/catalyst Zhang, Xiuling;Zhang, Yongzheng;Zhou, Wenfeng;Liu, Huiling;Zhang, Dashuai;Hu, Hui;Lv, Chao;Liu, Sui‐ jun;Geng, Longlong; Chinese Chemical Letters; vol. 34; nb. 3; (2023); Art.No: 107368",2023,valid,ionic_liquid,
2930,Epichlorohydrin,"4-(chloromethyl)-1,3-dioxolan-2-one",96.0,25.0,0.10133,,tetrabutylammonium bromide,,,,,,,,,,,,,,"Reagent/catalyst De, Dinesh;Sharma, Vivekanand;Sahu, Bharat C.;Sahu, Rajesh K.;Maharana, Tungabidya; Polyhedron; vol. 230; (2023); Art.No: 116240",2023,valid,ionic_liquid,
2934,Epichlorohydrin,"4-(chloromethyl)-1,3-dioxolan-2-one",93.0,130.0,3.00005,,zinc dibromide,,,,,,,,,,,,,,PatentHUIZHOU GREEN ENERGY AND NEW MATERIAL RES INSTITUTE;INST PROCESS ENG CAS; INSTI‐ TUTE OF PROCESS ENGINEERING CAS; CN115724820; (2023); (A) ChineseHUIZHOU GREEN ENERGY AND NEW MATERIAL RESEARCH INSTITUTE; CHINESE ACADEMY OF SCIENCES; Institute of Process Engineering (in: CAS),2023,valid,metal_halide,
2935,Epichlorohydrin,"4-(chloromethyl)-1,3-dioxolan-2-one",98.0,60.0,0.1,,tetrabutylammonium bromide,,,,,,,,,,无溶剂,,,,"Schlenk technique Wang, Wen-Min;Xin, Xiao-Yan;Qiao, Na;Wu, Zhi-Lei;Li, Ling;Zou, Ji-Yong; Dalton Transactions; vol. 51; nb. 36; (2022); p. 13957 - 13969",2022,valid,ionic_liquid,无溶剂
2936,Epichlorohydrin,"4-(chloromethyl)-1,3-dioxolan-2-one",79.0,140.0,3.00005,,tetrabutylammonium bromide,,,,,,,,,,chlorobenzene,,,,"Hu, Haiyan;Li, Yudong;Li, Yang;Ding, Yong;Sun, Yuxia;Li, Yuehui; Journal of Catalysis; vol. 421; (2023); p. 45 - 54",2023,valid,ionic_liquid,chlorobenzene
2937,Epichlorohydrin,"4-(chloromethyl)-1,3-dioxolan-2-one",88.0,120.0,2.00003,,methyltrioctylammonium hydroquinolate,,,,,,,,,,无溶剂,,,,"Bragato, Nicola;Perosa, Alvise;Selva, Maurizio;Fiorani, Giulia; ChemCatChem; vol. 15; nb. 5; (2023); Art.No: E202201373",2023,valid,ionic_liquid,无溶剂
2939,Epichlorohydrin,"4-(chloromethyl)-1,3-dioxolan-2-one",99.2,100.0,0.10133,,DMAP,,,,,,,,,,,,,,"Catalytic behavior, Time, Reagent/ catalyst, Temperature, Pressure Aytar, Emine; Journal of Molecular Structure; vol. 1284; (2023); Art.No: 135331",2023,valid,mixed_system,
2940,Epichlorohydrin,"4-(chloromethyl)-1,3-dioxolan-2-one",99.0,80.0,0.10133,,tetrabutylammonium bromide,,,,,,,,,,无溶剂,,,,"Sealed tube, Temperature Said, Amir;Zhang, Guanyun;Liu, Caiyun;Wang, Dexin;Niu, Huihui;Liu, Yanshu;Chen, Guanjie;Tung, Chen- Ho;Wang, Yifeng; Dalton Transactions; vol. 52; nb. 8; (2023); p. 2392 - 2403",2023,valid,ionic_liquid,无溶剂
2943,Epichlorohydrin,"4-(chloromethyl)-1,3-dioxolan-2-one",99.0,65.0,0.10133,,tetrabutylammonium bromide,,,,,,,,,,无溶剂,,,,"Temperature Liu, Shurong;Chen, Hongtai;Fan, Liming;Zhang, Xiutang; Inorganic Chemistry; vol. 62; nb. 8; (2023); p. 3562 - 3572",2023,valid,ionic_liquid,无溶剂
2944,Epichlorohydrin,"4-(chloromethyl)-1,3-dioxolan-2-one",86.0,50.0,1.00001,,tetrabutylammonium bromide,,,,,,,,,,无溶剂,,,,"Green chemistry Navarro, Marta;Garcés, Andrés;Sánchez-Barba, Luis F.;González-Lizana, David;Lara-Sánchez, Agustín; Dal‐ ton Transactions; vol. 52; nb. 18; (2023); p. 6105 - 6116",2023,valid,ionic_liquid,无溶剂
2945,Epichlorohydrin,"4-(chloromethyl)-1,3-dioxolan-2-one",94.0,50.0,0.10133,,tetrabutylammonium bromide,,,,,,,,,,,,,,"Yang, Miao;Chen, Xun;Xie, Yifei;El-Sayed, El-Sayed M.;Xu, Ning;Wang, Wenjing;Su, Kongzhao;Yuan, Da‐ qiang; Science China Chemistry; vol. 66; nb. 6; (2023); p. 1763 - 1770",2023,valid,ionic_liquid,
2946,Epichlorohydrin,"4-(chloromethyl)-1,3-dioxolan-2-one",99.0,60.0,0.50001,,tetrabutylammonium bromide,,,,,,,,,,,,,,"Wang, Ji-Lei;Cao, Jia-Peng;Zhu, Yin-Hua;Wang, Qin;Li, Ning-Fang;Fan, Xin-Rong;Mei, Hua;Xu, Yan; Science China Chemistry; vol. 66; nb. 1; (2023); p. 107 - 116",2023,valid,ionic_liquid,
2949,Epichlorohydrin,"4-(chloromethyl)-1,3-dioxolan-2-one",98.0,100.0,1.60002,,lithium bromide,,DMAP,,,,,,,,,,,,"Catalytic be- havior, Reagent/catalyst, Temperature, Time, Pressure Kilic, Ahmet;Alhafez, Anas;Aytar, Emine;Soylemez, Rahime; Inorganica Chimica Acta; vol. 554; (2023); Art.No: 121547",2023,valid,mixed_system,
2950,Epichlorohydrin,"4-(chloromethyl)-1,3-dioxolan-2-one",99.0,60.0,0.10133,,tetrabutylammonium bromide,,,,,,,,,,无溶剂,,,,"Di, Yanqing;Chen, Yiheng;Cao, Yang;Cui, Xiaowei;Liu, Yongliang;Zhou, Chunsheng;Di, Youying; Catalysis Letters; vol. 154; nb. 3; (2024); p. 974 - 981",2024,valid,ionic_liquid,无溶剂
2951,Epichlorohydrin,"4-(chloromethyl)-1,3-dioxolan-2-one",68.0,100.0,0.1,,tetrabutylammonium bromide,,,,,,,,,,,,,,"Dong, Jurong;Wang, Yufei;Lu, Yu-Lin;Zhang, Li; Chinese Chemical Letters; vol. 34; nb. 7; (2023); Art.No: 108052",2023,valid,ionic_liquid,
2952,Epichlorohydrin,"4-(chloromethyl)-1,3-dioxolan-2-one",99.0,55.0,0.10133,,tetrabutylammonium bromide,,,,,,,,,,acetonitrile,,,,"Wang, Lianlian;Qiao, Wanzhen;Liu, Han;Li, Shuwen;Wu, Jie;Hou, Hongwei; Inorganic Chemistry; vol. 62; nb. 9; (2023); p. 3817 - 3826",2023,valid,ionic_liquid,acetonitrile
2955,Epichlorohydrin,"4-(chloromethyl)-1,3-dioxolan-2-one",95.0,100.0,2.00003,,imidazolium,,pyridine,,,,,,,,,,,,"Temperature, Pressure Wang, Peiru;Lv, Quan;Tao, Yujie;Cheng, Linyan;Li, RuoPing;Jiao, Yiwei;Fang, Cheng;Li, Hongping;Geng, Chuhuan;Sun, Chuanyu;Ding, Jing;Wan, Hui;Guan, Guofeng; Molecular catalysis; vol. 544; (2023); Art.No: 113157",2023,valid,mixed_system,
2956,Epichlorohydrin,"4-(chloromethyl)-1,3-dioxolan-2-one",89.0,20.0,0.10133,,tetrabutylammonium bromide,,,,,,,,,,无溶剂,,,,"Catalytic behavior, Reagent/catalyst Trivedi, Manoj;Singh, Gurmeet;Sharma, Raj Kishore;Rath, Nigam P.;Husain, Ahmad; New Journal of Chemis‐ try; vol. 47; nb. 22; (2023); p. 10585 - 10592",2023,valid,ionic_liquid,无溶剂
2959,Epichlorohydrin,"4-(chloromethyl)-1,3-dioxolan-2-one",93.0,80.0,,,tetrabutylammonium bromide,,,,,,,,,,dichloromethane,,,,"2.4. Catalytic reactions General procedure: Firstly, cluster 1 (15.0 mg), the epoxide substrate (2.0 mmol),cocatalyst (TBAB, 2.0 mmol) and excess CO2 (99.99%) were sealed in a Schlenk tube (25 mL), subsequently, the resulting reaction was stirred at30-90 C for 12 h. When the reaction is completely over, the obtainedmixture was dissolved in dichloromethane sol‐ vent (5.0 mL). Aftercentrifugation, the yield of the corresponding product was determinedby 1H NMR (1,3,5-trime‐ thoxybenzene as an internal standard). With tetrabutylammomium bromide, C52H64Er4N4O24*2C2H3N, T= 80 °C , Schlenk technique Zhao, Jin-Yu;Yang, Chen;Bian, Xiao-Yun;Qiu, Jing;Ren, Shu-Yi;Fang, Ming; Inorganica Chimica Acta; vol. 556; (2023); Art.No: 121560",2023,valid,ionic_liquid,dichloromethane
2961,Epichlorohydrin,"4-(chloromethyl)-1,3-dioxolan-2-one",98.0,,0.80001,,tetra-(n-butyl)ammonium iodide,,,,,,,,,,无溶剂,,,,"High pressure Cabrera, Diego Jaraba;Lewis, Ryan D.;Díez-Poza, Carlos;álvarez-Miguel, Lucía;Mosquera, Marta E. G.;Hamil‐ ton, Alex;Whiteoak, Christopher J.; Dalton Transactions; vol. 52; nb. 18; (2023); p. 5882 - 5894",2023,valid,unknown,无溶剂
2962,Epichlorohydrin,"4-(chloromethyl)-1,3-dioxolan-2-one",96.0,80.0,0.40533,,tetrabutylammonium bromide,,pyridine,,,,,,,,无溶剂,,,,"Green chemistry, Catalytic behavior Xu, Zhen;Zhao, Ya-Yu;Chen, Le;Zhu, Cai-Yong;Li, Peng;Gao, Wei;Li, Ji-Yang;Zhang, Xiu-Mei; Dalton Transac‐ tions; vol. 52; nb. 12; (2023); p. 3671 - 3681",2023,valid,mixed_system,无溶剂
2963,Epichlorohydrin,"4-(chloromethyl)-1,3-dioxolan-2-one",98.8,80.0,0.30001,,tetrabutylammonium bromide,,,,,,,,,,,,,,Reagent/catalyst PatentSHANGHAI RUKUN NEW MAT CO LTD; SHANGHAI RUKUN NEW MAT; CN116462654; (2023); (A) Chine‐ seSHANGHAI RUKUN NEW MAT,2023,valid,ionic_liquid,
2964,Epichlorohydrin,"4-(chloromethyl)-1,3-dioxolan-2-one",99.0,140.0,0.1,,imidazolium,,,,,,,,,,ethyl acetate,,,,"Catalytic behavior Liao, Xu;Wang, Zeyu;Kong, Lingzheng;Gao, Xilin;He, Jiao;Huang, Dongha;Lin, Jinqing; Molecular catalysis; vol. 535; (2023); Art.No: 112834",2023,valid,ionic_liquid,ethyl acetate
2965,Epichlorohydrin,"4-(chloromethyl)-1,3-dioxolan-2-one",99.0,20.0,0.10133,,tetrabutylammonium bromide,,,,,,,,,,无溶剂,,,,"Pressure Pan, Xuze;Si, Xuezhen;Zhang, Xiaoying;Yao, Qingxia;Li, Yunwu;Duan, Wenzeng;Qiu, Yi;Su, Jie;Huang, Xian‐ qiang; Dalton Transactions; vol. 52; nb. 12; (2023); p. 3896 - 3906",2023,valid,ionic_liquid,无溶剂
2967,Epichlorohydrin,"4-(chloromethyl)-1,3-dioxolan-2-one",99.0,85.0,,,tetra-(n-butyl)ammonium iodide,,,,,,,,,,,,,,"With tetra-(n-butyl)ammonium iodide, 2-(quinolin-8-ylcarbamoyl)phenyl tellurenyl iodide, T= 85 °C , Catalytic behav‐ ior Jain, Saket;Batabyal, Monojit;Thorat, Raviraj Ananda;Choudhary, Pratibha;Jha, Raushan Kumar;Kumar, Sangit; Chemistry - A European Journal; vol. 29; nb. 49; (2023); Art.No: e202301502",2023,valid,unknown,
2969,Epichlorohydrin,"4-(chloromethyl)-1,3-dioxolan-2-one",97.0,25.0,0.10133,,tetrabutylammonium bromide,,,,,,,,,,无溶剂,,,,"Catalytic behavior Wang, Jian-Ge;Liu, Yang;Liu, Chun-Mei;Chen, Jing-Huo;Yang, Guang; Dalton Transactions; vol. 52; nb. 27; (2023); p. 9275 - 9281",2023,valid,ionic_liquid,无溶剂
2971,Epichlorohydrin,"4-(chloromethyl)-1,3-dioxolan-2-one",96.0,80.0,0.1,,tetrabutylammonium bromide,,,,,,,,,,,,,,"Catalytic behavior, Reagent/catalyst Yu, Xueyue;Gu, Jiaming;Liu, Xinyao;Chang, Zhiyong;Liu, Yunling; Inorganic Chemistry; vol. 62; nb. 29; (2023); p. 11518 - 11527",2023,valid,ionic_liquid,
2972,Epichlorohydrin,"4-(chloromethyl)-1,3-dioxolan-2-one",99.0,50.0,0.50001,,tetrabutylammonium bromide,,,,,,,,,,无溶剂,,,,"Catalytic behavior Seal, Nilanjan;Palakkal, Athulya S.;Pillai, Renjith S.;Neogi, Subhadip; Inorganic Chemistry; vol. 62; nb. 29; (2023); p. 11528 - 11540",2023,valid,ionic_liquid,无溶剂
2973,Epichlorohydrin,"4-(chloromethyl)-1,3-dioxolan-2-one",98.0,80.0,0.1,,tetrabutylammonium bromide,,,,,,,,,,无溶剂,,,,"Catalytic behavior Qiao, Na;Xin, Xiao-Yan;Wang, Wen-Min;Wu, Zhi-Lei;Cui, Jian-Zhong; Dalton Transactions; vol. 52; nb. 31; (2023); p. 10725 - 10736",2023,valid,ionic_liquid,无溶剂
2974,Epichlorohydrin,"4-(chloromethyl)-1,3-dioxolan-2-one",91.0,100.0,2.00003,,tetrabutylammonium iodide,,,,,,,,,,无溶剂,,,,"Sealed tube Prasad, Divya;Alla, Sarat Chandra;Bawiskar, Dipak B.;Gholap, Sandeep Suryabhan;Jadhav, Arvind H.; Catal‐ ysis Letters; vol. 154; nb. 4; (2024); p. 1581 - 1602",2024,valid,ionic_liquid,无溶剂
2976,Epichlorohydrin,"4-(chloromethyl)-1,3-dioxolan-2-one",96.5,89.8,0.1,,potassium iodide,,,,,,,,,,,,,,"Temperature, Reagent/catalyst Li, Ningning;Liu, Xuanbo;Zhang, Yuhang;Liu, Sen;Wang, Xionglei;Chang, Tao;Zhu, Zheng;Qin, Shenjun;Hao, YongjingS246882312300562X; Molecular catalysis; vol. 549; (2023); Art.No: 113479",2023,valid,metal_halide,
2977,Epichlorohydrin,"4-(chloromethyl)-1,3-dioxolan-2-one",97.0,50.0,1.00001,,tetrabutylammonium bromide,,,,,,,,,,,,,,"Liu, Bo-Han;Luo, Xian-Sheng;Deng, Han-Lin;Zhang, Zhi-Hao;Fan, Wen-Hao;Zhang, Qi;Huang, Mu-Hua; Jour‐ nal of Polymer Science; vol. 62; nb. 8; (2024); p. 1706 - 1713",2024,valid,ionic_liquid,
2979,Epichlorohydrin,"4-(chloromethyl)-1,3-dioxolan-2-one",99.0,25.0,0.10133,,tetrabutylammonium bromide,,,,,,,,,,,,,,"Zhao, Xiaoli;Tang, Yue;Wang, Yuxuan;Rong, Xinjing;Wu, Pengyan;Li, Zihan;Cai, Ning;Deng, Xinyi;Wang, Jian; Chemical Communications; vol. 59; nb. 73; (2023); p. 10944 - 10947",2023,valid,ionic_liquid,
2982,Epichlorohydrin,"4-(chloromethyl)-1,3-dioxolan-2-one",99.0,85.0,0.1,,tetrabutylammonium bromide,,,,,,,,,,,,,,"Qing, Yuting;Tan, Ziyun;Zhang, Hejinglong;Wang, Yanwei;Shi, Yize;Yuan, Dan;Li, Wenyi;Yao, Yingming; Or‐ ganometallics; vol. 42; nb. 15; (2023); p. 2102 - 2110",2023,valid,ionic_liquid,
2983,Epichlorohydrin,"4-(chloromethyl)-1,3-dioxolan-2-one",99.0,60.0,0.1,,tetrabutylammonium bromide,,,,,,,,,,无溶剂,,,,"Sealed tube, Catalytic behavior, Reagent/catalyst, Temperature Wang, Wen-Min;Cheng, Rui-Rui;Wu, Zhi-Lei;Cui, Jian-Zhong; Inorganic Chemistry; vol. 62; nb. 37; (2023); p. 14902 - 14911",2023,valid,ionic_liquid,无溶剂
2984,Epichlorohydrin,"4-(chloromethyl)-1,3-dioxolan-2-one",99.0,20.0,0.10133,,tetrabutylammonium bromide,,,,,,,,,,,,,,"Said, Amir;Zhang, Guanyun;Wang, Dexin;Chen, Guanjie;Liu, Yanshu;Gao, Fangfang;Tung, Chen-Ho;Wang, Yifeng; Inorganic Chemistry; vol. 62; nb. 33; (2023); p. 13476 - 13484",2023,valid,ionic_liquid,
2986,Epichlorohydrin,"4-(chloromethyl)-1,3-dioxolan-2-one",97.0,20.0,0.101325,,tetra-(n-butyl)ammonium iodide,,tetrabutylammonium iodide,3.0,,,,,,,,,,,"2.4 General Procedure fortheSynthesis ofCyclicCarbonates fromEpoxide andCO2(5 and7) General procedure: Epoxide 4 (or 6) (1.0 equiv.), Catalyst 3 (3.0mol %) and cocatalystTBAI (6.0mol %) were taken in a 5.0mL screw capvial with magnetic stir bead and sealed with septum. Then,the carbon dioxide purged through a needle balloon and thereaction was continued at room temperature for 24.0h. Aftercompletion of the reaction as monitored by TLC, the conversionsof the reactions were obtained by GC and then thecyclic carbonate product was isolated by column chromatographicpurifcation using 60-120 silica gel. Mixture of ethylacetate in petroleum ether was used as eluent to aford thecorresponding product 5 (or 7) in the pure form. With 2-((E)-((Z)-4-hydroxypent-3-en-2-ylidene)amino)phenol, tetra-(n-butyl)ammonium iodide, T= 20 °C , Sealed tube, Catalytic behavior Roy, Shilpa;Das, Koushik;Halder, Sandipan; Catalysis Letters; vol. 154; nb. 5; (2024); p. 2243 - 2254",2024,valid,ionic_liquid,
2987,Epichlorohydrin,"4-(chloromethyl)-1,3-dioxolan-2-one",94.0,80.0,0.50001,,tetrabutylammonium bromide,,,,,,,,,,无溶剂,,,,"Torabi, Hossein;Eshghi, Hossein;Ghodsinia, Sara S.E.;Sanati-Tirgan, Parvin; Molecular catalysis; vol. 550; (2023); Art.No: 113552",2023,valid,ionic_liquid,无溶剂
2990,Epichlorohydrin,"4-(chloromethyl)-1,3-dioxolan-2-one",99.0,60.0,0.10133,,tetrabutylammonium bromide,,,,,,,,,,无溶剂,,,,"Si, Xuezhen;Yao, Qingxia;Pan, Xuze;Zhang, Xiaoying;Zhang, Chenglu;Li, Zhanqiang;Duan, Wenzeng;Hou, Jinle;Huang, Xianqiang; Inorganic Chemistry; vol. 62; nb. 37; (2023); p. 15006 - 15014",2023,valid,ionic_liquid,无溶剂
2991,Epichlorohydrin,"4-(chloromethyl)-1,3-dioxolan-2-one",98.0,110.0,1.50002,,L-arginine,,,,,,,,,,无溶剂,,,,"Inert atmosphere, Green chemistry Wang, Fan;Xie, Congxia;Song, Hongbing;Jin, Xin; Green Chemistry; vol. 25; nb. 20; (2023); p. 8134 - 8144",2023,valid,unknown,无溶剂
2992,Epichlorohydrin,"4-(chloromethyl)-1,3-dioxolan-2-one",97.0,20.0,0.101325,,tetra-(n-butyl)ammonium iodide,,tetrabutylammonium iodide,3.0,,,,,,,无溶剂,,,,"2.4 General Procedure fortheSynthesis ofCyclicCarbonates fromEpoxide andCO2(5 and7) General procedure: Epoxide 4 (or 6) (1.0 equiv.), Catalyst 3 (3.0mol %) and cocatalystTBAI (6.0mol %) were taken in a 5.0mL screw capvial with magnetic stir bead and sealed with septum. Then,the carbon dioxide purged through a needle balloon and thereaction was continued at room temperature for 24.0h. Aftercompletion of the reaction as monitored by TLC, the conversionsof the reactions were obtained by GC and then thecyclic carbonate product was isolated by column chromatographicpurifcation using 60-120 silica gel. Mixture of ethylacetate in petroleum ether was used as eluent to aford thecorresponding product 5 (or 7) in the pure form. With 2-((E)-((Z)-4-hydroxypent-3-en-2-ylidene)amino)phenol, tetra-(n-butyl)ammonium iodide in neat (no solvent), T= 20 °C , Sealed tube, Green chemistry, Catalytic behavior Roy, Shilpa;Das, Koushik;Halder, Sandipan; Catalysis Letters; vol. 154; nb. 5; (2024); p. 2243 - 2254",2024,valid,ionic_liquid,无溶剂
2994,Epichlorohydrin,"4-(chloromethyl)-1,3-dioxolan-2-one",81.0,25.0,,,tetra-(n-butyl)ammonium iodide,,tetrahydroxydiboron,,,,,,,,无溶剂,,,,"With tetrahydroxydiboron, tetra-(n-butyl)ammonium iodide in neat (no solvent), T= 25 - 35 °C Luo, Yuhui;Chen, Fei;Zhang, Hao;Liu, Jichang;Liu, Ning; Journal of Organic Chemistry; vol. 88; nb. 22; (2023); p. 15717 - 15725",2023,valid,unknown,无溶剂
2995,Epichlorohydrin,"4-(chloromethyl)-1,3-dioxolan-2-one",83.4,75.0,0.68901,,tetrabutylammonium bromide,,,,,,,,,,无溶剂,,,,"Catalytic behavior Piyawongsiri, Thitirat;Laiwattanapaisarn, Nattiya;Virachotikul, Arnut;Chumsaeng, Phongnarin;Phomphrai, Khamphee; ChemPlusChem; vol. 88; nb. 12; (2023); Art.No: e202300559",2023,valid,ionic_liquid,无溶剂
2996,Epichlorohydrin,"4-(chloromethyl)-1,3-dioxolan-2-one",99.0,60.0,4.00006,,tetrabutylammonium bromide,,,,,,,,,,DMF,,,,"Catalytic behavior, Reagent/catalyst, Pressure, Time, Temperature Bilyachenko, Alexey N.;Gutsul, Evgenii I.;Khrustalev, Victor N.;Chusova, Olga;Dorovatovskii, Pavel V.;Aliye‐ va, Vusala A.;Paninho, Ana B.;Nunes, Ana V. M.;Mahmudov, Kamran T.;Shubina, Elena S.;Pombeiro, Arman‐ do J. L.; Inorganic Chemistry; vol. 62; nb. 38; (2023); p. 15537 - 15549",2023,valid,ionic_liquid,DMF
2999,Epichlorohydrin,"4-(chloromethyl)-1,3-dioxolan-2-one",86.0,70.0,0.1,,tetrabutylammonium chloride,,tetrabutylammonium bromide,,tetra-(n-butyl)ammonium iodide,,triphenylphosphine,,,,,,,,"Miao, Chang-Qing;Yan, Jie-Chen;Yang, Chen;Wang, Jia-Li;Ding, Jia-Le;Chen, Si-Rong;Ge, Juan-Xiu;Wang, Ni;Hou, Yin-Ling; Polyhedron; vol. 243; (2023); Art.No: 116509",2023,valid,ionic_liquid,
3002,Epichlorohydrin,"4-(chloromethyl)-1,3-dioxolan-2-one",99.0,100.0,0.1,,tetrabutylammonium bromide,,,,,,,,,,无溶剂,,,,"Ge, Bangdi;Ye, Yu;Yan, Yan;Luo, Hao;Chen, Yuze;Meng, Xianyu;Song, Xiaowei;Liang, Zhiqiang; Inorganic Chemistry; vol. 62; nb. 47; (2023); p. 19288 - 19297",2023,valid,ionic_liquid,无溶剂
3003,Epichlorohydrin,"4-(chloromethyl)-1,3-dioxolan-2-one",88.3,80.0,0.1,,tetrabutylammonium bromide,,,,,,,,,,,,,,"Zhou, Peipei;Zhou, Xia;Song, Zitong;Shao, Danyi;Wang, Dongmei; Journal of Solid State Chemistry; vol. 331; (2024); Art.No: 124500",2024,valid,ionic_liquid,
3004,Epichlorohydrin,"4-(chloromethyl)-1,3-dioxolan-2-one",95.0,120.0,0.10133,,tetrabutylammonium bromide,,,,,,,,,,,,,,"Microwave irradiation, Re‐ agent/catalyst Akbaba, Sercan;Alvarez, Marie;Groni, Sihem;Sch?llhorn, Bernd;Fave, ClaireS0040403923004707; Tetrahedron Letters; vol. 130; (2023); Art.No: 154760",2023,valid,ionic_liquid,
3006,Epichlorohydrin,"4-(chloromethyl)-1,3-dioxolan-2-one",99.9,80.0,1.00001,,tetrabutylammonium bromide,,,,,,,,,,无溶剂,,,,"Liu, Lu;Liu, Ziyi;Cui, Jingnan;Ning, Guiling;Gong, Weitao; Chinese Chemical Letters; vol. 35; nb. 1; (2024); Art.No: 108422",2024,valid,ionic_liquid,无溶剂
3007,Epichlorohydrin,"4-(chloromethyl)-1,3-dioxolan-2-one",99.0,100.0,1.00001,,tetrabutylammonium bromide,,,,,,,,,,water,cyclohexane,,,"High pressure, Sealed tube, Catalytic behavior, Reagent/catalyst Cai, Miao;Chen, Xiao-Li;Yan, Rui-Kui;Li, Yi-Fei;Gao, Miao-Miao;Liu, Shuai;Liu, Jia-Chen; Journal of Molecular Structure; vol. 1299; (2024); Art.No: 137314",2024,valid,ionic_liquid,water; cyclohexane
3012,Epichlorohydrin,"4-(chloromethyl)-1,3-dioxolan-2-one",99.0,120.0,0.80001,,tetrabutylammonium bromide,,,,,,,,,,,,,,"Temperature, Pressure Chen, Shuang-Shuang;Li, Lei-Lei;Liu, Shuang;Liu, Shu-Yuan;Wang, Wen-Zhen;Xu, Xiao-Han; Journal of Mo‐ lecular Structure; vol. 1302; (2024); Art.No: 137504",2024,valid,ionic_liquid,
3014,Epichlorohydrin,"4-(chloromethyl)-1,3-dioxolan-2-one",99.0,120.0,0.50001,,tetrabutylammonium bromide,,,,,,,,,,,,,,"Wang, Xiaoli;Li, Jingzhe;Kou, Manchang;Dou, Wei;Bai, Dongjie;Tang, Xiaoliang;Tang, Yu;Liu, Weisheng; In‐ organic Chemistry; vol. 62; nb. 46; (2023); p. 19015 - 19024",2023,valid,ionic_liquid,
3015,Epichlorohydrin,"4-(chloromethyl)-1,3-dioxolan-2-one",100.0,80.0,0.10133,,tetrabutylammonium bromide,,,,,,,,,,,,,,"Schlenk techni‐ que, Catalytic behavior, Reagent/catalyst Xiong, Peng;Xie, Ting-Ting;Zhou, Mi;Li, Shi-Ming;Wang, Xiu-Jian;Ni, Qing-Ling;Gui, Liu-Cheng; Journal of Mo‐ lecular Structure; vol. 1303; (2024); Art.No: 137466",2024,valid,ionic_liquid,
3017,Epichlorohydrin,"4-(chloromethyl)-1,3-dioxolan-2-one",97.0,,0.10133,,tetrabutylammonium bromide,,,,,,,,,,,,,,"Said, Amir;Chen, Guanjie;Zhang, Guanyun;Wang, Dexin;Liu, Yanshu;Gao, Fangfang;Wang, Guo;Tung, Chen- Ho;Wang, Yifeng; Dalton Transactions; vol. 53; nb. 8; (2024); p. 3666 - 3674",2024,valid,ionic_liquid,
3019,Epichlorohydrin,"4-(chloromethyl)-1,3-dioxolan-2-one",99.0,55.0,0.2,,tetrabutylammonium bromide,,,,,,,,,,,,,,"Reagent/catalyst, Temperature, Concentration Song, Jing-Yi;Chen, Xu;Wang, Yu-Mei;Luo, Xiao;Zhang, Tian-E.;Ning, Guo-Hong;Li, Dan; Chemistry - An Asian Journal; vol. 18; nb. 23; (2023); Art.No: e202300857",2023,valid,ionic_liquid,
3021,Epichlorohydrin,"4-(chloromethyl)-1,3-dioxolan-2-one",96.0,80.0,0.10133,,tetrabutylammonium bromide,,,,,,,,,,,,,,"Zhang, Yuanhang;Xu, Siji;Huang, Kun;Zhang, Xiang-Yu;Qin, Da-Bin;Zhao, Bin; Crystal Growth and Design; vol. 23; nb. 11; (2023); p. 7873 - 7881",2023,valid,ionic_liquid,
3023,Epichlorohydrin,"4-(chloromethyl)-1,3-dioxolan-2-one",42.0,100.0,0.10133,,potassium iodide,,,,,,,,,,,,,,"Yu, Jinfa;Sun, Xiangying; New Journal of Chemistry; vol. 48; nb. 10; (2024); p. 4245 - 4252",2024,valid,metal_halide,
3024,Epichlorohydrin,"4-(chloromethyl)-1,3-dioxolan-2-one",96.0,80.0,5.00008,,tetrabutylammonium bromide,,,,,,,,,,无溶剂,,,,"Bilyachenko, Alexey N.;Khrustalev, Victor N.;Dorovatovskii, Pavel V.;Shul’pina, Lidia S.;Ikonnikov, Nikolay S.;Shubina, Elena S.;Lobanov, Nikolai N.;Aliyeva, Vusala A.;Nunes, Ana V. M.;Mahmudov, Kamran T.;Kozlov, Yuriy N.;Pombeiro, Armando J. L.; Inorganic Chemistry; vol. 63; nb. 4; (2024); p. 1909 - 1918",2024,valid,ionic_liquid,无溶剂
3025,Epichlorohydrin,"4-(chloromethyl)-1,3-dioxolan-2-one",99.0,,0.10133,,tetrabutylammonium bromide,,,,,,,,,,,,,,"Irradiation Wang, Dexin;Liu, Yanshu;Chen, Guanjie;Gao, Fangfang;Zhang, Guanyun;Wang, Guo;Tung, Chen-Ho;Wang, Yifeng; Inorganic Chemistry; vol. 62; nb. 51; (2023); p. 21074 - 21082",2023,valid,ionic_liquid,
3030,Epichlorohydrin,"4-(chloromethyl)-1,3-dioxolan-2-one",96.0,60.0,1.00001,,tetrabutylammonium bromide,,,,,,,,,,,,,,"Autoclave Xu, Liangsheng;Wang, Yu;Sun, Zhenkun;Chen, Zheng;Zhao, Guofeng;Kühn, Fritz E.;Jia, Wei-Guo;Yun, Ruir‐ ui;Zhong, Rui; Inorganic Chemistry; vol. 63; nb. 4; (2024); p. 1828 - 1839",2024,valid,ionic_liquid,
3031,Epichlorohydrin,"4-(chloromethyl)-1,3-dioxolan-2-one",98.0,70.0,,,tetrabutylammonium bromide,,,,,,,,,,,,,,"With tetrabutylammomium bromide, Zn(2+)*C H N O S(2-)8 4 4 2 *C10H8N2, T= 70 °C , Kinetics, Catalytic behavior, Reagent/ catalyst Eskemech, Alehegn;Chand, Hushan;Karmakar, Anirban;Krishnan, Venkata;Koner, Rik Rani; Inorganic Chem‐ istry; vol. 63; nb. 8; (2024); p. 3757 - 3768",2024,valid,ionic_liquid,
3032,Epichlorohydrin,"4-(chloromethyl)-1,3-dioxolan-2-one",99.0,50.0,0.1,,tetrabutylammonium bromide,,,,,,,,,,无溶剂,,,,"Reagent/ catalyst Kan, Liang;Zhang, Lei;Dong, Long-Zhang;Wang, Xiao-Han;Li, Run-Han;Guo, Chenxing;Li, Xiaopeng;Yan, Yong;Li, Shun-Li;Lan, Ya-Qian; Advanced Materials; vol. 36; nb. 15; (2024); Art.No: 2310061",2024,valid,ionic_liquid,无溶剂
3033,Epichlorohydrin,"4-(chloromethyl)-1,3-dioxolan-2-one",99.0,100.0,1.01332,,tetrabutylammonium bromide,,,,,,,,,,,,,,"Tempera‐ ture Ma, Fa-Xue;Lyu, Lei-Yan;Chen, Jiawei;Huang, Tao;Zhang, Teng;Cao, Rong; Chemical Communications; vol. 60; nb. 10; (2024); p. 1293 - 1296",2024,valid,ionic_liquid,
3034,Epichlorohydrin,"4-(chloromethyl)-1,3-dioxolan-2-one",98.0,80.0,0.1,,tetrabutylammonium bromide,,,,,,,,,,,,,,"Catalytic behav ior, Reagent/catalyst, Temperature Ghosh, Subhrajyoti;Mukherjee, Srijan;Karthik, Veerappan;Bera, Priti;Dhakshinamoorthy, Amarajothi;Biswas, Shyam; Journal of Materials Chemistry C; vol. 12; nb. 12; (2024); p. 4460 - 4472",2024,valid,ionic_liquid,
3036,Epichlorohydrin,"4-(chloromethyl)-1,3-dioxolan-2-one",98.0,70.0,0.10133,,tetrabutylammonium bromide,,,,,,,,,,无溶剂,,,,"Kinetics, Catalytic behavior, Reagent/catalyst, Temperature Eskemech, Alehegn;Chand, Hushan;Karmakar, Anirban;Krishnan, Venkata;Koner, Rik Rani; Inorganic Chem‐ istry; vol. 63; nb. 8; (2024); p. 3757 - 3768",2024,valid,ionic_liquid,无溶剂
3037,Epichlorohydrin,"4-(chloromethyl)-1,3-dioxolan-2-one",95.0,100.0,0.1,,tetrabutylammonium bromide,,,,,,,,,,,,,,"Bao, Wen-Li;Kuai, Jie;Gao, Hai-Yang;Zheng, Meng-Qi;Sun, Zhong-Hua;He, Ming-Yang;Chen, Qun;Zhang, Zhi- Hui; Dalton Transactions; vol. 53; nb. 14; (2024); p. 6215 - 6223",2024,valid,ionic_liquid,
3038,Epichlorohydrin,"4-(chloromethyl)-1,3-dioxolan-2-one",98.6,80.0,1.00001,,tetrabutylammonium bromide,,,,,,,,,,,,,,"Sealed tube, Catalytic behavior, Re‐ agent/catalyst, Temperature Zhang, Weilong;Li, Zhuo;Yu, Xue-Fang;Zhang, Kaisheng;Liu, Senmiao;Du, Yujie;Guo, Qi;Zhang, Lixue;Ding, Xin;Tang, Hua;Peng, Yanhua;Yang, Xiaolong; Inorganic Chemistry; vol. 63; nb. 6; (2024); p. 2954 - 2966",2024,valid,ionic_liquid,
3042,Epichlorohydrin,"4-(chloromethyl)-1,3-dioxolan-2-one",99.0,80.0,0.1,,tetrabutylammonium bromide,,,,,,,,,,,,,,"Yin, Lin;Huang, Jian-Bo;Yue, Tian-Cai;Wang, Lu-Lu;Wang, Duo-Zhi; Journal of Molecular Structure; vol. 1309; (2024); Art.No: 138165",2024,valid,ionic_liquid,
3043,Epichlorohydrin,"4-(chloromethyl)-1,3-dioxolan-2-one",97.0,70.0,,,tetrabutylammonium bromide,,,,,,,,,,,,,,"With tetrabutylammomium bromide, [Gd4(μ3-OH)2(5-chlorine-8-hydroxylquinoline)6(acetylacetone)4], T= 70 °C Wang, Yufang;Cui, Haibo;Guo, Huican;Fang, Ming; Polyhedron; vol. 255; (2024); Art.No: 116988",2024,valid,ionic_liquid,
3045,Epichlorohydrin,"4-(chloromethyl)-1,3-dioxolan-2-one",93.5,25.0,0.1,,tetrabutylammonium bromide,,,,,,,,,,acetonitrile,,,,"Catalytic behavior Liu, Kelong;Du, Longchao;Wang, Tingting; Inorganic Chemistry; vol. 63; nb. 10; (2024); p. 4614 - 4627",2024,valid,ionic_liquid,acetonitrile
3048,Epichlorohydrin,"4-(chloromethyl)-1,3-dioxolan-2-one",96.0,80.0,0.1,,tetrabutylammonium bromide,,,,,,,,,,无溶剂,,,,"Yin, Lin;Huang, Jian-Bo;Yue, Tian-Cai;Wang, Lu-Lu;Wang, Duo-Zhi; Inorganic Chemistry; vol. 63; nb. 20; (2024); p. 9109 - 9118",2024,valid,ionic_liquid,无溶剂
3049,Epichlorohydrin,"4-(chloromethyl)-1,3-dioxolan-2-one",98.5,90.0,1.00001,,pyridinium,,,,,,,,,,water,ethyl acetate,,,"Shabbir, Irfan;Ndayambaje, Jean Damascene;Dong, Li;Su, Qian;Cheng, Weiguo; Molecular catalysis; vol. 562; (2024); Art.No: 114227",2024,valid,ionic_liquid,water; ethyl acetate
3052,Epichlorohydrin,"4-(chloromethyl)-1,3-dioxolan-2-one",100.0,100.0,0.60001,,tetrabutylammonium chloride,,,,,,,,,,无溶剂,,,,"Damiano, Caterina;Fata, Alessia;Cavalleri, Matteo;Manca, Gabriele;Gallo, Emma; Catalysis science and tech‐ nology; vol. 14; nb. 14; (2024); p. 3996 - 4006",2024,valid,ionic_liquid,无溶剂
3053,Epichlorohydrin,"4-(chloromethyl)-1,3-dioxolan-2-one",99.0,20.0,0.10133,,tetrabutylammonium bromide,,,,,,,,,,无溶剂,,,,"Reagent/ catalyst Sarkar, Somnath;Ghosh, Swarbhanu;Mondal, Titu;Khan, Aslam;Islam, Sk. Manirul; New Journal of Chemistry; vol. 48; nb. 22; (2024); p. 10010 - 10018",2024,valid,ionic_liquid,无溶剂
3055,Epichlorohydrin,"4-(chloromethyl)-1,3-dioxolan-2-one",84.0,80.0,,,tetrabutylammonium bromide,,,,,,,,,,,,,,"With tetrabutylammomium bromide, Eu(3+)*C H NO  (1-)5 8 4 *C2O4 (2-)*2H2O, T= 80 °C , Catalytic behavior, Reagent/cata‐ lyst Sinchow, Malee;Sraphaengnoi, Oraya;Chuasaard, Thammanoon;Yoshinari, Nobuto;Rujiwatra, Apinpus; Inor‐ ganic Chemistry; vol. 63; nb. 17; (2024); p. 7735 - 7745",2024,valid,ionic_liquid,
3057,Epichlorohydrin,"4-(chloromethyl)-1,3-dioxolan-2-one",100.0,100.0,1.00001,,imidazolium,,,,,,,,,,,,,,"Temperature, Reagent/catalyst Cardoso Gomes, Guelber;Ferdeghini, Claudio;Guglielmero, Luca;D’Andrea, Felicia;Guazzelli, Lorenzo;Mez‐ zetta, Andrea;Pomelli, Christian Silvio; Molecules; vol. 29; nb. 9; (2024); Art.No: 2131",2024,valid,ionic_liquid,
3058,Epichlorohydrin,"4-(chloromethyl)-1,3-dioxolan-2-one",98.5,90.0,1.00001,,pyridinium,,,,,,,,,,无溶剂,,,,"Sealed tube, Catalytic behavior Shabbir, Irfan;Ndayambaje, Jean Damascene;Dong, Li;Su, Qian;Cheng, Weiguo; Molecular catalysis; vol. 562; (2024); Art.No: 114227",2024,valid,ionic_liquid,无溶剂
3059,Epichlorohydrin,"4-(chloromethyl)-1,3-dioxolan-2-one",97.0,70.0,0.1,,tetrabutylammonium bromide,,,,,,,,,,无溶剂,,,,"Wang, Yufang;Cui, Haibo;Guo, Huican;Fang, Ming; Polyhedron; vol. 255; (2024); Art.No: 116988",2024,valid,ionic_liquid,无溶剂
3060,Epichlorohydrin,"4-(chloromethyl)-1,3-dioxolan-2-one",84.0,60.0,0.1,,tetrabutylammonium bromide,,,,,,,,,,water,ethyl acetate,,,"Wu, Ling;Xia, Xiaocheng;An, Wenying;Cui, Wenshan;Liu, Yue;Lv, Wei;Wu, Fengtian; Letters in Organic Chem‐ istry; vol. 21; nb. 7; (2024); p. 611 - 619",2024,valid,ionic_liquid,water; ethyl acetate
3061,Epichlorohydrin,"4-(chloromethyl)-1,3-dioxolan-2-one",99.0,70.0,0.1,,tetrabutylammonium bromide,,,,,,,,,,,,,,"Kong, Xianghe;Liao, Xiaoli;Huang, Zhenkun;Mei, Lei;Wang, Hongqing;Hu, Kongqiu;Shi, Wei‐ qunS100184172400161X; Chinese Chemical Letters; vol. 35; nb. 11; (2024); Art.No: 109642",2024,valid,ionic_liquid,
3062,Epichlorohydrin,"4-(chloromethyl)-1,3-dioxolan-2-one",96.0,20.0,0.1,,tetra-(n-butyl)ammonium iodide,,,,,,,,,,无溶剂,,,,"Meher, Sushanta Kumar;Nayak, Prakash;Dhala, Sasmita;Tripathy, Swetapadma;Venkatasubbaiah, Krishnan; Catalysis science and technology; vol. 14; nb. 11; (2024); p. 3125 - 3130",2024,valid,unknown,无溶剂
3063,Epichlorohydrin,"4-(chloromethyl)-1,3-dioxolan-2-one",97.0,80.0,0.10133,,tetrabutylammonium bromide,,,,,,,,,,无溶剂,,,,"Shen, Simin;Liu, Yuxing;Huang, Kun;Zhang, Xiang-Yu;Qin, Da-Bin;Zhao, Bin; Crystal Growth and Design; vol. 24; nb. 11; (2024); p. 4333 - 4341",2024,valid,ionic_liquid,无溶剂
3067,Epichlorohydrin,"4-(chloromethyl)-1,3-dioxolan-2-one",96.0,20.0,0.1,,tetra-(n-butyl)ammonium iodide,,,,,,,,,,无溶剂,,,,"Meher, Sushanta Kumar;Nayak, Prakash;Dhala, Sasmita;Tripathy, Swetapadma;Venkatasubbaiah, Krishnan; Catalysis science and technology; vol. 14; nb. 11; (2024); p. 3125 - 3130",2024,valid,unknown,无溶剂
3068,Epichlorohydrin,"4-(chloromethyl)-1,3-dioxolan-2-one",92.0,40.0,1.00001,,tetrabutylammonium bromide,,,,,,,,,,无溶剂,,,,"Pressure, Reagent/catalyst Zhou, Yong-Bo;Chen, Fei;Du, Zhi-Hong;Liu, Bin-Yuan;Liu, Ning; Inorganic Chemistry; vol. 63; nb. 35; (2024); p. 16491 - 16506",2024,valid,ionic_liquid,无溶剂
3070,Epichlorohydrin,"4-(chloromethyl)-1,3-dioxolan-2-one",97.5,60.0,0.00013,,tetrabutylammonium bromide,,,,,,,,,,,,,,"Catalytic behavior Abazari, Reza;Ghorbani, Nasrin;Shariati, Jafar;Varma, Rajender S.;Qian, Jinjie; Inorganic Chemistry; vol. 63; nb. 27; (2024); p. 12667 - 12680",2024,valid,ionic_liquid,
3072,Epichlorohydrin,"4-(chloromethyl)-1,3-dioxolan-2-one",99.0,100.0,1.00001,,imidazolium,,,,,,,,,,,,,,"Catalytic behavior, Reagent/catalyst, Temperature, Pressure, Time Li, Biao;Li, Hao;Xiang, Dexuan;Ouyang, Yuejun;Wu, Jingao;Chen, Gui;Zhang, Zaixing;Lin, Hongwei;Zhou, Nonglin; Polymer; vol. 312; (2024); Art.No: 127598",2024,valid,ionic_liquid,
3073,Epichlorohydrin,"4-(chloromethyl)-1,3-dioxolan-2-one",97.09,80.0,1.00001,,tetrabutylammonium bromide,,,,,,,,,,,,,,"Jiang, Miao;Zhao, Peng-Li;Yue, Yong-Ning;Song, Xue-Qin;Wang, Li; Journal of Molecular Structure; vol. 1316; (2024); Art.No: 138943",2024,valid,ionic_liquid,
3074,Epichlorohydrin,"4-(chloromethyl)-1,3-dioxolan-2-one",88.0,120.0,1.00001,,pyridine,,,,,,,,,,,,,,"Yuan, Xin;Liu, Ziqi;Li, Zhenjiang;Shi, Yanqi;Yang, Baolin;Zou, Xin;Hu, Yongzhu;Li, Chunyu;Li, Sha;Guo, Kai; New Journal of Chemistry; vol. 48; nb. 25; (2024); p. 11435 - 11446",2024,valid,organic_base,
3075,Epichlorohydrin,"4-(chloromethyl)-1,3-dioxolan-2-one",99.8,50.0,0.10133,,tetra-(n-butyl)ammonium iodide,,,,,,,,,,无溶剂,,,,"Cata‐ lytic behavior, Mechanism, Reagent/catalyst, Temperature, Time Yu, Wen-Wang;Meng, Xiang-Guang;Gan, Zi-Yu;Li, Wen;Zhang, Yu-Lian;Zhou, Jie; Catalysis science and tech‐ nology; vol. 14; nb. 21; (2024); p. 6215 - 6223",2024,valid,unknown,无溶剂
3076,Epichlorohydrin,"4-(chloromethyl)-1,3-dioxolan-2-one",94.1,90.0,0.1,,tetrabutylammonium bromide,,,,,,,,,,无溶剂,,,,"Catalytic behavior Xiong, Gui;Li, Qi;Liang, Lijuan;Zhang, Xiangyu;Huang, Kun;Qin, Dabin; Journal of Molecular Structure; vol. 1321; (2025); Art.No: 139725",2025,valid,ionic_liquid,无溶剂
3077,Epichlorohydrin,"4-(chloromethyl)-1,3-dioxolan-2-one",95.0,60.0,,,tetrabutylammonium bromide,,,,,,,,,,,,,,"With tetrabutylammomium bromide, [Eu8(acac)4(HL)4(L)2(μ3–O)4(C2H5O)4]2C2H5OH.2CH2Cl2, T= 60 °C Zhong, Kai-Long;Tang, Jia-Le;Jia, Bo-Wen;Guo, Zi-Qi;Yan, Rui;Li, Bing-Feng;Chen, Jia-Lu;Yang, Chao- Bo;Qiao, Na;Wang, Wen-Min; Journal of Molecular Structure; vol. 1321; (2025); Art.No: 140033",2025,valid,ionic_liquid,
3078,Epichlorohydrin,"4-(chloromethyl)-1,3-dioxolan-2-one",99.0,70.0,,,tetrabutylammonium bromide,,pyridine,,,,,,,,,,,,"With tetrabutylammomium bromide, [Cd(5-{(thiophen-2-yl-methyl)amino}-isophthalate)(4,4'-bipyridine)]*2(N,N'-dime‐ thylformamide), T= 70 °C , Sealed tube, Catalytic behavior, Temperature, Solvent, Reagent/catalyst Karmakar, Anirban;Santos, Andreia A. C. D.;Liu, Peixi;Gurbanov, Atash V.;Pires, Jo?o;Alegria, Elisabete C. B. A.;Hasanov, Khudayar I.;Guedes da Silva, M. Fátima C.;Wang, Zhihua;Pombeiro, Armando J. L.; Inorganic Chemistry; vol. 63; nb. 29; (2024); p. 13321 - 13337",2024,valid,mixed_system,
3079,Epichlorohydrin,"4-(chloromethyl)-1,3-dioxolan-2-one",97.0,85.0,,,tetrabutylammonium bromide,,,,,,,,,,,,,,"With tetrabutylammomium bromide, 2C 22 H 12 N 2O4 (2-) *2Cu (2+)*C18H14N4O, T= 85 °C , Sealed tube Shen, Simin;Zhang, Yuanhang;Liang, Lijuan;Zhang, Xiang-Yu;Huang, Kun;Qin, Da-Bin; Crystal Growth and Design; vol. 24; nb. 18; (2024); p. 7580 - 7587",2024,valid,ionic_liquid,
3081,Epichlorohydrin,"4-(chloromethyl)-1,3-dioxolan-2-one",99.0,100.0,1.20002,,tetrabutylammonium bromide,,,,,,,,,,,,,,"Catalytic behavior Jin, Siyang;Fu, Yu;Jie, Kecheng;Dai, Huan;Luo, Yun Jie;Ye, Liang;Zhou, Chaohui;Xu, Wei; Chemistry - A Euro‐ pean Journal; vol. 30; nb. 39; (2024); Art.No: e202400756",2024,valid,ionic_liquid,
3085,Epichlorohydrin,"4-(chloromethyl)-1,3-dioxolan-2-one",91.0,50.0,1.00001,,tetrabutylammonium bromide,,,,,,,,,,,,,,"Navarro, Marta;Sobrino, Sonia;Fernández, Israel;Lara-Sánchez, Agustín;Garcés, Andrés;Sánchez-Barba, Luis F.; Dalton Transactions; vol. 53; nb. 33; (2024); p. 13933 - 13949",2024,valid,ionic_liquid,
3087,Epichlorohydrin,"4-(chloromethyl)-1,3-dioxolan-2-one",94.43,100.0,1.00001,16.0,imidazolium bromide,,imidazolium,,,,,,,,无溶剂,,,,"Catalytic behavior, Reagent/catalyst, Temperature, Pressure, Time Chen, Wenjuan;Meng, Lingqi;Sun, Jinmiao;Mu, Manman;Yin, Xiaohong; Polymer; vol. 312; (2024); Art.No: 127639",2024,valid,ionic_liquid,无溶剂
3089,Epichlorohydrin,"4-(chloromethyl)-1,3-dioxolan-2-one",86.0,50.0,0.10133,,tetrabutylammonium bromide,,,,,,,,,,acetonitrile,,,,"Dadmehr, Parvaneh;Bikas, Rahman;Lis, Tadeusz; Dalton Transactions; vol. 53; nb. 36; (2024); p. 15246 - 15257",2024,valid,ionic_liquid,acetonitrile
3090,Epichlorohydrin,"4-(chloromethyl)-1,3-dioxolan-2-one",98.0,65.0,0.1,,tetrabutylammonium bromide,,,,,,,,,,无溶剂,,,,"Reagent/ catalyst, Temperature Guan, Xiao-Fen;Tang, Jia-Le;Yan, Rui;Guo, Zi-Qi;Jia, Bo-Wen;Qiao, Na;Hou, Yin-Ling;Wang, Wen-Min; Jour‐ nal of Organometallic Chemistry; vol. 1021; (2024); Art.No: 123355",2024,valid,ionic_liquid,无溶剂
3091,Epichlorohydrin,"4-(chloromethyl)-1,3-dioxolan-2-one",54.4,20.0,0.10133,,tetrabutylammonium bromide,,,,,,,,,,,,,,"Wang, Zhi-Wen;Zhu, Zi-Yi;Li, Shangda;Wang, Fei; CrystEngComm; vol. 24; nb. 18; (2022); p. 3465 - 3468",2022,valid,ionic_liquid,
3092,Epichlorohydrin,"4-(chloromethyl)-1,3-dioxolan-2-one",96.0,100.0,0.10133,,tetrabutylammonium bromide,,,,,,,,,,无溶剂,,,,"Chowdhury, Rhitwika;Bhat, Irshad Ahmad;Sachan, Sharad Kumar;Anantharaman, Ganapathi; Dalton Transac‐ tions; vol. 53; nb. 42; (2024); p. 17157 - 17161",2024,valid,ionic_liquid,无溶剂
3094,Epichlorohydrin,"4-(chloromethyl)-1,3-dioxolan-2-one",96.0,20.0,0.10133,,tetrabutylammonium bromide,,,,,,,,,,acetonitrile,,,,"Inert at‐ mosphere, Sealed tube, Irradiation, Solvent, Reagent/catalyst Saini, Sandhya;Khan, Shafiur Rehman;Gour, Nand Kishor;Chandra Deka, Ramesh;Jain, Suman L.; Green Chemistry; vol. 24; nb. 9; (2022); p. 3644 - 3650",2022,valid,ionic_liquid,acetonitrile
3095,Epichlorohydrin,"4-(chloromethyl)-1,3-dioxolan-2-one",98.0,90.0,0.1,,tetra-(n-butyl)ammonium iodide,,,,,,,,,,无溶剂,,,,"Catalytic be‐ havior, Temperature, Reagent/catalyst, Pressure Goswami, Bappaditya;Khatua, Manas;Rani, Swati;Chatterjee, Robindo;Samanta, Subhas; Inorganic Chemis‐ try; vol. 63; nb. 50; (2024); p. 23630 - 23641",2024,valid,unknown,无溶剂
3096,Epichlorohydrin,"4-(chloromethyl)-1,3-dioxolan-2-one",95.4,100.0,1.60002,,DMAP,,,,,,,,,,无溶剂,,,,"Green chemistry, Catalytic behavior, Reagent/catalyst, Time, Temperature, Pressure Yasar, Eyyup;Aytar, Emine;Kilic, Ahmet; Inorganica Chimica Acta; vol. 577; (2025); Art.No: 122503",2025,valid,mixed_system,无溶剂
3097,Epichlorohydrin,"4-(chloromethyl)-1,3-dioxolan-2-one",62.0,120.0,,,tetra-(n-butyl)ammonium iodide,,,,,,,,,,,,,,"ejos, Rey Eliseo;Norr‐ rahim, Mohd Nor Faiz;Jadhav, Arvind H.; Applied Organometallic Chemistry; vol. 39; nb. 1; (2025); Art.No: e7910",2025,valid,unknown,
3100,Epichlorohydrin,"4-(chloromethyl)-1,3-dioxolan-2-one",68.0,80.0,,,pyridine,,,,,,,,,,,,,,"With [Eu  III2 (pyridine-2,6-dicarboxylic acid)(oxalic acid)2(H2O)4]?4H2O, T= 80 °C , Reagent/catalyst Khurshid, Aaqib;Chuasaard, Thammanoon;Sinchow, Malee;Ngamjarurojana, Athipong;Rujiwatra, Apinpus; Journal of Solid State Chemistry; vol. 341; (2025); Art.No: 125082",2025,valid,organic_base,
3102,Epichlorohydrin,"4-(chloromethyl)-1,3-dioxolan-2-one",97.0,100.0,0.10133,,tetrabutylammonium bromide,,,,,,,,,,无溶剂,,,,"Habibi, Behnam;Soleimani Abhari, Paria;Eisari, Mohsen;Morsali, Ali;Yan, Xiao-Wei; Inorganic Chemistry; vol. 63; nb. 44; (2024); p. 21354 - 21363",2024,valid,ionic_liquid,无溶剂
3103,Epichlorohydrin,"4-(chloromethyl)-1,3-dioxolan-2-one",89.0,140.0,1.00001,,imidazolium chloride,,imidazolium,,,,,,,,,,,,"Flow reactor, Green chemistry Yu, Zhibo;Ishitani, Haruro;Kobayashi, Shu; Green Chemistry; vol. 26; nb. 23; (2024); p. 11548 - 11555",2024,valid,ionic_liquid,
3105,Epichlorohydrin,"4-(chloromethyl)-1,3-dioxolan-2-one",93.0,20.0,0.1,48.0,tetrabutylammonium bromide,,,,,,,,,,,,,,"Liu, Gao-Feng;Li, Zhi-Wei;Huang, Zi-Jun;Zhou, Zhiyuan;Li, Ying-Xian;Huang, Anlian;Cai, Ziyang;Ouyang, Gangfeng;Ye, Bao-Hui;Zhang, Yue-Biao; Journal of the American Chemical Society; vol. 147; nb. 2; (2025); p. 1840 - 1850",2025,valid,ionic_liquid,
3106,Epichlorohydrin,"4-(chloromethyl)-1,3-dioxolan-2-one",90.7,100.0,1.60002,2.0,DMAP,,,,,,,,,,无溶剂,,,,"Re‐ agent/catalyst Sogukomerogullari, Hatice Gamze;Aytar, Emine;?akmak, Re?it;Ba?aran, Eyüp; Journal of Organometallic Chemistry; vol. 1023; (2025); Art.No: 123424",2025,valid,mixed_system,无溶剂
3110,Epichlorohydrin,"4-(chloromethyl)-1,3-dioxolan-2-one",95.0,25.0,0.1,6.0,tetrabutylammonium bromide,,,,,,,,,,无溶剂,,,,"Schlenk technique, Green chemistry, Catalytic behavior, Wavelength, Time, Reagent/cata‐ lyst Zhou, Yi;Zhao, Wenfeng; Applied Catalysis A: General; vol. 698; (2025); Art.No: 120249",2025,valid,ionic_liquid,无溶剂
3111,Epichlorohydrin,"4-(chloromethyl)-1,3-dioxolan-2-one",98.0,20.0,0.10133,10.0,tetrabutylammonium bromide,,,,,,,,,,无溶剂,,,,"Reagent/catalyst Cai, Xiao;Tian, Yiqi;Wang, Hao;Huang, Shuangshuang;Liu, Xu;Li, Guangjun;Ding, Weiping;Zhu, Yan; Ange‐ wandte Chemie - International Edition; vol. 64; nb. 1; (2025); Art.No: e202414030; Angew. Chem.; vol. 137; nb. 1; -2025",2025,valid,ionic_liquid,无溶剂
3112,Epichlorohydrin,"4-(chloromethyl)-1,3-dioxolan-2-one",79.0,27.0,0.101325,10.0,tetra-(n-butyl)ammonium iodide,,,,,,,,,,,,,,"With tetra-(n-butyl)ammonium iodide, Time= 10h, T= 27 °C , Inert atmosphere Paliwal, Khushboo S.;Patra, Deepanjan;Roy, Avishek;Mitra, Antarip;Hazarika, Biplop Jyoti;Mahalingam, Ven‐ kataramanan; Inorganic Chemistry; vol. 64; nb. 4; (2025); p. 1808 - 1820",2025,valid,unknown,
3115,Epichlorohydrin,"4-(chloromethyl)-1,3-dioxolan-2-one",95.0,20.0,0.10133,24.0,tetra-(n-butyl)ammonium iodide,,,,,,,,,,无溶剂,,,,"Kumari, Nidhi;Das, Koushik;Chaudhary, Monika;Halder, Sandipan;Chakraborty, Biswarup; Small; vol. 21; nb. 20; (2025); Art.No: 2412256",2025,valid,unknown,无溶剂
3116,Epichlorohydrin,"4-(chloromethyl)-1,3-dioxolan-2-one",99.0,80.0,0.1,8.0,tetrabutylammonium bromide,,,,,,,,,,无溶剂,,,,"Ye, Jing;Chen, Tianyu;Chai, Ning;Jiang, Qiao;Guo, Qingqing;Yi, Fei-Yan;Ma, Xinghua; Crystal Growth and De‐ sign; vol. 25; nb. 9; (2025); p. 2903 - 2912",2025,valid,ionic_liquid,无溶剂
3117,Epichlorohydrin,"4-(chloromethyl)-1,3-dioxolan-2-one",96.0,100.0,1.60002,2.0,pyridine,,lithium bromide,,DMAP,,,,,,无溶剂,,,,"Sealed tube, Green chemistry, Catalytic behavior, Reagent/catalyst Aytar;Kibar; Inorganic Chemistry Communications; vol. 173; (2025); Art.No: 113909",2025,valid,mixed_system,无溶剂
3119,Epichlorohydrin,"4-(chloromethyl)-1,3-dioxolan-2-one",99.0,25.0,1.00001,24.0,tetrabutylammonium bromide,,,,,,,,,,DMF,,,,"Pres‐ sure, Temperature, Time Ji, Man;Liu, Shuang;Li, Lei-Lei;Liu, Xiao-Tong;Hu, Jin-Yi;Ma, Jia-Lin;Ma, Zi-Bin;Wang, Wen-Zhen;Yu, Hong- Jiang; Journal of Solid State Chemistry; vol. 350; (2025); Art.No: 125496",2025,valid,ionic_liquid,DMF
3120,Epichlorohydrin,"4-(chloromethyl)-1,3-dioxolan-2-one",99.0,20.0,0.1,12.0,tetrabutylammonium bromide,,,,,,,,,,无溶剂,,,,"Catalytic behavior, Reagent/catalyst, Time AlFayi, Majed S.;Altalbawy, Farag M.A.;Mandaliya, Viralkumar;Ballal, Suhas;Sulaiman, Jameel M.A.;Bhanot, Deepak;Sharma, Girish Chandra;Chandra, Subhash;Shernazarov, Iskandar;Sead, Fadhel F.; Molecular Cataly‐ sis; vol. 579; (2025); Art.No: 115045",2025,valid,ionic_liquid,无溶剂
3121,Epichlorohydrin,"4-(chloromethyl)-1,3-dioxolan-2-one",99.0,80.0,,4.0,tetrabutylammonium bromide,,,,,,,,,,,,,,"With tetrabutylammomium bromide, 2Ho(3+)*C29H11NO12 (6-)*2H2O, Time= 4h, T= 80 °C , Catalytic behavior Zhang, Tao;Liang, Shujun;Jia, Shuai;Cui, Haibo;Wang, Xinyi;Zhang, Xiutang; RSC Advances; vol. 15; nb. 22; (2025); p. 17811 - 17818",2025,valid,ionic_liquid,
3124,Epichlorohydrin,"4-(chloromethyl)-1,3-dioxolan-2-one",95.0,65.0,0.10133,6.0,tetrabutylammonium bromide,,,,,,,,,,无溶剂,,,,"Catalytic be‐ havior Zhang, Tao;Liang, Shujun;Jia, Shuai;Qin, Qi-Pin;Zhang, Xiutang; Crystal Growth and Design; vol. 25; nb. 15; (2025); p. 5979 - 5990",2025,valid,ionic_liquid,无溶剂
3125,Epichlorohydrin,"4-(chloromethyl)-1,3-dioxolan-2-one",99.0,100.0,0.1,10.0,lithium bromide,,,,,,,,,,,,,,"Catalytic behavior, Reagent/catalyst, Temperature, Pressure Xu, Xiahong;Sui, Yan;Chen, Wentong;Li, Xiaodan;Li, Yuntong;Zhong, Hong;Huang, Wei; Polymer; vol. 337; (2025); Art.No: 128968",2025,valid,metal_halide,
3126,Epichlorohydrin,"4-(chloromethyl)-1,3-dioxolan-2-one",98.0,50.0,0.10133,12.0,tetrabutylammonium bromide,,,,,,,,,,无溶剂,,,,"Tu, Chang-Zheng;He, Chixian;Li, Si;Yin, Hongju;Liu, Jian-Jun;Cheng, Feixiang;Yang, Yuting; Crystal Growth and Design; vol. 25; nb. 15; (2025); p. 5907 - 5914",2025,valid,ionic_liquid,无溶剂
3128,Epichlorohydrin,"4-(chloromethyl)-1,3-dioxolan-2-one",97.0,65.0,0.1,10.0,tetrabutylammonium bromide,,,,,,,,,,无溶剂,,,,"Reagent/catalyst, Temperature Guan, Xiao-Fen;Liu, Ye;Chen, Wen-Hui;Yang, Ya-Ting;Xi, Li-Hua;Zhang, Xin-Ge;Chen, Wen-Yao;Wang, Wen- Min; Journal of Molecular Structure; vol. 1345; (2025); Art.No: 143044",2025,valid,ionic_liquid,无溶剂
3129,Epichlorohydrin,"4-(chloromethyl)-1,3-dioxolan-2-one",98.0,60.0,0.10133,18.0,tetrabutylammonium bromide,,,,,,,,,,无溶剂,,,,"Xu, Wangfu;Qin, Xiaohan;Xiong, Gui;Cheng, Qiu-Hong;Zhang, Xiang-Yu;Huang, Kun; Crystal Growth and De‐ sign; vol. 25; nb. 18; (2025); p. 7601 - 7607",2025,valid,ionic_liquid,无溶剂
3130,Epichlorohydrin,"4-(chloromethyl)-1,3-dioxolan-2-one",100.0,24.8,,,tetrabutylammonium bromide,,,,,,,,,,无溶剂,,,,"With tetrabutylammomium bromide, C74H92CuMnO50Ti10 in neat (no solvent), T= 24.84 °C , Irradiation Wang, Juan;Gao, Fangfang;Wang, Dexin;Li, Yuting;Liu, Linping;Zhang, Guanyun;Wang, Guo;Tung, Chen- Ho;Wang, Yifeng; Angewandte Chemie - International Edition; vol. 64; nb. 29; (2025); Art.No: e202505584; Angew. Chem.; vol. 137; nb. 29; (2025)",2025,valid,ionic_liquid,无溶剂
3131,Epichlorohydrin,"4-(chloromethyl)-1,3-dioxolan-2-one",99.0,80.0,0.1,12.0,tetrabutylammonium bromide,,,,,,,,,,无溶剂,,,,"Pandit, Atanu;Mondal, Partha Pratim;Singh, Manpreet;Neogi, Subhadip; Inorganic Chemistry; vol. 64; nb. 26; (2025); p. 13245 - 13256",2025,valid,ionic_liquid,无溶剂
3132,Epichlorohydrin,"4-(chloromethyl)-1,3-dioxolan-2-one",98.6,90.0,0.10133,24.0,imidazolium,,,,,,,,,,无溶剂,,,,"Catalytic behavior, Reagent/catalyst, Temperature, Time Zhou, Jie;Yu, Wen-Wang;Meng, Xiang-Guang;Li, Wen;Chu, Dan-Dan; Catalysis Letters; vol. 155; nb. 10; (2025); Art.No: 330",2025,valid,ionic_liquid,无溶剂
3133,Epichlorohydrin,"4-(chloromethyl)-1,3-dioxolan-2-one",97.0,80.0,0.1,10.0,tetrabutylammonium bromide,,,,,,,,,,,,,,"Catalytic behavior, Reagent/catalyst, Temperature Guan, Xiao-Fen;Qiao, Na;Wu, Zhi-Lei;Wang, Wen-Min;Cui, Jian-Zhong; Dalton Transactions; vol. 54; nb. 34; (2025); p. 12841 - 12848",2025,valid,ionic_liquid,
3134,Epichlorohydrin,"4-(chloromethyl)-1,3-dioxolan-2-one",99.0,60.0,0.10133,18.0,tetrabutylammonium bromide,,,,,,,,,,acetonitrile,,,,"Catalytic behavior Xiong, Gui;Xu, Mengling;Qin, Xiaohan;Xiong, Chaodan;Huang, Kun;Zhang, Xiang-Yu; Inorganic Chemistry; vol. 64; nb. 34; (2025); p. 17244 - 17254",2025,valid,ionic_liquid,acetonitrile
3138,Epichlorohydrin,"4-(chloromethyl)-1,3-dioxolan-2-one",99.0,80.0,1.00001,20.0,tetrabutylammonium bromide,,,,,,,,,,,,,,"Catalytic behavior, Con‐ centration, Temperature, Reagent/catalyst, Pressure Shi, Wei;Xiang, Dexuan;Chen, Qingyao;Qiu, Simei;Xiang, Shulei;Liu, Jingjing;Ouyang, Yuejun;Tang, Lili; Ap‐ plied Organometallic Chemistry; vol. 39; nb. 11; (2025); Art.No: e70425",2025,valid,ionic_liquid,
3140,Epichlorohydrin,"4-(chloromethyl)-1,3-dioxolan-2-one",97.09,120.0,1.00001,,tetrabutylammonium bromide,,,,,,,,,,无溶剂,,,,"Guo, Yanke;Liu, Shiyue;Liu, Xu;Wang, Tingting;Li, Renhao;Song, Xiaowei;Zhong, Rong-Lin;Liang, Zhiqiang; Inorganic Chemistry; vol. 64; nb. 37; (2025); p. 19132 - 19140",2025,valid,ionic_liquid,无溶剂
3141,Epichlorohydrin,"4-(chloromethyl)-1,3-dioxolan-2-one",100.0,130.0,1.00001,4.0,pyridine,,,,,,,,,,,,,,"Catalytic behavior, Reagent/catalyst, Temperature, Pressure Khazaei, Zahra;Mohammadikish, Maryam; Dalton Transactions; vol. 54; nb. 38; (2025); p. 14513 - 14521",2025,valid,organic_base,
3142,Epichlorohydrin,"4-(chloromethyl)-1,3-dioxolan-2-one",99.0,70.0,,12.0,tetrabutylammonium bromide,,,,,,,,,,,,,,"With tetrabutylammomium bromide, Time= 12h, T= 70 °C , Irradiation, Catalytic behavior, Reagent/catalyst, Temper‐ ature Hu, Bo;Guo, Xiaoyu;Dang, Zhuo;Li, Jun;Lei, Lin; Applied Organometallic Chemistry; vol. 39; nb. 12; (2025); Art.No: e70454",2025,valid,ionic_liquid,
3143,Epichlorohydrin,"4-(chloromethyl)-1,3-dioxolan-2-one",97.0,30.0,1.00001,15.0,tetrabutylammonium bromide,,,,,,,,,,无溶剂,,,,"Song, Xue-Qin;Zhao, Peng-Li;Yang, Yi-Yi;Qiu, Peng-Fei; Journal of Molecular Structure; vol. 1354; (2026); Art.No: 144860",2026,valid,ionic_liquid,无溶剂
3144,Epichlorohydrin,"4-(chloromethyl)-1,3-dioxolan-2-one",99.0,25.0,0.10133,3.5,tetrabutylammonium bromide,,,,,,,,,,无溶剂,,,,"Sealed tube, Irradiation Tu, Changzheng;He, Chixian;Yan, Xiaoli;Liu, Jianjun;Yang, Yuting;Cheng, Feixiang;Luo, Feng; Inorganic Chemistry; vol. 64; nb. 43; (2025); p. 21442 - 21451",2025,valid,ionic_liquid,无溶剂
3145,Epichlorohydrin,"4-(chloromethyl)-1,3-dioxolan-2-one",99.0,120.0,0.50001,,pyridine,,,,,,,,,,,,,,"Liao, Quanlan;Cao, Jianxin;Zhao, Tianxiang; Chemical Communications; vol. 61; nb. 97; (2025); p. 19289 - 19292",2025,valid,organic_base,
3147,Epichlorohydrin,"4-(chloromethyl)-1,3-dioxolan-2-one",88.0,120.0,3.00005,6.0,tetrabutylammonium bromide,,,,,,,,,,,,,,"Sealed tube, Catalytic behavior Jaiswal, Deeksha;Sharma, Chandan;Roy, Sudipta;Pandey, Prabhakar K.;Quiyoom, Abdul;Kumar, Vinod;Che‐ brolu, Seetaram;Rakshit, Pranab K.;Singh, Jayant K.;Bera, Jitendra K.; Chemical Communications; vol. 61; nb. 90; (2025); p. 17693 - 17696",2025,valid,ionic_liquid,
3149,Epichlorohydrin,"4-(chloromethyl)-1,3-dioxolan-2-one",99.0,100.0,0.1,20.0,iron(III) chloride,,,,,,,,,,,,,,"Sealed tube, Catalytic behavior, Reagent/catalyst, Pressure, Temperature Liu, Jingjing;Xiang, Shulei;Xiang, Dexuan;Wu, Jingao;Xu, Hongliang;Chen, Gui;Zhang, Zaixing;Yuan, Fei‐ peng;Ouyang, Yuejun; Journal of Materials Chemistry A; (2026)",2026,valid,metal_halide,
3150,Epichlorohydrin,"4-(chloromethyl)-1,3-dioxolan-2-one",96.9,100.0,0.10133,10.0,DMAP,,,,,,,,,,无溶剂,,,,"Catalytic behavior, Reagent/cata‐ lyst, Pressure, Temperature Da?, Ay?e Kazanc?;Aytar, Emine;K?se, Ay?egül;Ispir, Esin; Journal of Organometallic Chemistry; vol. 1047; (2026); Art.No: 124028",2026,valid,mixed_system,无溶剂
3151,Epichlorohydrin,"4-(chloromethyl)-1,3-dioxolan-2-one",96.0,90.0,0.1,9.0,tetrabutylammonium bromide,,,,,,,,,,,,,,"Kinetics, Reagent/ catalyst, Time, Temperature Chen, Muhua;Wang, Yuqing;Li, Mengting;Fu, Bo;Tan, Jihuai;Li, Licheng;Chen, MeisiS0926860X25006313; Ap‐ plied Catalysis A: General; vol. 711; (2026); Art.No: 120729",2026,valid,ionic_liquid,
3152,Epichlorohydrin,"4-(chloromethyl)-1,3-dioxolan-2-one",96.0,70.0,0.10133,12.0,tetrabutylammonium bromide,,,,,,,,,,无溶剂,,,,"Sealed tube, Catalytic behavior, Reagent/catalyst, Temperature Ji, Jia;Lv, Xuan;Deng, Wen-Qian;Tian, Lin;Yao, Teng-Qi;Shi, Wen-Jing;Wang, Da-Hui;Li, Qing;Hou, Yin- Ling;Fang, Ming; Journal of Organometallic Chemistry; vol. 1049; (2026); Art.No: 124042",2026,valid,ionic_liquid,无溶剂
3154,Epichlorohydrin,"4-(chloromethyl)-1,3-dioxolan-2-one",93.0,100.0,0.10133,24.0,triphenylphosphine,,,,,,,,,,无溶剂,,,,"Catalytic behavior, Reagent/catalyst, Temperature Sulaiman, Gulistan Baqi;Barzinjy, Azeez A.;Kilic, Ahmet; Journal of Organometallic Chemistry; vol. 1051; (2026); Art.No: 124095",2026,valid,unknown,无溶剂
3155,Cyclohexene oxide,"hexahydrobenzo[d][1,3]dioxol-2-one",100.0,80.0,1.00001,,tetrabutylammonium bromide,,,,,,,,,,,,,,"Ke, Shan-Chao;Luo, Ting-Ting;Chang, Gang-Gang;Huang, Ke-Xin;Li, Jia-Xin;Ma, Xiao-Chen;Wu, Jian;Chen, Jian;Yang, Xiao-Yu; Inorganic Chemistry; vol. 59; nb. 3; (2020); p. 1736 - 1745",2020,valid,ionic_liquid,
3157,Cyclohexene oxide,"hexahydrobenzo[d][1,3]dioxol-2-one",99.0,100.0,3.00005,8.0,tetrabutylammonium bromide,,,,,,,,,,无溶剂,,,,"Temperature, Time, Pressure Parmar, Bhavesh; Patel, Parth; Pillai, Renjith S.; Kureshy, Rukhsana I.; Khan, Noor-Ul H.; Suresh, Eringatho‐ di; Journal of Materials Chemistry A; vol. 7; nb. 6; (2019); p. 2884 - 2894",2019,valid,ionic_liquid,无溶剂
3158,Cyclohexene oxide,"hexahydrobenzo[d][1,3]dioxol-2-one",99.0,120.0,1.00001,24.0,potassium iodide,,,,,,,,,,无溶剂,,,,"Reagent/ catalyst, Temperature, Pressure Patel, Parth; Parmar, Bhavesh; Pillai, Renjith S.; Ansari, Amamudin; Khan, Noor-ul H.; Suresh, Eringathodi; Applied Catalysis A: General; vol. 590; (2020); Art.No: 117375",2020,valid,metal_halide,无溶剂
3159,Cyclohexene oxide,"hexahydrobenzo[d][1,3]dioxol-2-one",98.0,100.0,1.00001,8.0,pyridine,,,,,,,,,,无溶剂,,,,"chemoselective reaction Khaligh, Nader Ghaffari; Mihankhah, Taraneh; Johan, Mohd Rafie; Heteroatom Chemistry; vol. 29; nb. 4; (2018); Art.No: E21440",2018,valid,organic_base,无溶剂
3160,Cyclohexene oxide,"hexahydrobenzo[d][1,3]dioxol-2-one",97.0,150.0,2.00003,0.03,tetrabutylammonium bromide,,,,,,,,,,,,,,"Flow reac‐ tor, Catalytic behavior Li, Ming-Ran; Zhang, Ming-Chao; Yue, Tian-Jun; Lu, Xiao-Bing; Ren, Wei-Min; RSC Advances; vol. 8; nb. 68; (2018); p. 39182 - 39186",2018,valid,ionic_liquid,
3161,Cyclohexene oxide,"hexahydrobenzo[d][1,3]dioxol-2-one",97.0,120.0,0.1,12.0,tetrabutylammonium bromide,,,,,,,,,,water,dichloromethane,THF,,"Inert atmosphere, Schlenk technique Ju, Pengyao;Qi, Wei;Guo, Bixuan;Liu, Wanting;Wu, Qiaolin;Su, Qing; Catalysis Letters; vol. 153; nb. 7; (2023); p. 2125 - 2136",2023,valid,ionic_liquid,water; dichloromethane; THF
3163,Cyclohexene oxide,"hexahydrobenzo[d][1,3]dioxol-2-one",97.0,70.0,,12.0,tetrabutylammonium bromide,,,,,,,,,,无溶剂,,,,"With tetrabutylammomium bromide, C36H22F6N10Zn in neat (no solvent), Time= 12h, T= 70 °C , Catalytic behavior, Reagent/catalyst Das, Anindita;Das, Surajit;Das, Dhiraj;Sarkar, Sayan;Pal, Kuntal; Chemistry - An Asian Journal; vol. 20; nb. 20; (2025); Art.No: e00823",2025,valid,ionic_liquid,无溶剂
3164,Cyclohexene oxide,"hexahydrobenzo[d][1,3]dioxol-2-one",96.0,150.0,2.1698,5.0,DMAP,,,,,,,,,,,,,,"Heating, Catalytic behavior Ramidi, Punnamchandar; Gerasimchuk, Nikolay; Gartia, Yashraj; Felton, Charlette M.; Ghosh, Anindya; Dal‐ ton Transactions; vol. 42; nb. 36; (2013); p. 13151 - 13160",2013,valid,mixed_system,
3166,Cyclohexene oxide,"hexahydrobenzo[d][1,3]dioxol-2-one",95.0,90.0,0.25,9.0,tetrabutylammonium bromide,,,,,,,,,,,,,,"Hussain, Md. Waseem;Bhardwaj, Vipin;Giri, Arkaprabha;Chande, Ajit;Patra, Abhijit; Chemical Science; vol. 11; nb. 30; (2020); p. 7910 - 7920",2020,valid,ionic_liquid,
3167,Cyclohexene oxide,"hexahydrobenzo[d][1,3]dioxol-2-one",95.0,60.0,0.10133,10.0,tetrabutylammonium bromide,,,,,,,,,,无溶剂,,,,"Green chemistry Sarkar, Somnath;Ghosh, Swarbhanu;Islam, Sk. Manirul; Organic and Biomolecular Chemistry; vol. 20; nb. 8; (2022); p. 1707 - 1722",2022,valid,ionic_liquid,无溶剂
3169,Cyclohexene oxide,"hexahydrobenzo[d][1,3]dioxol-2-one",93.1,109.8,6.00009,72.0,imidazolium,,,,,,,,,,,,,,"Xie, Ye; Zhang, Zhaofu; Jiang, Tao; He, Jinling; Han, Buxing; Wu, Tianbin; Ding, Kunlun; Angewandte Chemie - International Edition; vol. 46; nb. 38; (2007); p. 7255 - 7258",2007,valid,ionic_liquid,
3172,Cyclohexene oxide,"hexahydrobenzo[d][1,3]dioxol-2-one",92.0,24.8,0.1,12.0,tetrabutylammonium bromide,,,,,,,,,,,,,,"Sharma, Vivekanand; De, Dinesh; Saha, Ranajit; Das, Ranjita; Chattaraj, Pratim Kumar; Bharadwaj, Parimal K.; Chemical Communications; vol. 53; nb. 100; (2017); p. 13371 - 13374",2017,valid,ionic_liquid,
3173,Cyclohexene oxide,"hexahydrobenzo[d][1,3]dioxol-2-one",92.1,40.0,0.1,,tetrabutylammonium bromide,,,,,,,,,,,,,,"Chen, Di-Ming; Zhang, Xue-Jing; Journal of Solid State Chemistry; vol. 278; (2019); Art.No: 120906",2019,valid,ionic_liquid,
3175,Cyclohexene oxide,"hexahydrobenzo[d][1,3]dioxol-2-one",92.0,80.0,0.25,2.0,ethylpyridinium bromide,,,,,,,,,,无溶剂,,,,"Torabi, Saeed;Ghafari Tirabadi, Golnoosh;Nazeri, Mohammad Taghi;Shaabani, Ahmad; Journal of Physics and Chemistry of Solids; vol. 211; (2026); Art.No: 113481",2026,valid,unknown,无溶剂
3176,Cyclohexene oxide,"hexahydrobenzo[d][1,3]dioxol-2-one",92.0,80.0,0.1,8.0,tetrabutylammonium bromide,,,,,,,,,,无溶剂,,,,"Yue, Tian-Cai;Wang, Xin-Fang;Huang, Jian-Bo;Wang, Lu-Lu;Wang, Duo-Zhi; Green Chemistry; vol. 28; nb. 6; (2026); p. 2904 - 2913",2026,valid,ionic_liquid,无溶剂
3177,Cyclohexene oxide,"hexahydrobenzo[d][1,3]dioxol-2-one",91.0,100.0,,12.0,tetrabutylammonium bromide,,,,,,,,,,无溶剂,,,,"With tetrabutylammomium bromide in neat (no solvent), Time= 12h, T= 100 °C , Reagent/catalyst, chemoselective reaction Sinha, Indranil; Lee, Yuseop; Bae, Choongman; Tussupbayev, Samat; Lee, Yujin; Seo, Min-Seob; Kim, Jin; Baik, Mu-Hyun; Lee, Yunho; Kim, Hyunwoo; Catalysis science and technology; vol. 7; nb. 19; (2017); p. 4375 - 4387",2017,valid,ionic_liquid,无溶剂
3179,Cyclohexene oxide,"hexahydrobenzo[d][1,3]dioxol-2-one",91.0,120.0,1.01332,8.0,tetrabutylammonium bromide,,,,,,,,,,,,,,"Temperature, Pressure Wang, Li; Xu, Cong; Han, Qingxin; Tang, Xiaoliang; Zhou, Panpan; Zhang, Ruilian; Gao, Guoshu; Xu, Ben‐ hua; Qin, Wenwu; Liu, Weisheng; Chemical Communications; vol. 54; nb. 18; (2018); p. 2212 - 2215",2018,valid,ionic_liquid,
3180,Cyclohexene oxide,"hexahydrobenzo[d][1,3]dioxol-2-one",91.0,120.0,,,N-trimethylethan-1-aminium iodide,,,,,,,,,,,,,,"With 2-(bis(5-(tert butyl)-2-hydroxybenzyl)amino)-N,N,N-trimethylethan-1-aminium iodide, T= 120 °C , Inert atmos‐ phere, Schlenk technique, Reagent/catalyst Hong, Mannkyu; Kim, Yoseph; Kim, Hyejin; Cho, Hee Jin; Baik, Mu-Hyun; Kim, Youngjo; Journal of Organic Chemistry; vol. 83; nb. 16; (2018); p. 9370 - 9380",2018,valid,unknown,
3181,Cyclohexene oxide,"hexahydrobenzo[d][1,3]dioxol-2-one",91.0,60.0,1.01332,7.0,zinc dibromide,,,,,,,,,,water,ethyl acetate,hexane,,"Khalaj, Mehdi;Bakhtiari, Maryam;Musavi Safavi, Seyed Mahmoud;Ghashang, Majid; Reactive and Functional Polymers; vol. 220; (2026); Art.No: 106609",2026,valid,metal_halide,water; ethyl acetate; hexane
3182,Cyclohexene oxide,"hexahydrobenzo[d][1,3]dioxol-2-one",90.0,150.0,3.00005,10.0,"2,4,6-triamino-s-triazine",,,,,,,,,,,,,,"Time Liu, Mengshuai; Liu, Bo; Shi, Lei; Wang, Fangxiao; Liang, Lin; Sun, Jianmin; RSC Advances; vol. 5; nb. 2; (2015); p. 960 - 966",2015,valid,unknown,
3184,Cyclohexene oxide,"hexahydrobenzo[d][1,3]dioxol-2-one",90.0,120.0,1.00001,8.0,tetrabutylammonium bromide,,,,,,,,,,无溶剂,,,,"Catalytic behavior, Time Wang, Gang; Xu, Cong; Wang, Li; Liu, Weisheng; Dalton Transactions; vol. 47; nb. 36; (2018); p. 12711 - 12717",2018,valid,ionic_liquid,无溶剂
3185,Cyclohexene oxide,"hexahydrobenzo[d][1,3]dioxol-2-one",90.0,40.0,0.1,20.0,tetrabutylammonium bromide,,,,,,,,,,,,,,PatentGUANGDONG TANYU NEW MAT CO LTD; GUANGDONG TANYU NEW MAT; CN119285598; (2025); (A) ChineseGUANGDONG TANYU NEW MAT,2025,valid,ionic_liquid,
3186,Cyclohexene oxide,"hexahydrobenzo[d][1,3]dioxol-2-one",90.0,100.0,1.00001,18.0,tetra-(n-butyl)ammonium iodide,,pyridine,,,,,,,,无溶剂,,,,"Mishra, Veenu;Kediya, Siddhi;Goud, Devender;Deka, Diku Raj;Chakraborty, Subhajit;Peter, Sebastian C.; Chemical Science; (2025)",2025,valid,organic_base,无溶剂
3188,Cyclohexene oxide,"hexahydrobenzo[d][1,3]dioxol-2-one",87.0,80.0,0.30001,4.0,tetrabutylammonium bromide,,,,,,,,,,无溶剂,,,,"Taghavi, Faezeh; Khojastehnezhad, Amir; Khalifeh, Reza; Rajabzadeh, Maryam; Rezaei, Fahimeh; Abnous, Khalil; Taghdisi, Seyed Mohammad; New Journal of Chemistry; vol. 45; nb. 34; (2021); p. 15405 - 15414",2021,valid,ionic_liquid,无溶剂
3189,Cyclohexene oxide,"hexahydrobenzo[d][1,3]dioxol-2-one",87.0,90.0,0.70001,5.0,imidazolium,,,,,,,,,,,,,,"Liu, Yang;Hu, Yu Lin; Bulletin of the Chemical Society of Ethiopia; vol. 36; nb. 2; (2022); p. 433 - 450",2022,valid,ionic_liquid,
3190,Cyclohexene oxide,"hexahydrobenzo[d][1,3]dioxol-2-one",86.7,25.0,0.1,12.0,tetrabutylammonium bromide,,,,,,,,,,acetonitrile,,,,"Gao, Haiyun;Du, Longchao;Wei, Yongwang; Inorganic Chemistry; vol. 64; nb. 15; (2025); p. 7508 - 7520",2025,valid,ionic_liquid,acetonitrile
3191,Cyclohexene oxide,"hexahydrobenzo[d][1,3]dioxol-2-one",86.0,80.0,0.1,5.0,tetrabutylammonium bromide,,,,,,,,,,,,,,"Re‐ agent/catalyst Ghanghas, Manisha;Rom, Tanmay;Paul, Avijit Kumar; Inorganic Chemistry; vol. 64; nb. 29; (2025); p. 15027 - 15038",2025,valid,ionic_liquid,
3192,Cyclohexene oxide,"hexahydrobenzo[d][1,3]dioxol-2-one",86.0,,0.1,,tetrabutylammonium bromide,,,,,,,,,,无溶剂,,,,"Heating Jana, Narayan Ch.;Jagli?i?, Zvonko;Kotrle, Kamil;Herchel, Radovan;Panja, Anangamohan; Inorganic Chemis‐ try; vol. 64; nb. 37; (2025); p. 19094 - 19112",2025,valid,ionic_liquid,无溶剂
3193,Cyclohexene oxide,"hexahydrobenzo[d][1,3]dioxol-2-one",86.8,100.0,1.20002,8.0,tetrabutylammonium bromide,,,,,,,,,,,,,,"Liu, Xiaolan;Lei, Kaiwen;Yang, Ke;Lv, Pei;Liu, Jiyong;Shen, Yudong;Xu, Wei; Inorganic Chemistry; vol. 65; nb. 2; (2026); p. 1621 - 1633",2026,valid,ionic_liquid,
3194,Cyclohexene oxide,"hexahydrobenzo[d][1,3]dioxol-2-one",85.0,100.0,2.00003,1.0,tetrabutylammonium bromide,,,,,,,,,,,,,,"Tang, Feiying;Hou, Jianan;Liang, Kaixin;Huang, Jianhan;Liu, You-Nian; European Journal of Inorganic Chemis‐ try; vol. 2018; nb. 37; (2018); p. 4175 - 4180",2018,valid,ionic_liquid,
3195,Cyclohexene oxide,"hexahydrobenzo[d][1,3]dioxol-2-one",85.0,100.0,0.50001,36.0,tetrabutylammonium bromide,,,,,,,,,,无溶剂,,,,"Zhang, Kuikui; Liu, Zhenbang; Liu, Ning; Applied Organometallic Chemistry; vol. 35; nb. 10; (2021); Art.No: E6347",2021,valid,ionic_liquid,无溶剂
3197,Cyclohexene oxide,"hexahydrobenzo[d][1,3]dioxol-2-one",83.0,50.0,0.30001,7.0,tetrabutylammonium bromide,,,,,,,,,,water,acetone,ethyl acetate,hexane,"Moeinpour, Farid;Khalifeh, Reza;Rajabzadeh, Maryam;Rezaei, Fahimeh;Javdan, Samaneh; Catalysis Letters; vol. 152; nb. 12; (2022); p. 3679 - 3690",2022,valid,ionic_liquid,water; acetone; ethyl acetate; hexane
3198,Cyclohexene oxide,"hexahydrobenzo[d][1,3]dioxol-2-one",83.0,80.0,,8.0,tetrabutylammonium bromide,,,,,,,,,,无溶剂,,,,"With tetrabutylammomium bromide, C44H68Er6N 16O33 (4+)*16H2O in neat (no solvent), Time= 8h, T= 80 °C Liu, Bo-Yu;Abdukader, Ablimit;Huang, Jian-Bo;Wang, Lu-Lu;Wang, Duo-Zhi; Dalton Transactions; vol. 55; nb. 5; (2026); p. 2312 - 2317",2026,valid,ionic_liquid,无溶剂
3199,Cyclohexene oxide,"hexahydrobenzo[d][1,3]dioxol-2-one",82.0,115.0,1.62002,24.0,imidazolium,,,,,,,,,,,,,,"Han, Lina; Choi, Hye-Ji; Choi, Soo-Jin; Liu, Binyuan; Park, Dae-Won; Green Chemistry; vol. 13; nb. 4; (2011); p. 1023 - 1028",2011,valid,ionic_liquid,
3203,Cyclohexene oxide,"hexahydrobenzo[d][1,3]dioxol-2-one",82.0,90.0,2.00003,5.0,sodium bromide,,pyridine,,,,,,,,water,,,,"Autoclave, Re‐ agent/catalyst, Temperature PatentDALIAN INST CHEMICAL PHYSICS CAS; DALIAN INSTITUTE OF CHEMICAL PHYSICS; CN105712971; (2016); (A) EnglishDalian Institute of Chemical Physics (in: CAS); CHINESE ACADEMY OF SCIENCES",2016,valid,mixed_system,water
3205,Cyclohexene oxide,"hexahydrobenzo[d][1,3]dioxol-2-one",82.0,160.0,1.00001,8.0,tetra-n-propylammonium bromide,,,,,,,,,,,,,,"Zhao, Qing-Ning; Song, Qing-Wen; Liu, Ping; Zhang, Qian-Xia; Gao, Jun-Hua; Zhang, Kan; Chinese Journal of Chemistry; vol. 36; nb. 3; (2018); p. 187 - 193",2018,valid,ionic_liquid,
3206,Cyclohexene oxide,"hexahydrobenzo[d][1,3]dioxol-2-one",82.0,80.0,0.1,12.0,tetrabutylammonium bromide,,,,,,,,,,无溶剂,,,,"Huang, Jian-Bo;Yin, Lin;Yue, Tian-Cai;Wang, Lu-Lu;Wang, Duo-Zhi; Chemistry - A European Journal; vol. 30; nb. 71; (2024); Art.No: e202403209",2024,valid,ionic_liquid,无溶剂
3207,Cyclohexene oxide,"hexahydrobenzo[d][1,3]dioxol-2-one",81.0,120.0,1.00001,12.0,imidazolium,,,,,,,,,,无溶剂,,,,"Green chemistry Hu, Yu-Lin; Lu, Ming; Yang, Xue-Lin; RSC Advances; vol. 5; nb. 83; (2015); p. 67886 - 67891",2015,valid,ionic_liquid,无溶剂
3208,Cyclohexene oxide,"hexahydrobenzo[d][1,3]dioxol-2-one",81.8,80.0,,16.0,tetrabutylammonium bromide,,,,,,,,,,,,,,"With tetrabutylammomium bromide, Time= 16h, T= 80 °C , Electrochemical reaction Li, Jiayi;Mao, Keke;Gong, Wanbing;Li, Zheyue;Sang, Shuaikang;Li, Jiawei;Chen, Guangyu;Hu, Chuan‐ sheng;Long, Ran;Xiong, Yujie; Small; vol. 21; nb. 12; (2025); Art.No: 2500594",2025,valid,ionic_liquid,
3210,Cyclohexene oxide,"hexahydrobenzo[d][1,3]dioxol-2-one",80.0,120.0,2.00003,22.0,"1,8-diazabicyclo[5.4.0]undec-7-ene",,,,,,,,,,,,,,"Green chemistry Sun, Jian; Cheng, Weiguo; Yang, Zifeng; Wang, Jinquan; Xu, Tingting; Xin, Jiayu; Zhang, Suojiang; Green Chemistry; vol. 16; nb. 6; (2014); p. 3071 - 3078",2014,valid,unknown,
3211,Cyclohexene oxide,"hexahydrobenzo[d][1,3]dioxol-2-one",80.0,130.0,1.00001,9.0,imidazolium bromide,,,,,,,,,,,,,,"Wu, Shi; Wang, Binshen; Zhang, Yongya; Elageed, Elnazeer H.M.; Wu, Haihong; Gao, Guohua; Journal of Mo‐ lecular Catalysis A: Chemical; vol. 418-419; (2016); p. 1 - 8",2016,valid,ionic_liquid,
3213,Cyclohexene oxide,"hexahydrobenzo[d][1,3]dioxol-2-one",80.0,120.0,,4.0,tetrabutylammonium bromide,,,,,,,,,,无溶剂,,,,"With biphenyl, tetrabutylammomium bromide, 3C PW  (3-)25 H 54 N(1+)*O 24 4  in neat (no solvent), Time= 4h, T= 120 °C , High pressure, Autoclave, Reagent/catalyst Maltby, Katarzyna A.; Hutchby, Marc; Plucinski, Pawel; Davidson, Matthew G.; Hintermair, Ulrich; Chemistry - A European Journal; vol. 26; nb. 33; (2020); p. 7405 - 7415",2020,valid,ionic_liquid,无溶剂
3215,Cyclohexene oxide,"hexahydrobenzo[d][1,3]dioxol-2-one",79.0,100.0,,8.0,tetrabutylammonium bromide,,,,,,,,,,无溶剂,,,,"With tetrabutylammomium bromide in neat (no solvent), Time= 8h, T= 100 °C Erfani-Ghorbani, Reza;Eshghi, Hossein;Shiri, Ali; RSC Advances; vol. 15; nb. 10; (2025); p. 7236 - 7247",2025,valid,ionic_liquid,无溶剂
3216,Cyclohexene oxide,"hexahydrobenzo[d][1,3]dioxol-2-one",78.0,120.0,5.00008,6.0,potassium iodide,,,,,,,,,,无溶剂,,,,"Auto‐ clave, Reagent/catalyst, Temperature, Pressure Werner, Thomas; Tenhumberg, Nils; Büttner, Hendrik; ChemCatChem; vol. 6; nb. 12; (2014); p. 3493 - 3500",2014,valid,metal_halide,无溶剂
3220,Cyclohexene oxide,"hexahydrobenzo[d][1,3]dioxol-2-one",74.0,80.0,,,tetrabutylammonium bromide,,,,,,,,,,,,,,"With tetrabutylammomium bromide, T= 80 °C , Catalytic behavior, Reagent/catalyst Kumar, Raman;Sahoo, Subash C.;Nanda, Prasant K.; European Journal of Inorganic Chemistry; vol. 2021; nb. 11; (2021); p. 1057 - 1064",2021,valid,ionic_liquid,
3221,Cyclohexene oxide,"hexahydrobenzo[d][1,3]dioxol-2-one",73.0,24.8,0.1,96.0,tetrabutylammonium bromide,,,,,,,,,,,,,,"Catalytic behavior Ding, Shunmin; Sun, Ling; Ma, Xiaohua; Cheng, Dan; Wu, Shaohua; Zeng, Rong; Deng, Shengjun; Chen, Chao; Zhang, Ning; Catalysis Letters; vol. 150; nb. 10; (2020); p. 2970 - 2977",2020,valid,ionic_liquid,
3222,Cyclohexene oxide,"hexahydrobenzo[d][1,3]dioxol-2-one",73.0,80.0,1.00001,24.0,1-hexyl-3-methylimidazolium hydrogencarbonate,,imidazolium,,,,,,,,,,,,"Au‐ toclave, Green chemistry, Temperature Liu, Jia;Yang, Guoqiang;Liu, Ying;Zhang, Dejin;Hu, Xingbang;Zhang, Zhibing; Green Chemistry; vol. 22; nb. 14; (2020); p. 4509 - 4515",2020,valid,ionic_liquid,
3223,Cyclohexene oxide,"hexahydrobenzo[d][1,3]dioxol-2-one",73.0,80.0,0.50001,24.0,triphenylphosphine,,,,,,,,,,无溶剂,,,,"Chen, Fei; Tao, Sheng; Liu, Ning; Guo, Cheng; Dai, Bin; Applied Organometallic Chemistry; vol. 35; nb. 2; (2021); Art.No: E6099",2021,valid,unknown,无溶剂
3224,Cyclohexene oxide,"hexahydrobenzo[d][1,3]dioxol-2-one",73.0,80.0,0.1,10.0,tetrabutylammonium bromide,,,,,,,,,,无溶剂,,,,"Yue, Tian-Cai;Zeng, Tao;Abdukader, Ablimit;Wang, Xin-Fang;Wang, Lu-Lu;Wang, Duo-Zhi; Crystal Growth and Design; vol. 25; nb. 23; (2025); p. 10143 - 10154",2025,valid,ionic_liquid,无溶剂
3228,Cyclohexene oxide,"hexahydrobenzo[d][1,3]dioxol-2-one",70.0,120.0,0.34001,6.0,tetrabutylammonium chloride,,,,,,,,,,,,,,"Dharman, Manju Mamparambath; Yu, Jeong-In; Ahn, Ji-Yeon; Park, Dae-Won; Green Chemistry; vol. 11; nb. 11; (2009); p. 1754 - 1757",2009,valid,ionic_liquid,
3229,Cyclohexene oxide,"hexahydrobenzo[d][1,3]dioxol-2-one",70.0,100.0,1.00001,15.0,bis(2-hydroxyethyl) bis-(quaternary ammonium)iodide,,,,,,,,,,,,,,"Pressure, Temperature Kolle, Joel M.; Sayari, Abdelhamid; RSC Advances; vol. 9; nb. 42; (2019); p. 24527 - 24538",2019,valid,unknown,
3230,Cyclohexene oxide,"hexahydrobenzo[d][1,3]dioxol-2-one",69.0,120.0,4.00006,6.0,tri-n-butyl(2-hydroxyethyl)phosphonium iodide,,,,,,,,,,无溶剂,,,,"Werner, Thomas; Büttner, Hendrik; ChemSusChem; vol. 7; nb. 12; (2014); p. 3268 - 3271",2014,valid,ionic_liquid,无溶剂
3232,Cyclohexene oxide,"hexahydrobenzo[d][1,3]dioxol-2-one",68.0,120.0,,1.0,tetrabutylammonium bromide,,nickel(II) chloride,,triphenylphosphine,,,,,,,,,,"With tetrabutylammomium bromide, triphenylphosphine, zinc, bis(triphenylphosphine)nickel(II) chloride, Time= 1h, T= 120 °C Li, Fuwei; Xia, Chungu; Xu, Liwen; Sun, Wei; Chen, Gexin; Chemical Communications; nb. 16; (2003); p. 2042 - 2043",2003,valid,mixed_system,
3233,Cyclohexene oxide,"hexahydrobenzo[d][1,3]dioxol-2-one",68.0,110.0,1.80003,8.0,imidazolium,,,,,,,,,,,,,,"Green chemistry Roshan, Kuruppathparambil Roshith; Kim, Juntae; Tharun, Jose; Park, Gyung-Ah; Park, Dae-Won; Mathai, George; Green Chemistry; vol. 14; nb. 10; (2012); p. 2933 - 2940,8",2012,valid,ionic_liquid,
3234,Cyclohexene oxide,"hexahydrobenzo[d][1,3]dioxol-2-one",68.1,40.0,0.10133,4.0,tetrabutylammonium bromide,,,,,,,,,,,,,,"Wang, Meng; Liu, Jiao; Jin, Jing; Wu, Dan; Yang, Guoping; Zhang, Wen-Yan; Wang, Yao-Yu; CrystEngComm; vol. 23; nb. 3; (2021); p. 663 - 670",2021,valid,ionic_liquid,
3235,Cyclohexene oxide,"hexahydrobenzo[d][1,3]dioxol-2-one",68.0,130.0,0.10133,5.0,tetrabutylammonium bromide,,,,,,,,,,无溶剂,,,,"Green chemistry Lai, Shilin;Gao, Jinbin;Xiong, XingquanS1381514821001681; Reactive and functional polymers; vol. 165; (2021); Art.No: 104976",2021,valid,ionic_liquid,无溶剂
3236,Cyclohexene oxide,"hexahydrobenzo[d][1,3]dioxol-2-one",68.49,80.0,0.10133,,tetrabutylammonium bromide,,,,,,,,,,,,,,"Jin, Jing;Xue, Juanjuan;Wu, Dan;Yang, Guoping;Wang, Yaoyu; Chemical Communications; vol. 58; nb. 56; (2022); p. 7749 - 7752",2022,valid,ionic_liquid,
3237,Cyclohexene oxide,"hexahydrobenzo[d][1,3]dioxol-2-one",67.0,0.0,3.00005,1.0,tetraheptylammonium bromide,,,,,,,,,,,,,,"Wang, Congwei; Song, Qingwen; Zhang, Kan; Liu, Ping; Wang, Junying; Wang, Jianmei; Zhang, Hengxuan; Wang, Junzhong; Chemical Communications; vol. 55; nb. 9; (2019); p. 1299 - 1302",2019,valid,ionic_liquid,
3239,Cyclohexene oxide,"hexahydrobenzo[d][1,3]dioxol-2-one",66.3,120.0,3.00005,12.0,tetrabutylammonium bromide,,,,,,,,,,,,,,"Xie, Yong; Wang, Ting-Ting; Yang, Rui-Xia; Huang, Nian-Yu; Zou, Kun; Deng, Wei-Qiao; ChemSusChem; vol. 7; nb. 8; (2014); p. 2110 - 2114",2014,valid,ionic_liquid,
3240,Cyclohexene oxide,"hexahydrobenzo[d][1,3]dioxol-2-one",65.0,120.0,1.00001,24.0,tetra-(n-butyl)ammonium hydroxide,,,,,,,,,,,,,,"Ema, Tadashi; Fukuhara, Kazuki; Sakai, Takashi; Ohbo, Masaki; Bai, Fu-Quan; Hasegawa, Jun-Ya; Catalysis science and technology; vol. 5; nb. 4; (2015); p. 2314 - 2321",2015,valid,unknown,
3243,Cyclohexene oxide,"hexahydrobenzo[d][1,3]dioxol-2-one",63.0,100.0,2.00003,3.5,tetrabutylammonium bromide,,triphenylphosphine,,,,,,,,water,,,,PatentBayer MaterialScience AG; COVESTRO DEUTSCHLAND; US2015/203467; (2015); (A1) EnglishADNOC (in: Gov. of Abu Dhabi); GOVERNMENT OF ABU DHABI; Covestro (in: Gov. of Abu Dhabi),2015,valid,ionic_liquid,water
3244,Cyclohexene oxide,"hexahydrobenzo[d][1,3]dioxol-2-one",63.2,130.0,3.00005,50.0,"1,8-diazabicyclo[5.4.0]undec-7-ene",,,,,,,,,,,,,,"Chen, Angjun; Chen, Chen; Xiu, Yuhe; Liu, Xuerui; Chen, Jizhong; Guo, Li; Zhang, Ran; Hou, Zhenshan; Green Chemistry; vol. 17; nb. 3; (2015); p. 1842 - 1852",2015,valid,unknown,
3245,Cyclohexene oxide,"hexahydrobenzo[d][1,3]dioxol-2-one",63.0,20.0,,3.5,tetrabutylammonium bromide,,triphenylphosphine,,,,,,,,,,,,"3-1-1 : Synthesis of cyclic cyclohexene carbonate using the complex [Zn (nbhq)] from Example 3-1 in the presence of PPNCl and TBABr Zn (II) catalyst [Zn (nbhq)] (10.5 mg, 0.022 mmol)Bis (triphenylphosphoranylidene) ammonium chloride (PPNCl, 30.0 mg, 0.052 mmol), Tetrabutylammonium bromide (TBABr, 60 mg, 0.186 mmol)And cyclohexene oxide (13.0 mL, 128 mmol) were charged in a 160 mL autoclave equipped with a stirrer,(Propylene oxide / catalyst / (PPNCl + TBABr) molar ratio = 6400/1 / 11.9) at room temperature. The reaction mixture was then heated to 100 & lt; 0 & gt; C (over a period of 10 minutes)And stirred at 700 rpm for 3.5 hours. The autoclave was then cooled to 15 under the aid of an ice bath and the excess CO2 excess pressure was slowly released. After opening the autoclave, an NMR sample was taken for quantitative analysis and measured in CDCl3. With C27H28N2O2Zn, tetrabutylammomium bromide, bis(triphenylphosphine)iminium chloride, Time= 3.5h, T= 20 - 100 °C , Autoclave PatentBAYER MATERIALSCIENCE AG; COVESTRO DEUTSCHLAND; KR2015/44896; (2015); (A) KoreanADNOC (in: Gov. of Abu Dhabi); GOVERNMENT OF ABU DHABI; Covestro (in: Gov. of Abu Dhabi)",2015,valid,ionic_liquid,
3248,Cyclohexene oxide,"hexahydrobenzo[d][1,3]dioxol-2-one",61.0,100.0,5.00008,6.0,potassium iodide,,18-crown-6 ether,,,,,,,,,,,,"Pressure Desens, Willi; Werner, Thomas; Advanced Synthesis and Catalysis; vol. 358; nb. 4; (2016); p. 622 - 630",2016,valid,metal_halide,
3249,Cyclohexene oxide,"hexahydrobenzo[d][1,3]dioxol-2-one",61.0,100.0,0.1,6.0,tetrabutylammonium bromide,,,,,,,,,,,,,,"Zhao, Dan; Liu, Xiao-Hui; Shi, Zhuang-Zhi; Zhu, Chen-Dan; Zhao, Yue; Wang, Peng; Sun, Wei-Yin; Dalton Transactions; vol. 45; nb. 36; (2016); p. 14184 - 14190",2016,valid,ionic_liquid,
3250,Cyclohexene oxide,"hexahydrobenzo[d][1,3]dioxol-2-one",61.2,25.0,0.10133,24.0,tetrabutylammonium bromide,,,,,,,,,,dichloromethane,,,,"Chen, Jing-Huo; Deng, Cheng-Hua; Fang, Sheng; Ma, Jian-Gong; Cheng, Peng; Green Chemistry; vol. 20; nb. 5; (2018); p. 989 - 996",2018,valid,ionic_liquid,dichloromethane
3252,Cyclohexene oxide,"hexahydrobenzo[d][1,3]dioxol-2-one",60.0,100.0,0.70001,10.0,tetrabutylammonium bromide,,,,,,,,,,,,,,"Khalifeh, Reza; Zarei, Zeinab; Rajabzadeh, Maryam; New Journal of Chemistry; vol. 45; nb. 2; (2021); p. 810 - 820",2021,valid,ionic_liquid,
3253,Cyclohexene oxide,"hexahydrobenzo[d][1,3]dioxol-2-one",59.0,110.0,1.00001,3.0,tetrabutylammonium bromide,,,,,,,,,,,,,,"Xiong, Xingquan; Zhang, Hui; Lai, Shi Lin; Gao, Jinbin; Gao, Lizhu; Reactive and functional polymers; vol. 149; (2020); Art.No: 104502",2020,valid,ionic_liquid,
3255,Cyclohexene oxide,"hexahydrobenzo[d][1,3]dioxol-2-one",57.4,100.0,5.51581,8.0,"1,8-diazabicyclo[5.4.0]undec-7-ene",,potassium iodide,,,,,,,,,,,,"3 : Example 3 According to the general procedure for the preparation of the cycloaddition reactions: in the reaction zone between 5 to 25 g of cyclohexene oxide and between 0.1 to 5 g of catalyst system potassium iodide, chitin (between 1 and 15 wt. %) are added. After that, between 10 and 200 micrograms of DBU area added as co-catalyst (between 5 to 50 wt. % respective to the metal salt). Such mixture is taken to the pressure reactor and subjected to a carbon dioxide pressure of 100-800 psi, preferably between 200 and 500 psi and heated to a temperature of 50 to 200° C., prefera‐ bly between 60 and 150° C. according to the nature of the epoxide to be tested. After de reaction time, the reactor is taken to an ice bath until it gets room temperature, afterwards the excess CO2 is released and the mixture is stirred for 0.5 h. the yields are calculated directly from the reaction mixture using a gas chromatograph coupled with a mass spectrometer. (0064) Table 2 shows the influence of the temperature and time parameters for this reaction With 1,8-diazabicyclo[5.4.0]undec-7-ene, Time= 8h, T= 100 °C , Temperature, Reagent/catalyst PatentINSTITUTO MEXICANO DEL PETRóLEO; MEXICAN INSTITUTE OF PETROLEUMMexican Institute of Pe‐ troleum; US2019/193063; (2019); (A1) EnglishMEXICAN INSTITUTE OF PETROLEUM",,valid,metal_halide,
3256,Cyclohexene oxide,"hexahydrobenzo[d][1,3]dioxol-2-one",56.0,70.0,0.1,24.0,tetrabutylammonium bromide,,,,,,,,,,,,,,"Liu, Nana;Li, Yongfei;Zheng, Jun;Liu, Baojie;Liu, Guang-Ning;Wang, Yong;Wang, Suna; Inorganic Chemistry; vol. 64; nb. 9; (2025); p. 4534 - 4543",2025,valid,ionic_liquid,
3257,Cyclohexene oxide,"hexahydrobenzo[d][1,3]dioxol-2-one",55.0,130.0,1.50002,6.0,imidazolium,,,,,,,,,,water,toluene,hexane,,"Au‐ toclave Liu, Mengshuai; Liang, Lin; Liang, Tao; Lin, Xiaoli; Shi, Lei; Wang, Fangxiao; Sun, Jianmin; Journal of Molecu‐ lar Catalysis A: Chemical; vol. 408; (2015); p. 242 - 249; Art.No: 9583",2015,valid,ionic_liquid,water; toluene; hexane
3258,Cyclohexene oxide,"hexahydrobenzo[d][1,3]dioxol-2-one",54.5,100.0,2.00003,24.0,tetrabutylammonium bromide,,,,,,,,,,无溶剂,,,,"Cho, Kyoungil; Lee, Sang Moon; Kim, Hae Jin; Ko, Yoon-Joo; Kang, Eun Joo; Son, Seung Uk; Chemistry - A European Journal; vol. 26; nb. 4; (2020); p. 788 - 794",2020,valid,ionic_liquid,无溶剂
3259,Cyclohexene oxide,"hexahydrobenzo[d][1,3]dioxol-2-one",53.0,130.0,1.50002,12.0,imidazolium,,,,,,,,,,,,,,"Wang, Tengfei; Zhu, Xinrui; Mao, Lemin; Liu, Yi; Ren, Tiegang; Wang, Li; Zhang, Jinglai; Journal of Molecular Liquids; vol. 296; (2019); Art.No: 111936",2019,valid,ionic_liquid,
3260,Cyclohexene oxide,"hexahydrobenzo[d][1,3]dioxol-2-one",53.0,100.0,0.2,12.0,tetrabutylammonium bromide,,,,,,,,,,,,,,"Temperature Jiang, Xiaolin;Zhang, Liguang;Jiang, Shenglong;Sun, Liwei;Zou, Yaru;Li, Yuehui; Applied Catalysis A: Gener‐ al; vol. 695; (2025); Art.No: 120170",2025,valid,ionic_liquid,
3261,Cyclohexene oxide,"hexahydrobenzo[d][1,3]dioxol-2-one",53.0,90.0,0.1,18.0,tetrabutylammonium bromide,,,,,,,,,,,,,,"Dolai, Malay;Saha, Urmila;Islam, Sk Safikul;Haque, Najirul;Panja, Anangamohan;Ifseisi, Ahmad A.;Zangran‐ do, Ennio;Biswas, Surajit; Molecular Catalysis; vol. 576; (2025); Art.No: 114923",2025,valid,ionic_liquid,
3264,Cyclohexene oxide,"hexahydrobenzo[d][1,3]dioxol-2-one",52.0,100.0,0.1,8.0,triethylamine,,,,,,,,,,acetonitrile,,,,"Catalytic behav‐ ior Muthuramalingam, Sethuraman; Sankaralingam, Muniyandi; Velusamy, Marappan; Mayilmurugan, Ramasa‐ my; Inorganic Chemistry; vol. 58; nb. 19; (2019); p. 12975 - 12985",2019,valid,organic_base,acetonitrile
3266,Cyclohexene oxide,"hexahydrobenzo[d][1,3]dioxol-2-one",50.0,20.0,0.1,24.0,tetrabutylammonium bromide,,,,,,,,,,,,,,"Das, Rajesh;Muthukumar;Pillai, Renjith S.;Nagaraja, C. Mallaiah; Chemistry - A European Journal; vol. 26; nb. 72; (2020); p. 17445 - 17454",2020,valid,ionic_liquid,
3267,Cyclohexene oxide,"hexahydrobenzo[d][1,3]dioxol-2-one",49.7,60.0,2.00003,4.0,tetrabutylammonium bromide,,,,,,,,,,,,,,"Yuan, Rongrong;He, HongmingS138770032030825X; Inorganic Chemistry Communications; vol. 121; (2020); Art.No: 108235",2020,valid,ionic_liquid,
3269,Cyclohexene oxide,"hexahydrobenzo[d][1,3]dioxol-2-one",48.0,120.0,1.00001,24.0,tetramethylammonium picolinate,,,,,,,,,,无溶剂,,,,"Green chemistry, Catalytic behavior, Time Jungi, Hiren;Chhetri, Ashis;Kumar, Dheeraj;Podder, Sumana;R. S., Malavika;Kuniyil, Rositha;Mitra, Joyee; Catalysis Science and Technology; vol. 16; nb. 2; (2026); p. 458 - 468",2026,valid,ionic_liquid,无溶剂
3270,Cyclohexene oxide,"hexahydrobenzo[d][1,3]dioxol-2-one",47.0,69.8,0.10133,48.0,tetra-(n-butyl)ammonium iodide,,,,,,,,,,,,,,"Ghosh, Anindya;Reddy, G. Naaresh;Siddhique P. K., Mohammed;Chatterjee, Sauvik;Bhattacharjee, Su‐ dip;Maitra, Rahul;Lyubimov, Sergey E.;Arzumanyan, Ashot V.;Naumkin, Alexander;Bhaumik, Asim;Chowd‐ hury, Biswajit; Green Chemistry; vol. 24; nb. 4; (2022); p. 1673 - 1692",2022,valid,unknown,
3271,Cyclohexene oxide,"hexahydrobenzo[d][1,3]dioxol-2-one",47.0,80.0,0.10133,,tetrabutylammonium bromide,,,,,,,,,,,,,,"Catalytic be‐ havior Ren, Meiyu;Yang, Kun;Fan, Liming;Hu, Tuoping;Zhang, Xiutang; Journal of Molecular Structure; vol. 1336; (2025); Art.No: 142068",2025,valid,ionic_liquid,
3274,Cyclohexene oxide,"hexahydrobenzo[d][1,3]dioxol-2-one",46.0,150.0,0.80001,5.0,choline chloride-PEG600,,,,,,,,,,无溶剂,,,,"Au‐ toclave Wu, Kai; Su, Ting; Hao, Dongmei; Liao, Weiping; Zhao, Yuchao; Ren, Wanzhong; Deng, Changliang; Lü, Hon‐ gying; Chemical Communications; vol. 54; nb. 69; (2018); p. 9579 - 9582",2018,valid,ionic_liquid,无溶剂
3276,Cyclohexene oxide,"hexahydrobenzo[d][1,3]dioxol-2-one",45.0,100.0,,12.0,tetrabutylammonium bromide,,,,,,,,,,water,ethyl acetate,,,"The general procedure for the coupling reaction of styreneoxide and CO2 In a typical reaction, CO2 (balloon) and styrene oxide (5 mmol)was mixed with rhodamine B (0.5 mmol), TBAB (0.5 mmol) in a 25 mL in a glass tubular reactor equipped with a magnetic stir bar.And then, the mixture was stirred at 100 C for 12 h. After the reaction,the mixture was diluted with H2O (10 mL), and extractedwith ethyl acetate (3 x 20 mL). The combined organic phases werewashed with water and brine, dried over anhydrous Na2SO4, andconcen‐ trated in vacuo. The residue was purified by flash columnchromatograph on silica gel to afford the target product 2a. Synthesisof other compounds 2b-2o was performed by an analogousprocedure. With tetrabutylammomium bromide, rhodamine B, Time= 12h, T= 100 °C Wu, Feng-tian; Wu, Ling; Cui, Chun-na; Tetrahedron; vol. 83; (2021)",2021,valid,ionic_liquid,water; ethyl acetate
3278,Cyclohexene oxide,"hexahydrobenzo[d][1,3]dioxol-2-one",43.4,70.0,,16.0,tetrabutylammonium bromide,,,,,,,,,,,,,,"With tetrabutylammomium bromide, C H N O  (2-)*Cd(2+)12 6 6 4 *6H2O, Time= 16h, T= 70 °C Wang, Yu-Jie;Deng, Meng-Qiang;Ma, Xiao-Shuai;Dong, Qing;Jin, Wen-Qi;Zhang, Huan;Li, Peng;Gao, Wei;Li, Ji-Yang;Zhang, Xiu-Mei; Journal of Molecular Structure; vol. 1351; (2026); Art.No: 144231",2026,valid,ionic_liquid,
3279,Cyclohexene oxide,"hexahydrobenzo[d][1,3]dioxol-2-one",42.6,110.0,2.00003,5.0,tetra-(n-butyl)ammonium iodide,,,,,,,,,,,,,,"Peng, Jing; Yang, Hai-Jian; Wei, Zidong; Guo, Cun-Yue; RSC Advances; vol. 5; nb. 65; (2015); p. 53063 - 53072",2015,valid,unknown,
3280,Cyclohexene oxide,"hexahydrobenzo[d][1,3]dioxol-2-one",42.3,80.0,1.20002,6.0,tetrabutylammonium chloride,0.3,tetrabutylammonium bromide,0.3,tetra-(n-butyl)ammonium iodide,0.3,tetrabutylammonium iodide,0.3,,,methanol,toluene,,,"Auto‐ clave, Reagent/catalyst Kim, Han-Ung; Babu, Robin; Roshan, Roshith; Park, Dae-Won; Applied Catalysis A: General; vol. 538; (2017); p. 59 - 65",2017,valid,ionic_liquid,methanol; toluene
3281,Cyclohexene oxide,"hexahydrobenzo[d][1,3]dioxol-2-one",42.0,130.0,2.00003,1.5,imidazolium,,,,,,,,,,hexane,diethyl ether,,,"Auto‐ clave Liu, Ying; Song, Yan; Zhou, Jianhua; Zhang, Xiangping; Molecular catalysis; vol. 492; (2020); Art.No: 111008",2020,valid,ionic_liquid,hexane; diethyl ether
3282,Cyclohexene oxide,"hexahydrobenzo[d][1,3]dioxol-2-one",42.0,120.0,0.81065,20.0,tetrabutylammonium bromide,,,,,,,,,,,,,,"Belousov, Yu. A.;Goncharenko;Bondarenko;Ganina;Bezzubov;Taidakov; Russian Journal of Coordination Chemistry; vol. 46; nb. 12; (2020); p. 805 - 811; Koord. Khim.; vol. 46; nb. 8; (2020); p. 477 - 486",2020,valid,ionic_liquid,
3283,Cyclohexene oxide,"hexahydrobenzo[d][1,3]dioxol-2-one",42.0,75.0,0.90001,4.0,tetrabutylammonium bromide,,,,,,,,,,methanol,,,,"Catalytic be‐ havior Wang, Xiaotong;Hu, Tuoping;Fan, Liming;Qin, Qi-Pin;Zhang, Xiutang; Inorganic Chemistry; vol. 64; nb. 9; (2025); p. 4461 - 4471",2025,valid,ionic_liquid,methanol
3285,Cyclohexene oxide,"hexahydrobenzo[d][1,3]dioxol-2-one",40.0,120.0,0.80001,2.0,tetrabutylammonium bromide,,,,,,,,,,无溶剂,,,,"Chen, Changjuan;Zhang, Aijiang; New Journal of Chemistry; vol. 45; nb. 43; (2021); p. 20155 - 20163",2021,valid,ionic_liquid,无溶剂
3286,Cyclohexene oxide,"hexahydrobenzo[d][1,3]dioxol-2-one",40.0,80.0,1.00001,4.0,tetrabutylammonium bromide,,,,,,,,,,ethanol,ethyl acetate,,,"Keshri, Kumer Saurav;Bhattacharjee, Sudip;Singha, Aniruddha;Bhaumik, Asim;Chowdhury, Biswa‐ jitS2468823122001225; Molecular catalysis; vol. 522; (2022); Art.No: 112234",2022,valid,ionic_liquid,ethanol; ethyl acetate
3287,Cyclohexene oxide,"hexahydrobenzo[d][1,3]dioxol-2-one",39.0,27.0,,120.0,tetrahexylammonium bromide,,,,,,,,,,,,,,"With tetrahexylammonium bromide, Time= 120h, T= 27 °C , Schlenk technique, Time, chemoselective reaction Kim, Myung Hyun; Song, Taemoon; Seo, Ue Ryung; Park, Ji Eun; Cho, Kyoungil; Lee, Sang Moon; Kim, Hae Jin; Ko, Yoon-Joo; Chung, Young Keun; Son, Seung Uk; Journal of Materials Chemistry A; vol. 5; nb. 45; (2017); p. 23612 - 23619",2017,valid,ionic_liquid,
3289,Cyclohexene oxide,"hexahydrobenzo[d][1,3]dioxol-2-one",38.0,60.0,0.10133,12.0,tetrabutylammonium bromide,,,,,,,,,,,,,,"Dong, Jie; Cui, Ping; Shi, Peng-Fei; Cheng, Peng; Zhao, Bin; Journal of the American Chemical Society; vol. 137; nb. 51; (2015); p. 15988 - 15991",2015,valid,ionic_liquid,
3290,Cyclohexene oxide,"hexahydrobenzo[d][1,3]dioxol-2-one",37.0,60.0,0.10133,3.0,tetrabutylammonium bromide,,,,,,,,,,,,,,"Abazari, Reza; Sanati, Soheila; Morsali, Ali; Kirillov, Alexander M.; Slawin, Alexandra M. Z.; Carpenter-War‐ ren, Cameron L.; Inorganic Chemistry; vol. 60; nb. 3; (2021); p. 2056 - 2067",2021,valid,ionic_liquid,
3294,Cyclohexene oxide,"hexahydrobenzo[d][1,3]dioxol-2-one",34.0,120.0,2.00003,15.0,tetra-(n-butyl)ammonium iodide,,Al-salan complex,,,,,,,,无溶剂,,,,"Green chemistry Ma, Ran; Sun, Haojie; Cui, Yuanzhi; RSC Advances; vol. 8; nb. 20; (2018); p. 11145 - 11149",2018,valid,unknown,无溶剂
3298,Cyclohexene oxide,"hexahydrobenzo[d][1,3]dioxol-2-one",32.0,90.0,0.10133,9.0,tetrabutylammonium bromide,,,,,,,,,,无溶剂,,,,"Qin, Xiaohan;Shen, Simin;Xu, Mengling;Xu, Wangfu;Huang, Kun;Zhang, Xiang-Yu; Inorganic Chemistry; vol. 64; nb. 26; (2025); p. 13499 - 13506",2025,valid,ionic_liquid,无溶剂
3301,Cyclohexene oxide,"hexahydrobenzo[d][1,3]dioxol-2-one",30.6,60.0,4.00006,24.0,tetra-(n-butyl)ammonium iodide,,,,,,,,,,DMF,dichloromethane,,,"Javadzade, Tahir A.;Hajiyeva, Sevinc R.;Chyragov, Famil M.;Nunes, Ana V.M.;Lasri, Jamal;Hamidov, Sahil Z.;Hasanov, Khudayar I.;Mahmudov, Kamran T.; Journal of Organometallic Chemistry; vol. 1046; (2026); Art.No: 123901",2026,valid,unknown,DMF; dichloromethane
3303,Cyclohexene oxide,"hexahydrobenzo[d][1,3]dioxol-2-one",28.0,40.0,0.1,24.0,tetrabutylammonium bromide,,,,,,,,,,,,,,"Industrial scale Chen, Yaju; Luo, Rongchang; Xu, Qihang; Zhang, Wuying; Zhou, Xiantai; Ji, Hongbing; ChemCatChem; vol. 9; nb. 5; (2017); p. 767 - 773",2017,valid,ionic_liquid,
3304,Cyclohexene oxide,"hexahydrobenzo[d][1,3]dioxol-2-one",28.0,130.0,0.10133,24.0,imidazolium bromide,,,,,,,,,,,,,,"Byun, Jeehye; Zhang, Kai A. I.; ChemCatChem; vol. 10; nb. 20; (2018); p. 4610 - 4616",2018,valid,ionic_liquid,
3305,Cyclohexene oxide,"hexahydrobenzo[d][1,3]dioxol-2-one",28.0,100.0,,12.0,tetrabutylammonium bromide,,,,,,,,,,acetonitrile,ethanol,,,"2.4.2 Cycloaddition of CO2 with SO General procedure: The catalyst (10 wt% of SO), feedstock SO (3 mmol), cocatalystTBAB (5 mol%-20 mol% of SO), and solvent acetonitrile(3 ml) were loaded into a 25 ml double-neck flaskand passed through carbon dioxide by a bubbling processusing a condensing tube with ethanol condensation refluxand a gas-intaking tube with a rotameter. The reaction wascarried out in an oil bath at desired temperature for a specifictime. At the end of the reaction, the catalyst separation processand the analysis of the SC product were the same as inthe case of epoxidation reactions. With tetrabutylammomium bromide in acetonitrile, Time= 12h, T= 100 °C Wei, Ruiping;Wang, Ziqi;Yao, Mingzhu;Xia, Rongying;Liu, Huijun;Yang, Lei;Ma, Guanghui;Gao, Lijing;Xiao, Guomin; Catalysis Letters; vol. 155; nb. 1; (2025); Art.No: 41",2025,valid,ionic_liquid,acetonitrile; ethanol
3306,Cyclohexene oxide,"hexahydrobenzo[d][1,3]dioxol-2-one",27.0,50.0,0.1,12.0,tetrabutylammonium bromide,,,,,,,,,,无溶剂,,,,"Song, Tian-Qun; Dong, Jie; Gao, Hong-Ling; Cui, Jian-Zhong; Zhao, Bin; Dalton Transactions; vol. 46; nb. 40; (2017); p. 13862 - 13868",2017,valid,ionic_liquid,无溶剂
3307,Cyclohexene oxide,"hexahydrobenzo[d][1,3]dioxol-2-one",26.0,120.0,3.00005,1.0,triphenylphosphine,,,,,,,,,,,,,,"Catalytic behavior Li, Cunyao; Wang, Wenlong; Yan, Li; Wang, Yuqing; Jiang, Miao; Ding, Yunjie; Journal of Materials Chemistry A; vol. 4; nb. 41; (2016); p. 16017 - 16027",2016,valid,unknown,
3308,Cyclohexene oxide,"hexahydrobenzo[d][1,3]dioxol-2-one",26.0,20.0,0.50001,1.0,tetrabutylammonium bromide,,,,,,,,,,,,,,"Catalytic behavior Kanti Das, Sabuj; Ghosh, Anirban; Bhattacharjee, Sudip; Chowdhury, Avik; Mitra, Partha; Bhaumik, Asim; New Journal of Chemistry; vol. 45; nb. 20; (2021); p. 9189 - 9196",2021,valid,ionic_liquid,
3309,Cyclohexene oxide,"hexahydrobenzo[d][1,3]dioxol-2-one",25.0,120.0,4.05299,4.0,potassium iodide,,18-crown-6 ether,,,,,,,,,,,,"Rokicki, Gabriel; Kuran, Witold; Pogorzelska-Marciniak, Barbara; Monatshefte fur Chemie; vol. 115; (1984); p. 205 - 214",1984,valid,metal_halide,
3311,Cyclohexene oxide,"hexahydrobenzo[d][1,3]dioxol-2-one",25.0,100.0,0.10133,24.0,potassium iodide,,,,,,,,,,无溶剂,,,,"Schlenk techni‐ que, Temperature Ionova, Violetta A.;Fakhrutdinov, Artem N.;Gusev, Daniil I.;Abel, Anton S.;Averin, Alexei D.;Beletskaya, Irina P.; Molecular Catalysis; vol. 579; (2025); Art.No: 115019",2025,valid,metal_halide,无溶剂
3312,Cyclohexene oxide,"hexahydrobenzo[d][1,3]dioxol-2-one",21.0,100.0,0.40533,24.0,DABCO,,,,,,,,,,,,,,"Time Hajipour, Abdol R.; Heidari, Yasaman; Kozehgary, Gholamreza; RSC Advances; vol. 5; nb. 29; (2015); p. 22373 -22379",2015,valid,mixed_system,
3313,Cyclohexene oxide,"hexahydrobenzo[d][1,3]dioxol-2-one",21.5,80.0,2.00003,48.0,tetrabutylammonium bromide,,,,,,,,,,,,,,"Li, Bin; Inorganic Chemistry Communications; vol. 88; (2018); p. 56 - 59",2018,valid,ionic_liquid,
3315,Cyclohexene oxide,"hexahydrobenzo[d][1,3]dioxol-2-one",21.0,80.0,1.01332,5.0,potassium iodide,,18-crown-6 ether,,,,,,,,无溶剂,,,,"Souleymanou, Myriam Y.; El-Ouahabi, Fatima; Masdeu-Bultó, Anna M.; Godard, Cyril; ChemCatChem; vol. 13; nb. 7; (2021); p. 1706 - 1710",2021,valid,metal_halide,无溶剂
3317,Cyclohexene oxide,"hexahydrobenzo[d][1,3]dioxol-2-one",20.0,90.0,6.00009,24.0,potassium iodide,,,,,,,,,,,,,,"Song, Jinliang; Zhang, Binbin; Jiang, Tao; Yang, Guanying; Han, Buxing; Frontiers of Chemistry in China; vol. 6; nb. 1; (2011); p. 21 - 30",2011,valid,metal_halide,
3318,Cyclohexene oxide,"hexahydrobenzo[d][1,3]dioxol-2-one",20.0,90.0,1.00001,6.0,tetrabutylammonium bromide,,,,,,,,,,,,,,"Catalytic behavior, Reagent/catalyst Zhu, Jie; Usov, Pavel M.; Xu, Wenqian; Celis-Salazar, Paula J.; Lin, Shaoyang; Kessinger, Matthew C.; Landa‐ verde-Alvarado, Carlos; Cai, Meng; May, Ann M.; Slebodnick, Carla; Zhu, Dunru; Senanayake, Sanjaya D.; Morris, Amanda J.; Journal of the American Chemical Society; vol. 140; nb. 3; (2018); p. 993 - 1003",2018,valid,ionic_liquid,
3320,Cyclohexene oxide,"hexahydrobenzo[d][1,3]dioxol-2-one",20.0,80.0,,10.0,tetrabutylammonium bromide,,,,,,,,,,,,,,"With tetrabutylammomium bromide, Time= 10h, T= 80 °C Yu, Chunlong;He, Xinglei;Gong, Chenxu;Li, Jingheng;Ye, Ke-Yin; Inorganic Chemistry; vol. 64; nb. 14; (2025); p. 6977 - 6986",2025,valid,ionic_liquid,
3321,Cyclohexene oxide,"hexahydrobenzo[d][1,3]dioxol-2-one",19.0,,0.96001,0.25,potassium iodide,,,,,,,,,,,,,,"Microwave irradiation, Green chemistry Tharun, Jose; Mathai, George; Kathalikkattil, Amal Cherian; Roshan, Roshith; Kwak, Joo-Young; Park, Dae- Won; Green Chemistry; vol. 15; nb. 6; (2013); p. 1673 - 1677",2013,valid,metal_halide,
3322,Cyclohexene oxide,"hexahydrobenzo[d][1,3]dioxol-2-one",18.0,80.0,0.80001,8.0,tetrabutylammonium bromide,,,,,,,,,,无溶剂,,,,"Patel, Parth; Parmar, Bhavesh; Kureshy, Rukhsana I.; Khan, Noor-Ul H.; Suresh, Eringathodi; Dalton Transac‐ tions; vol. 47; nb. 24; (2018); p. 8041 - 8051",2018,valid,ionic_liquid,无溶剂
3324,Cyclohexene oxide,"hexahydrobenzo[d][1,3]dioxol-2-one",17.0,80.0,1.00001,14.0,potassium iodide,,,,,,,,,,,,,,"Desens, Willi; Kohrt, Christina; Frank, Marcus; Werner, Thomas; ChemSusChem; vol. 8; nb. 22; (2015); p. 3815 -3822",2015,valid,metal_halide,
3325,Cyclohexene oxide,"hexahydrobenzo[d][1,3]dioxol-2-one",17.0,120.0,3.00005,1.0,imidazolium bromide,,,,,,,,,,,,,,"Catalytic behavior Wang, Wenlong; Li, Cunyao; Yan, Li; Wang, Yuqing; Jiang, Miao; Ding, Yunjie; ACS Catalysis; vol. 6; nb. 9; (2016); p. 6091 - 6100",2016,valid,ionic_liquid,
3326,Cyclohexene oxide,"hexahydrobenzo[d][1,3]dioxol-2-one",15.0,50.0,0.10133,6.0,3-hydroxy-N-octylpyridinium iodide,,,,,,,,,,无溶剂,,,,"Green chemis‐ try Rostami, Ali; Mahmoodabadi, Mohammadali; Hossein Ebrahimi, Amir; Khosravi, Hormoz; Al-Harrasi, Ahmed; ChemSusChem; vol. 11; nb. 24; (2018); p. 4262 - 4268",2018,valid,ionic_liquid,无溶剂
3327,Cyclohexene oxide,"hexahydrobenzo[d][1,3]dioxol-2-one",15.6,130.0,2.20004,7.0,tetrabutylammonium bromide,,,,,,,,,,,,,,"Huang, Kai; Zhang, Xiaomeng; Australian Journal of Chemistry; vol. 74; nb. 4; (2021); p. 282 - 289",2021,valid,ionic_liquid,
3328,Cyclohexene oxide,"hexahydrobenzo[d][1,3]dioxol-2-one",15.4,80.0,0.101325,24.0,tetrabutylammonium bromide,,,,,,,,,,无溶剂,,,,"2.3. Typical procedures for cycloaddition reaction from CO2 and epoxides General procedure: der solvent-free ambient conditions using epoxide (15 mmol) under aCO2 balloon, catalyzed by 1 (0.03 mmol) with tetrabutylammoniumbromide (TBAB, 1.08 mmol) as a co-catalyst. With tetrabutylammomium bromide in neat (no solvent), Time= 24h, T= 80 °C , Schlenk technique, Catalytic behav‐ ior, Temperature Huang, Xiaopeng;Hong, Yuan;Zhang, Cuiping;Guo, Meng;Zhu, Shiyuan;Zhao, Ronghui;Liu, Lizhen;Yao, Ziz‐ hu; Journal of Molecular Structure; vol. 1358; (2026); Art.No: 145321",2026,valid,ionic_liquid,无溶剂
3329,Cyclohexene oxide,"hexahydrobenzo[d][1,3]dioxol-2-one",14.0,60.0,0.101325,24.0,tetra-(n-butyl)ammonium iodide,,pyridine,,tetrabutylammonium iodide,,,,,,ethyl acetate,hexane,,,"Hexahydro-benzo[1,3]dioxol-2-one In a 5 mL Schlenk flask, cyclohexene oxide (5 mmol, 0.49 g), 3-hydroxypyridine (0.25 mmol, 0.024 g) and TBAI (0.25 mmol, 0.092 g) were stirred at 60 oC for 24 h under an atmosphere of CO2 (balloon). The crude product was purified by column chromatography (hexane : ethyl acetate = 2 : 1) to afford the desired cyclic carbonate 0.1 g (yield: 14.0%) as a colorless oil. 1H NMR (300 MHz, CDCl3): 4.76-4.59 (m, 2H), 2.0-1.79 (m, 4H), 1.72-1.53 (m, 2H), 1.51-1.31 (m, 2H). 13C NMR (75 MHz, CDCl3): 155.35, 75.73, 26.78, 19.17. With 3-HYDROXYPYRIDINE, tetra-(n-butyl)ammonium iodide, Time= 24h, T= 60 °C , Schlenk technique Wang, Xiangyong; Wang, Lin; Zhao, Yingying; Kodama, Koichi; Hirose, Takuji; Tetrahedron; vol. 73; nb. 8; (2017); p. 1190 - 1195",2017,valid,mixed_system,ethyl acetate; hexane
3330,Cyclohexene oxide,"hexahydrobenzo[d][1,3]dioxol-2-one",14.0,,0.10133,8.0,tetrabutylammonium bromide,,,,,,,,,,无溶剂,,,,"Patel, Parth; Parmar, Bhavesh; Kureshy, Rukhsana I.; Khan, Noor-Ul; Suresh, Eringathodi; ChemCatChem; vol. 10; nb. 11; (2018); p. 2401 - 2408",2018,valid,ionic_liquid,无溶剂
3331,Cyclohexene oxide,"hexahydrobenzo[d][1,3]dioxol-2-one",14.0,60.0,0.1,10.0,"1,1,3,3-tetramethylguanidine",,,,,,,,,,,,,,PatentUNIV HENAN; HENAN UNIVERSITYHenan University; CN110746357; (2020); (A) EnglishHENAN UNIVER‐ SITY,2020,valid,ionic_liquid,
3332,Cyclohexene oxide,"hexahydrobenzo[d][1,3]dioxol-2-one",13.0,110.0,1.10002,12.0,potassium iodide,,,,,,,,,,,,,,"Ravi, Seenu; Kang, Dong Heon; Roshan, Roshith; Tharun, Jose; Kathalikkattil, Amal Cherian; Park, Dae Won; Catalysis science and technology; vol. 5; nb. 3; (2015); p. 1580 - 1587",2015,valid,metal_halide,
3334,Cyclohexene oxide,"hexahydrobenzo[d][1,3]dioxol-2-one",12.0,70.0,0.51712,10.0,tetra-(n-butyl)ammonium iodide,,,,,,,,,,无溶剂,,,,"Catalytic behavior, Reagent/catalyst Pérez-Pérez, Jovana; Hernández-Balderas, Uvaldo; Martínez-Otero, Diego; Jancik, Vojtech; New Journal of Chemistry; vol. 43; nb. 47; (2019); p. 18525 - 18533",2019,valid,unknown,无溶剂
3337,Cyclohexene oxide,"hexahydrobenzo[d][1,3]dioxol-2-one",11.0,50.0,0.60001,5.0,tetrabutylammonium bromide,,,,,,,,,,,,,,"High pressure Zhang, Liangliang; Feng, Yang; He, Huihui; Liu, Yang; Weng, Jiena; Zhang, Peng; Huang, Wei; Catalysis To‐ day; vol. 374; (2021); p. 38 - 43",2021,valid,ionic_liquid,
3338,Cyclohexene oxide,"hexahydrobenzo[d][1,3]dioxol-2-one",10.0,120.0,1.00001,3.0,potassium iodide,,,,,,,,,,,,,,"High pressure, Catalytic be‐ havior, Reagent/catalyst Roshan, Kuruppathparambil Roshith; Kathalikkattil, Amal Cherian; Tharun, Jose; Kim, Dong Woo; Won, Yong Sun; Park, Dae Won; Dalton Transactions; vol. 43; nb. 5; (2014); p. 2023 - 2031",2014,valid,metal_halide,
3340,Cyclohexene oxide,"hexahydrobenzo[d][1,3]dioxol-2-one",10.0,25.0,,16.0,tetra-(n-butyl)ammonium iodide,,,,,,,,,,acetonitrile,,,,"2.1.2. Synthesis of cyclic carbonates General procedure: Propylene oxide (2 mmol), L-Serine(at)ZnO (10 wt%), TBAI (10 mol%), Acetonitrile (5 mL) were taken in Schlenk tube and CO2 (balloon)was introduced and reaction was heated to desired temperature thenstirred for 16 h, cooled it to the room temperature, the AAs(at)ZnO wasregained by centrifugation, dried and reused for next recycled run. Theremaining solvent was concentrated in vacuo and product was separatedby column chromatogra‐ phy and analysed by using the GC as wellas GCMS and NMR analysis. With tetra-(n-butyl)ammonium iodide in acetonitrile, Time= 16h, T= -60 °C , Schlenk technique Phatake, Vishal V.;Ahire, Jayendra P.;Bhanage, Bhalchandra M.S2468823120302613; Molecular catalysis; vol. 492; (2020); Art.No: 111000",2020,valid,unknown,acetonitrile
3341,Cyclohexene oxide,"hexahydrobenzo[d][1,3]dioxol-2-one",9.0,0.0,0.80001,9.0,tetra-(n-butyl)ammonium iodide,,,,,,,,,,,,,,"Green chemistry Bai, Dongsheng; Jing, Huanwang; Wang, Guangjian; Applied Organometallic Chemistry; vol. 26; nb. 11; (2012); p. 600 - 603",2012,valid,unknown,
3343,Cyclohexene oxide,"hexahydrobenzo[d][1,3]dioxol-2-one",8.9,25.0,1.00001,48.0,phenyltrimethylammonium tribromide,,,,,,,,,,,,,,"Bai, Dongsheng; Wang, Qiong; Song, Yingying; Li, Bo; Jing, Huanwang; Catalysis Communications; vol. 12; nb. 7; (2011); p. 684 - 688",2011,valid,unknown,
3344,Cyclohexene oxide,"hexahydrobenzo[d][1,3]dioxol-2-one",6.9,110.0,1.50002,1.0,zinc dibromide,,,,,,,,,,,,,,"Xiao, Linfei; Lv, Dongwei; Wu, Wei; Catalysis Letters; vol. 141; nb. 12; (2011); p. 1838 - 1844",2011,valid,metal_halide,
3346,Cyclohexene oxide,"hexahydrobenzo[d][1,3]dioxol-2-one",5.5,75.0,0.10133,12.0,tetrabutylammonium bromide,,,,,,,,,,无溶剂,,,,"Sealed tube Li, Haoyun;Wang, Jiajun;Hu, Qin;Wang, Yuqing;Cheng, Lin;Zhao, Fan;Peng, Yun-Lei;Tian, Li; Inorganic Chem‐ istry; vol. 64; nb. 19; (2025); p. 9571 - 9582",2025,valid,ionic_liquid,无溶剂
3348,Cyclohexene oxide,"hexahydrobenzo[d][1,3]dioxol-2-one",99.0,125.0,2.00003,5.0,imidazolium bromide,,,,,,,,,,,,,,Unknown reference,,valid,ionic_liquid,
3351,Cyclohexene oxide,"hexahydrobenzo[d][1,3]dioxol-2-one",12.0,45.0,0.10133,72.0,lithium bromide,,,,,,,,,,,,,,"Barkakaty, Balaka; Morino, Kazuhide; Sudo, Atsushi; Endo, Takeshi; Green Chemistry; vol. 12; nb. 1; (2010); p. 42 - 44",2010,valid,metal_halide,
3352,Cyclohexene oxide,"hexahydrobenzo[d][1,3]dioxol-2-one",31.2,120.0,2.00003,6.0,imidazolium bromide,,,,,,,,,,,,,,"Dai, Wei-Li; Chen, Lang; Yin, Shuang-Feng; Luo, Sheng-Lian; Au, Chak-Tong; Catalysis Letters; vol. 135; nb. 3-4; (2010); p. 295 - 304",2010,valid,ionic_liquid,
3354,Cyclohexene oxide,"hexahydrobenzo[d][1,3]dioxol-2-one",19.0,140.0,1.00001,10.0,"1,8-diazabicyclo[5.4.0]undec-7-ene",,,,,,,,,,,,,,"cyclo‐ addition, chemoselective reaction Yang, Zhen-Zhen; He, Liang-Nian; Miao, Cheng-Xia; Chanfreau, Sebastien; Advanced Synthesis and Catalysis; vol. 352; nb. 13; (2010); p. 2233 - 2240",2010,valid,unknown,
3355,Cyclohexene oxide,"hexahydrobenzo[d][1,3]dioxol-2-one",19.0,120.0,1.00001,6.0,sodium iodide,,,,,,,,,,,,,,"Zhou, Xi; Zhang, Yi; Yang, Xiangui; Yao, Jie; Wang, Gongying; Cuihua Xuebao/Chinese Journal of Catalysis; vol. 31; nb. 7; (2010); p. 765 - 768",2010,valid,metal_halide,
3358,Cyclohexene oxide,"hexahydrobenzo[d][1,3]dioxol-2-one",95.0,120.0,1.00001,20.0,BrTBDPEG150TBDBr,,,,,,,,,,无溶剂,,,,"Neat (no solvent) Yang, Zhen-Zhen; Zhao, Ya-Nan; He, Liang-Nian; Gao, Jian; Yin, Zhong-Shu; Green Chemistry; vol. 14; nb. 2; (2012); p. 519 - 527",2012,valid,unknown,无溶剂
3359,Cyclohexene oxide,"hexahydrobenzo[d][1,3]dioxol-2-one",93.0,50.0,2.53329,0.17,lithium bromide,,,,,,,,,,,,,,"Yu, Tao; Weiss, Richard G.; Green Chemistry; vol. 14; nb. 1; (2012); p. 209 - 216",2012,valid,metal_halide,
3361,Cyclohexene oxide,"hexahydrobenzo[d][1,3]dioxol-2-one",80.0,110.0,1.76002,24.0,imidazolium chloride,,,,,,,,,,无溶剂,,,,"Neat (no solvent) Han, Lina; Park, Moon-Seok; Choi, Soo-Jin; Kim, Yu-Jin; Lee, Seon-Myong; Park, Dae-Won; Catalysis Letters; vol. 142; nb. 2; (2012); p. 259 - 266",2012,valid,ionic_liquid,无溶剂
3363,Cyclohexene oxide,"hexahydrobenzo[d][1,3]dioxol-2-one",42.0,140.0,5.00008,120.0,imidazolium chloride,,imidazolium,,,,,,,,,,,,"Auto‐ clave, Green chemistry Ghazali-Esfahani, Saeideh; Song, Hongbing; Paunescu, Emilia; Bobbink, Felix D.; Liu, Huizhen; Fei, Zhaofu; Laurenczy, Gabor; Bagherzadeh, Mojtaba; Yan, Ning; Dyson, Paul J.; Green Chemistry; vol. 15; nb. 6; (2013); p. 1584 - 1589",2013,valid,ionic_liquid,
3365,Cyclohexene oxide,"hexahydrobenzo[d][1,3]dioxol-2-one",7.0,110.0,0.90001,10.0,zinc diiodide,,,,,,,,,,water,,,,"Siewniak, Agnieszka; Jasiak, Katarzyna; Baj, Stefan; Applied Catalysis A: General; vol. 482; (2014); p. 266 - 274",2014,valid,metal_halide,water
3366,Cyclohexene oxide,"hexahydrobenzo[d][1,3]dioxol-2-one",89.0,120.0,2.00003,24.0,potassium iodide,,,,,,,,,,,,,,"Catalytic behavior Sun, Yong-Bin; Cao, Chang-Yan; Yang, Shu-Liang; Huang, Pei-Pei; Wang, Chun-Ru; Song, Wei-Guo; Chemi‐ cal Communications; vol. 50; nb. 71; (2014); p. 10307 - 10310",2014,valid,metal_halide,
3371,Cyclohexene oxide,"hexahydrobenzo[d][1,3]dioxol-2-one",9.0,80.0,0.50666,10.0,tetra-(n-butyl)ammonium iodide,,,,,,,,,,,,,,"Mamone, Marius; Milcent, Thierry; Crousse, Benoit; Chemical Communications; vol. 51; nb. 64; (2015); p. 12736 -12739",2015,valid,unknown,
3372,Cyclohexene oxide,"hexahydrobenzo[d][1,3]dioxol-2-one",95.18,119.8,5.00008,6.0,tetrabutylammonium bromide,,,,,,,,,,无溶剂,,,,"Cata‐ lytic behavior, Reagent/catalyst, Temperature, Time, Pressure Cui, Ke; Liang, Zhengyong; Zhang, Jing; Zhang, Yadong; Synthetic Communications; vol. 45; nb. 6; (2015); p. 712 - 723",2015,valid,ionic_liquid,无溶剂
3375,Cyclohexene oxide,"hexahydrobenzo[d][1,3]dioxol-2-one",90.0,100.0,0.1,27.0,tetra-(n-butyl)ammonium iodide,,,,,,,,,,无溶剂,,,,"Schlenk techni‐ que, Green chemistry Saptal, Vitthal B.; Sasaki, Takehiko; Harada, Kei; Nishio-Hamane, Daisuke; Bhanage, Bhalchandra M.; Chem‐ SusChem; vol. 9; nb. 6; (2016); p. 644 - 650",2016,valid,unknown,无溶剂
3380,Cyclohexene oxide,"hexahydrobenzo[d][1,3]dioxol-2-one",28.0,100.0,0.1,6.0,tetrabutylammonium bromide,,,,,,,,,,,,,,"Liu, Liping; Zhang, Jianyong; Fang, Haobin; Chen, Liuping; Su, Cheng-Yong; Chemistry - An Asian Journal; vol. 11; nb. 16; (2016); p. 2278 - 2283",2016,valid,ionic_liquid,
3382,Cyclohexene oxide,"hexahydrobenzo[d][1,3]dioxol-2-one",51.0,130.0,4.00006,9.0,potassium iodide,,,,,,,,,,无溶剂,,,,"High pressure, Temper‐ ature Liu, Mengshuai; Lu, Xingyuan; Shi, Lei; Wang, Fangxiao; Sun, Jianmin; ChemSusChem; vol. 10; nb. 6; (2017); p. 1110 - 1119",2017,valid,metal_halide,无溶剂
3386,Cyclohexene oxide,"hexahydrobenzo[d][1,3]dioxol-2-one",90.0,80.0,0.10133,4.0,tetrabutylammonium bromide,,,,,,,,,,,,,,"Green chemistry Khatun, Resmin; Bhanja, Piyali; Mondal, Paramita; Bhaumik, Asim; Das, Debasis; Manirul Islam; New Journal of Chemistry; vol. 41; nb. 21; (2017); p. 12937 - 12946",2017,valid,ionic_liquid,
3387,Cyclohexene oxide,"hexahydrobenzo[d][1,3]dioxol-2-one",90.0,80.0,2.00003,3.0,tetra-(n-butyl)ammonium iodide,,,,,,,,,,无溶剂,,,,"Saptal, Vitthal B.; Nanda, Binita; Parida, Kulamani M.; Bhanage, Bhalchandra M.; ChemCatChem; vol. 9; nb. 21; (2017); p. 4105 - 4111",2017,valid,unknown,无溶剂
3388,Cyclohexene oxide,"hexahydrobenzo[d][1,3]dioxol-2-one",15.3,100.0,1.60002,2.0,lithium bromide,,DMAP,,,,,,,,,,,,"Sogukomerogullari, Hatice Gamze; Aytar, Emine; Ulusoy, Mahmut; Demir, Sibel; Dege, Necmi; Richeson, Darrin S.; S?nmez, Mehmet; Inorganica Chimica Acta; vol. 471; (2018); p. 290 - 296",2018,valid,mixed_system,
3389,Cyclohexene oxide,"hexahydrobenzo[d][1,3]dioxol-2-one",13.0,120.0,1.00001,12.0,tetrabutylammonium bromide,,,,,,,,,,,,,,"Xu, Cong; Liu, Yan; Wang, Li; Ma, Jingxin; Yang, Lizi; Pan, Fu-Xin; Kirillov, Alexander M.; Liu, Weisheng; Dal‐ ton Transactions; vol. 46; nb. 47; (2017); p. 16426 - 16431",2017,valid,ionic_liquid,
3390,Cyclohexene oxide,"hexahydrobenzo[d][1,3]dioxol-2-one",70.0,120.0,0.10133,40.0,tetrabutylammonium bromide,,,,,,,,,,,,,,"Inert atmosphere Du, Ya; Yang, Haishen; Wan, Shun; Jin, Yinghua; Zhang, Wei; Journal of Materials Chemistry A; vol. 5; nb. 19; (2017); p. 9163 - 9168",2017,valid,ionic_liquid,
3391,Cyclohexene oxide,"hexahydrobenzo[d][1,3]dioxol-2-one",68.0,80.0,1.00001,12.0,tetrabutylammonium bromide,,,,,,,,,,,,,,"Fan, Yamei;Li, Jiawei;Ren, Yanwei;Jiang, Huanfeng; European Journal of Inorganic Chemistry; vol. 2017; nb. 43; (2017); p. 4982 - 4989",2017,valid,ionic_liquid,
3393,Cyclohexene oxide,"hexahydrobenzo[d][1,3]dioxol-2-one",23.0,110.0,1.00001,24.0,tetra-(n-butyl)ammonium iodide,,,,,,,,,,无溶剂,,,,"Green chemistry Bousquet, Benjamin; Martinez, Alexandre; Dufaud, Véronique; ChemCatChem; vol. 10; nb. 4; (2018); p. 843 - 848",2018,valid,unknown,无溶剂
3394,Cyclohexene oxide,"hexahydrobenzo[d][1,3]dioxol-2-one",95.0,70.0,3.03994,6.0,tetra-(n-butyl)ammonium iodide,,,,,,,,,,,,,,"Tang, Lei; Zhang, Shengbo; Wu, Qilong; Wang, Xinru; Wu, Hong; Jiang, Zhongyi; Journal of Materials Chemis‐ try A; vol. 6; nb. 7; (2018); p. 2964 - 2973",2018,valid,unknown,
3396,Cyclohexene oxide,"hexahydrobenzo[d][1,3]dioxol-2-one",37.2,70.0,0.1,12.0,tetrabutylammonium bromide,,,,,,,,,,,,,,"Jing, Tan; Chen, Lian; Jiang, Feilong; Yang, Yan; Zhou, Kang; Yu, Muxin; Cao, Zhen; Li, Shengchang; Hong, Maochun; Crystal Growth and Design; vol. 18; nb. 5; (2018); p. 2956 - 2963",2018,valid,ionic_liquid,
3399,Cyclohexene oxide,"hexahydrobenzo[d][1,3]dioxol-2-one",9.0,120.0,4.00006,24.0,potassium iodide,,,,,,,,,,,,,,"Peng, Jing; Wang, Sheng; Yang, Hai-Jian; Ban, Binru; Wei, Zidong; Wang, Lihua; Bo, Lei; Catalysis Today; vol. 330; (2019); p. 76 - 84",2019,valid,metal_halide,
3402,Cyclohexene oxide,"hexahydrobenzo[d][1,3]dioxol-2-one",67.0,,2.00003,4.0,tetrabutylammonium bromide,,pyridine,,,,,,,,无溶剂,,,,"Guo, Feng; Inorganic Chemistry Communications; vol. 101; (2019); p. 87 - 92",2019,valid,mixed_system,无溶剂
3404,Cyclohexene oxide,"hexahydrobenzo[d][1,3]dioxol-2-one",19.0,25.0,0.10133,36.0,tetrabutylammonium bromide,,,,,,,,,,,,,,"Catalytic behavior Wei, Lian-Qiang; Ye, Bao-Hui; Inorganic Chemistry; vol. 58; nb. 7; (2019); p. 4385 - 4393",2019,valid,ionic_liquid,
3405,Cyclohexene oxide,"hexahydrobenzo[d][1,3]dioxol-2-one",16.0,50.0,0.1,12.0,tetrabutylammonium bromide,,,,,,,,,,无溶剂,,,,"Qiao, Wanzhen; Song, Tianqun; Zhao, Bin; Chinese Journal of Chemistry; vol. 37; nb. 5; (2019); p. 474 - 478",2019,valid,ionic_liquid,无溶剂
3406,Cyclohexene oxide,"hexahydrobenzo[d][1,3]dioxol-2-one",17.3,80.0,1.00001,12.0,tetrabutylammonium bromide,,,,,,,,,,,,,,"Cheng, Weiwei; Xue, Yun-shan; Luo, Xi-Ming; Xu, Yan; Chemical Communications; vol. 54; nb. 91; (2018); p. 12808 - 12811",2018,valid,ionic_liquid,
3407,Cyclohexene oxide,"hexahydrobenzo[d][1,3]dioxol-2-one",9.0,45.0,1.00001,18.0,tetra-(n-butyl)ammonium iodide,,,,,,,,,,water,,,,"Green chemistry, Reagent/catalyst Alassmy, Yasser A.; Pescarmona, Paolo P.; ChemSusChem; vol. 12; nb. 16; (2019); p. 3856 - 3863",2019,valid,unknown,water
3408,Cyclohexene oxide,"hexahydrobenzo[d][1,3]dioxol-2-one",92.0,120.0,1.70003,12.0,tetrabutylammonium bromide,,,,,,,,,,,,,,"Ge, Yuansheng; Cheng, Guoe; Xu, Nanfeng; Wang, Weizhou; Ke, Hanzhong; Catalysis science and technology; vol. 9; nb. 16; (2019); p. 4255 - 4261",2019,valid,ionic_liquid,
3409,Cyclohexene oxide,"hexahydrobenzo[d][1,3]dioxol-2-one",93.0,20.0,0.10133,5.0,tetrabutylammonium bromide,,,,,,,,,,water,,,,"Catalytic behavior Biswas, Surajit; Roy, Dipanwita; Ghosh, Swarbhanu; Islam, Sk Manirul; Journal of Organometallic Chemistry; vol. 898; (2019); Art.No: 120877",2019,valid,ionic_liquid,water
3410,Cyclohexene oxide,"hexahydrobenzo[d][1,3]dioxol-2-one",90.0,80.0,2.00003,3.0,tetra-(n-butyl)ammonium iodide,,copper cobaltite,,,,,,,,无溶剂,,,,"Prasad, Divya; Patil, Komal N.; Bhanushali, Jayesh T.; Nagaraja, Bhari Mallana; Jadhav, Arvind H.; Catalysis science and technology; vol. 9; nb. 16; (2019); p. 4393 - 4412",2019,valid,metal_halide,无溶剂
3411,Cyclohexene oxide,"hexahydrobenzo[d][1,3]dioxol-2-one",34.0,90.0,0.50001,8.0,tetrabutylammonium bromide,,,,,,,,,,无溶剂,,,,"Molecular sieve Li, Yixing; Zhang, Xiao; Lan, Jianwen; Xu, Ping; Sun, Jianmin; Inorganic Chemistry; vol. 58; nb. 20; (2019); p. 13917 - 13926",2019,valid,ionic_liquid,无溶剂
3412,Cyclohexene oxide,"hexahydrobenzo[d][1,3]dioxol-2-one",37.0,,2.00003,24.0,imidazolium,,,,,,,,,,water,ethyl acetate,,,"Heating Guan, Ruqun; Zhang, Xiaoming; Chang, Fangfang; Xue, Nan; Yang, Hengquan; Cuihua Xuebao/Chinese Jour‐ nal of Catalysis; vol. 40; nb. 12; (2019); p. 1874 - 1883",2019,valid,ionic_liquid,water; ethyl acetate
3413,Cyclohexene oxide,"hexahydrobenzo[d][1,3]dioxol-2-one",18.0,100.0,0.60001,5.0,"2,5-dihydroxyterephthalohydrazide",,cobalt(II) nitrate,,,,,,,,,,,,"Wu, Fengtian; Lin, Yu; Applied Organometallic Chemistry; vol. 34; nb. 3; (2020); Art.No: E5427",2020,valid,metal_halide,
3414,Cyclohexene oxide,"hexahydrobenzo[d][1,3]dioxol-2-one",89.6,70.0,0.50001,16.0,tetrabutylammonium bromide,,,,,,,,,,,,,,"Cao, Jia-Peng; Xue, Yun-Shan; Li, Ning-Fang; Gong, Jun-Jie; Kang, Run-Kun; Xu, Yan; Journal of the Ameri‐ can Chemical Society; vol. 141; nb. 49; (2019); p. 19487 - 19497",2019,valid,ionic_liquid,
3415,Cyclohexene oxide,"hexahydrobenzo[d][1,3]dioxol-2-one",24.3,80.0,2.00003,3.0,tetrabutylammonium bromide,,,,,,,,,,,,,,"Guo, Feng; Su, Changhua; Fan, Yuhang; Shi, Wenbing; Australian Journal of Chemistry; vol. 73; nb. 11; (2020); p. 1060 - 1064",2020,valid,ionic_liquid,
3416,Cyclohexene oxide,"hexahydrobenzo[d][1,3]dioxol-2-one",28.0,20.0,0.1,8.0,tetrabutylammonium bromide,,,,,,,,,,无溶剂,,,,"Reagent/catalyst, Time Liu, Jiao;Wu, Dan;Yang, Guo-Ping;Wu, Yunlong;Zhang, Shuyu;Jin, Jing;Wang, Yao-Yu; Chemistry - A Europe‐ an Journal; vol. 26; nb. 24; (2020); p. 5400 - 5406",2020,valid,ionic_liquid,无溶剂
3417,Cyclohexene oxide,"hexahydrobenzo[d][1,3]dioxol-2-one",16.0,,0.1,12.0,tetrabutylammonium bromide,,,,,,,,,,,,,,"Tong, Shuping;Chen, Hui;Cheng, Gang;Zhang, Yaping;Liu, Jingjun;Liu, Jinsheng;Wen, Jiawei; Journal of Co‐ ordination Chemistry; vol. 73; nb. 7; (2020); p. 1086 - 1096",2020,valid,ionic_liquid,
3418,Cyclohexene oxide,"hexahydrobenzo[d][1,3]dioxol-2-one",97.0,100.0,3.00005,6.0,tetrabutylammonium bromide,,,,,,,,,,,,,,"Wu, Yunyan;Zuo, Shouwei;Zhao, Yanfei;Wang, Huan;Li, Dongyang;Guo, Shien;Zhao, Zhijuan;Zhang, Jing;Han, Buxing;Liu, Zhimin; Green Chemistry; vol. 22; nb. 9; (2020); p. 2846 - 2851",2020,valid,ionic_liquid,
3419,Cyclohexene oxide,"hexahydrobenzo[d][1,3]dioxol-2-one",53.7,80.0,0.50001,5.0,tetrabutylammonium bromide,,,,,,,,,,,,,,"Guo, Feng;Su, Changhua;Fan, Yuhang;Shi, Wenbing;Zhang, Xiuling; Crystal Growth and Design; vol. 20; nb. 6; (2020); p. 4135 - 4143",2020,valid,ionic_liquid,
3420,Cyclohexene oxide,"hexahydrobenzo[d][1,3]dioxol-2-one",72.0,80.0,0.50001,3.0,tetrabutylammonium bromide,,,,,,,,,,water,,,,PatentUNIV NORTHWESTERN; NORTHWESTERN UNIVERSITY ILLINOISNorthwestern University (Illinois); CN111393402; (2020); (A) ChineseNORTHWESTERN UNIVERSITY (ILLINOIS),2020,valid,ionic_liquid,water
3421,Cyclohexene oxide,"hexahydrobenzo[d][1,3]dioxol-2-one",31.0,120.0,0.10133,10.0,imidazolium bromide,,,,,,,,,,无溶剂,,,,"Pressure Gao, Jinwei; Sa, Rongjian; Wang, Ruihu; Wu, Zhicheng; Yang, Shuailong; Zhong, Hong; ChemSusChem; -2020",,valid,ionic_liquid,无溶剂
3422,Cyclohexene oxide,"hexahydrobenzo[d][1,3]dioxol-2-one",89.0,20.0,0.10133,24.0,tetrabutylammonium bromide,,,,,,,,,,无溶剂,,,,"Paul, Priyanka; Salam, Noor; Khan, Aslam; Das, Debasis; Alam, Seikh Mafiz; Islam, Sk. Manirul; New Journal of Chemistry; vol. 44; nb. 32; (2020); p. 13852 - 13862",2020,valid,ionic_liquid,无溶剂
3423,Cyclohexene oxide,"hexahydrobenzo[d][1,3]dioxol-2-one",36.0,120.0,0.80001,2.0,tetrabutylammonium bromide,,,,,,,,,,,,,,"Catalytic behavior, Temperature Yang, Huan;Gao, Guoshu;Chen, Wanmin;Wang, Li;Liu, Weisheng; Dalton Transactions; vol. 49; nb. 29; (2020); p. 10270 - 10277",2020,valid,ionic_liquid,
3424,Cyclohexene oxide,"hexahydrobenzo[d][1,3]dioxol-2-one",69.2,80.0,1.00001,6.0,tetrabutylammonium bromide,,,,,,,,,,DMF,,,,"Cat‐ alytic behavior Guo, Feng;Su, Changhua;Fan, Yuhang;Shi, Wenbing;Zhang, Xiuling;Xu, Jiakun; Dalton Transactions; vol. 49; nb. 32; (2020); p. 11209 - 11216",2020,valid,ionic_liquid,DMF
3426,Cyclohexene oxide,"hexahydrobenzo[d][1,3]dioxol-2-one",90.0,80.0,0.10133,24.0,tetrabutylammonium bromide,,,,,,,,,,,,,,"Yuan, Yang;Li, Jiantang;Sun, Xiaodong;Li, Guanghua;Liu, Yunling;Verma, Gaurav;Ma, Shengqian; Chemistry of Materials; vol. 31; nb. 3; (2019); p. 1084 - 1091",2019,valid,ionic_liquid,
3428,Cyclohexene oxide,"hexahydrobenzo[d][1,3]dioxol-2-one",5.0,90.0,0.1,12.0,tetrabutylammonium bromide,6.0,,,,,,,,,无溶剂,,,,"Lv, Jun-Jie;Cao, Feng-Lin;Wang, Mei-Ling;Zong, Xi-Mei;Kang, Xiao-Min;Wu, Zhi-Lei; Polyhedron; vol. 195; (2021); Art.No: 114982",2021,valid,ionic_liquid,无溶剂
3429,Cyclohexene oxide,"hexahydrobenzo[d][1,3]dioxol-2-one",48.0,120.0,1.50002,12.0,imidazolium bromide,,imidazolium,,,,,,,,,,,,"High pressure, Green chemistry, Time Gou, Haibin; Ma, Xifei; Su, Qian; Liu, Lei; Ying, Ting; Qian, Wei; Dong, Li; Cheng, Weiguo; Physical Chemistry Chemical Physics; vol. 23; nb. 3; (2021); p. 2005 - 2014",2021,valid,ionic_liquid,
3430,Cyclohexene oxide,"hexahydrobenzo[d][1,3]dioxol-2-one",51.3,85.0,0.50001,5.0,tetrabutylammonium bromide,,,,,,,,,,,,,,"Yuan, Rongrong; Chen, Hongxu; Zhu, Qian-Qian; He, Hongming; Journal of Solid State Chemistry; vol. 297; (2021); Art.No: 122036",2021,valid,ionic_liquid,
3431,Cyclohexene oxide,"hexahydrobenzo[d][1,3]dioxol-2-one",18.0,75.0,0.10133,8.0,tetrabutylammonium bromide,,,,,,,,,,无溶剂,,,,"Knoevenagel Condensation, Catalytic behavior Chen, Hongtai; Hu, Tuoping; Fan, Liming; Zhang, Xiutang; Inorganic Chemistry; vol. 60; nb. 2; (2021); p. 1028 - 1036",2021,valid,ionic_liquid,无溶剂
3432,Cyclohexene oxide,"hexahydrobenzo[d][1,3]dioxol-2-one",9.0,80.0,1.00001,8.0,tetrabutylammonium bromide,,,,,,,,,,无溶剂,,,,"Patel, Unnati; Patel, Parth; Parmar, Bhavesh; Dadhania, Abhishek; Suresh, Eringathodi; Crystal Growth and Design; vol. 21; nb. 3; (2021); p. 1833 - 1842",2021,valid,ionic_liquid,无溶剂
3433,Cyclohexene oxide,"hexahydrobenzo[d][1,3]dioxol-2-one",67.0,80.0,2.06848,8.0,tetrabutylammonium bromide,,,,,,,,,,无溶剂,,,,"Inert atmosphere, Schlenk technique, Glovebox Kiriratnikom, Jiraya; Laiwattanapaisarn, Nattiya; Vongnam, Kunnigar; Thavornsin, Nopparat; Sae-Ung, Pornpen; Kaeothip, Sophon; Euapermkiati, Anucha; Namuangruk, Supawadee; Phomphrai, Khamphee; Inor‐ ganic Chemistry; vol. 60; nb. 9; (2021); p. 6147 - 6151",2021,valid,ionic_liquid,无溶剂
3434,Cyclohexene oxide,"hexahydrobenzo[d][1,3]dioxol-2-one",65.0,80.0,0.10133,4.0,tetrabutylammonium bromide,,,,,,,,,,,,,,"Wang, Yao; Yang, Guo-Ping; Zhang, Peng-Feng; Ma, Lu-Lu; Wang, Jiao-Min; Li, Gao-Peng; Wang, Yao-Yu; Crystal Growth and Design; vol. 21; nb. 5; (2021); p. 2734 - 2743",2021,valid,ionic_liquid,
3435,Cyclohexene oxide,"hexahydrobenzo[d][1,3]dioxol-2-one",4.5,70.0,0.10133,3.0,tetrabutylammonium bromide,,,,,,,,,,,,,,"Yu, Wei-Dong; Zhang, Yin; Han, Yu-Yang; Li, Bin; Shao, Sai; Zhang, Le-Ping; Xie, Hong-Ke; Yan, Jun; Inorgan‐ ic Chemistry; vol. 60; nb. 6; (2021); p. 3980 - 3987",2021,valid,ionic_liquid,
3436,Cyclohexene oxide,"hexahydrobenzo[d][1,3]dioxol-2-one",30.0,100.0,1.00001,4.0,tetra-(n-butyl)ammonium iodide,,,,,,,,,,无溶剂,,,,"Inert atmosphere, Schlenk technique, Autoclave Rago, Aurélie;Framery, Eric;Andrioletti, Bruno; Journal of Porphyrins and Phthalocyanines; vol. 26; nb. 6-7; (2022); p. 443 - 451",2022,valid,unknown,无溶剂
3437,Cyclohexene oxide,"hexahydrobenzo[d][1,3]dioxol-2-one",46.7,80.0,0.40001,3.0,tetrabutylammonium bromide,,,,,,,,,,,,,,"Wang, Zheng; Wang, Yajun; Xie, Qianjie; Fan, Zhiying; Shen, Yehua; New Journal of Chemistry; vol. 45; nb. 21; (2021); p. 9403 - 9408",2021,valid,ionic_liquid,
3438,Cyclohexene oxide,"hexahydrobenzo[d][1,3]dioxol-2-one",72.7,80.0,0.80001,24.0,tetrabutylammonium bromide,,iron(II) chloride,,,,,,,,THF,,,,"Ionic liq‐ uid, Autoclave, Catalytic behavior Ribeiro, Ana P. C.;Goodrich, Peter;Martins, Luísa M. D. R. S.; Molecules; vol. 26; nb. 4; (2021); Art.No: 1089",2021,valid,mixed_system,THF
3439,Cyclohexene oxide,"hexahydrobenzo[d][1,3]dioxol-2-one",83.0,100.0,0.1,24.0,"1,1,3,3-tetramethylguanidine",,,,,,,,,,,,,,"Pres‐ sure Hui, Wei; Wang, Xiang; Li, Xiao-Ning; Wang, Hai-Jun; He, Xue-Mei; Xu, Xin-Yi; New Journal of Chemistry; vol. 45; nb. 24; (2021); p. 10741 - 10748",2021,valid,ionic_liquid,
3440,Cyclohexene oxide,"hexahydrobenzo[d][1,3]dioxol-2-one",59.0,100.0,0.10133,8.0,triethylamine,,,,,,,,,,acetonitrile,,,,"Muthuramalingam, Sethuraman;Velusamy, Marappan;Mayilmurugan, Ramasamy; Dalton Transactions; vol. 50; nb. 23; (2021); p. 7984 - 7994",2021,valid,organic_base,acetonitrile
3441,Cyclohexene oxide,"hexahydrobenzo[d][1,3]dioxol-2-one",86.0,70.0,0.10133,48.0,tetrabutylammonium bromide,,,,,,,,,,无溶剂,,,,"Reagent/catalyst Lin, Haonan; Deng, Cheng-Hua; Qiu, Xiaohang; Liu, Xiao; Ma, Jian-Gong; Cheng, Peng; Crystal Growth and Design; vol. 21; nb. 7; (2021); p. 3728 - 3735",2021,valid,ionic_liquid,无溶剂
3442,Cyclohexene oxide,"hexahydrobenzo[d][1,3]dioxol-2-one",38.1,100.0,1.00001,5.0,imidazolium,,,,,,,,,,hexane,,,,"Sealed tube Jiang, Yichen; Wang, Zhijiang; Xu, Ping; Sun, Jianmin; Crystal Growth and Design; vol. 21; nb. 7; (2021); p. 3689 - 3698",2021,valid,ionic_liquid,hexane
3443,Cyclohexene oxide,"hexahydrobenzo[d][1,3]dioxol-2-one",32.0,60.0,0.1,24.0,2-morpholinoethanol hydriodide,,,,,,,,,,无溶剂,,,,"Schlenk techni‐ que Li, Cheng;Liu, Fei;Zhao, Tianxiang;Gu, Jiarui;Chen, Peng;Chen, TengS2468823121003734; Molecular catalysis; vol. 511; (2021); Art.No: 111756",2021,valid,unknown,无溶剂
3444,Cyclohexene oxide,"hexahydrobenzo[d][1,3]dioxol-2-one",50.0,15.0,0.80001,18.0,tetrabutylammonium bromide,,,,,,,,,,,,,,"álvarez-Miguel, Lucía; Burgoa, Jesús Damián; Mosquera, Marta E. G.; Hamilton, Alex; Whiteoak, Christopher J.; ChemCatChem; vol. 13; nb. 19; (2021); p. 4099 - 4110",2021,valid,ionic_liquid,
3446,Cyclohexene oxide,"hexahydrobenzo[d][1,3]dioxol-2-one",15.2,80.0,0.10133,24.0,tetrabutylammonium bromide,,,,,,,,,,无溶剂,,,,"Catalytic behavior Tang, Jia;Wei, Fen;Ding, Shujiang;Wang, Xiaoxia;Xie, Guanqun;Fan, Hongbo; Chemistry - A European Journal; vol. 27; nb. 50; (2021); p. 12890 - 12899",2021,valid,ionic_liquid,无溶剂
3449,Cyclohexene oxide,"hexahydrobenzo[d][1,3]dioxol-2-one",30.0,20.0,0.10133,24.0,tetrabutylammonium bromide,,,,,,,,,,,,,,"Ding, Qing-Rong;Yu, Yinghua;Cao, Changsheng;Zhang, Jian;Zhang, Lei; Chemical Science; vol. 13; nb. 12; (2022); p. 3395 - 3401",2022,valid,ionic_liquid,
3451,Cyclohexene oxide,"hexahydrobenzo[d][1,3]dioxol-2-one",89.0,120.0,1.00001,5.0,tetrabutylammonium bromide,,,,,,,,,,water,,,,"Li, Lei-Lei; Fang, Yi-Fan; Liu, Shuang; Chen, Shuang-Shuang; Wang, Wen-Zhen; Inorganica Chimica Acta; vol. 538; (2022); Art.No: 120979",2022,valid,ionic_liquid,water
3452,Cyclohexene oxide,"hexahydrobenzo[d][1,3]dioxol-2-one",72.0,80.0,0.10133,24.0,tetrabutylammonium bromide,,,,,,,,,,无溶剂,,,,"Li, He-Juan;Zhang, Xiang-Yu;Huang, Kun;Qin, Da-BinS0277538722002029; Polyhedron; vol. 220; (2022); Art.No: 115850",2022,valid,ionic_liquid,无溶剂
3453,Cyclohexene oxide,"hexahydrobenzo[d][1,3]dioxol-2-one",32.0,50.0,2.00003,20.0,tetramethylammonium bromide,,,,,,,,,,,,,,"Reagent/catalyst Gharib, Maniya;Esrafili, Leili;Morsali, Ali;Vande Velde, Christophe M.L.;Guo, Zhifang;Junk, Peter C.; Inorganic Chemistry; vol. 61; nb. 18; (2022); p. 6725 - 6732",2022,valid,ionic_liquid,
3454,Cyclohexene oxide,"hexahydrobenzo[d][1,3]dioxol-2-one",76.0,45.0,,24.0,tetrabutylammonium bromide,,,,,,,,,,无溶剂,,,,"With tetrabutylammomium bromide, C24H20N4O2*C14H8O5(2-)*Zn(2+)*4H2O in neat (no solvent), Time= 24h, T= 45 °C , Sealed tube, Catalytic behavior, Reagent/catalyst Rani, Pooja;Husain, Ahmad;Bhasin;Kumar, Girijesh; Inorganic Chemistry; vol. 61; nb. 18; (2022); p. 6977 - 6994",2022,valid,ionic_liquid,无溶剂
3455,Cyclohexene oxide,"hexahydrobenzo[d][1,3]dioxol-2-one",41.0,80.0,0.1,36.0,tetrabutylammonium bromide,,,,,,,,,,ethyl acetate,hexane,,,"Ge, Yuansheng;Liu, Wei;Zou, Yizhen;Cheng, Guoe;Ke, Hanzhong; Tetrahedron; vol. 119; (2022); Art.No: 132857",2022,valid,ionic_liquid,ethyl acetate; hexane
3456,Cyclohexene oxide,"hexahydrobenzo[d][1,3]dioxol-2-one",5.0,150.0,0.60001,2.0,tetrabutylammonium chloride,,,,,,,,,,无溶剂,,,,"Catalytic behavior Sonzini, Paolo;Berthet, Nicolas;Damiano, Caterina;Dufaud, Véronique;Gallo, Emma; Journal of Catalysis; vol. 414; (2022); p. 143 - 154",2022,valid,ionic_liquid,无溶剂
3457,Cyclohexene oxide,"hexahydrobenzo[d][1,3]dioxol-2-one",25.0,50.0,0.1,,tetrabutylammonium bromide,,,,,,,,,,无溶剂,,,,"Sealed tube Qiao, Na;Xin, Xiao-Yan;Guan, Xiao-Fen;Zhang, Chen-Xi;Wang, Wen-Min; Inorganic Chemistry; vol. 61; nb. 38; (2022); p. 15098 - 15107",2022,valid,ionic_liquid,无溶剂
3458,Cyclohexene oxide,"hexahydrobenzo[d][1,3]dioxol-2-one",73.0,60.0,0.10133,,tetrabutylammonium bromide,,,,,,,,,,,,,,"Reagent/catalyst Qiao, Junyi;Zhang, Borong;Zhang, Lirong;Liu, Yunling; Journal of Materials Chemistry A; vol. 10; nb. 34; (2022); p. 17773 - 17781",2022,valid,ionic_liquid,
3459,Cyclohexene oxide,"hexahydrobenzo[d][1,3]dioxol-2-one",12.0,100.0,0.10133,,tetrabutylammonium bromide,,,,,,,,,,,,,,"Reagent/catalyst Parmar, Bhavesh;Patel, Parth;Bhadu, Gopala Ram;Suresh, Eringathodi; European Journal of Inorganic Chemis‐ try; vol. 2022; nb. 31; (2022); Art.No: e202200410",2022,valid,ionic_liquid,
3462,Cyclohexene oxide,"hexahydrobenzo[d][1,3]dioxol-2-one",80.0,60.0,0.50001,,tetrabutylammonium bromide,,,,,,,,,,,,,,"Wang, Ji-Lei;Cao, Jia-Peng;Zhu, Yin-Hua;Wang, Qin;Li, Ning-Fang;Fan, Xin-Rong;Mei, Hua;Xu, Yan; Science China Chemistry; vol. 66; nb. 1; (2023); p. 107 - 116",2023,valid,ionic_liquid,
3463,Cyclohexene oxide,"hexahydrobenzo[d][1,3]dioxol-2-one",10.0,100.0,1.00001,,potassium iodide,,18-crown-6 ether,,,,,,,,无溶剂,,,,"Liu, Xiangying;Chen, Min;Xu, Wei;Luo, Rongchang; Journal of Polymer Science; vol. 62; nb. 8; (2024); p. 1578 - 1587",2024,valid,metal_halide,无溶剂
3464,Cyclohexene oxide,"hexahydrobenzo[d][1,3]dioxol-2-one",45.0,60.0,,,tetrabutylammonium bromide,,,,,,,,,,无溶剂,,,,"With tetrabutylammomium bromide, [Tb2(N′-(2-hydroxy-3-methoxy-5-bromobenzylidene)acetohydra‐ zide)2(CF3CO2)2(H2O)4]*2NO3 in neat (no solvent), T= 60 °C , Catalytic behavior, Reagent/catalyst Dolai, Malay;Biswas, Surajit;Moreno-Pineda, Eufemio;Wernsdorfer, Wolfgang;Ali, Mahammad;Alshgari, Ra‐ zan A.;Wabaidur, Saikh Md.;Ghosh, Ashutosh; Crystal Growth and Design; vol. 23; nb. 2; (2023); p. 801 - 810",2023,valid,ionic_liquid,无溶剂
3466,Cyclohexene oxide,"hexahydrobenzo[d][1,3]dioxol-2-one",85.0,25.0,0.101325,,tetrabutylammonium bromide,,,,,,,,,,,,,,"2.13 General procedure for the coupling of epoxides with CO2 General procedure: In a Schlenk tube epoxide (20mmol) and TBAB (1mmol) were taken. Activated MOF catalysts (10wt%) was the added to the reaction mixture. The whole mixture was stirred at room temperature with CO2 (99.99%) purging from a balloon for 10h. Upon completion, the catalyst was removed from the reaction mixture by filtration and washing with 5mL of CH2Cl2. The recovered catalyst was then used in the next run during recyclability test. The product cyclic carbonates were isolated by silica gel column chromatography and characterized by 1H NMR spectroscopy. With tetrabutylammomium bromide, 3C H NO  (4-)*6Cu(2+)17 9 8 *6H2O, T= 25 °C , Schlenk technique, Reagent/catalyst De, Dinesh;Sharma, Vivekanand;Sahu, Bharat C.;Sahu, Rajesh K.;Maharana, Tungabidya; Polyhedron; vol. 230; (2023); Art.No: 116240",2023,valid,ionic_liquid,
3468,Cyclohexene oxide,"hexahydrobenzo[d][1,3]dioxol-2-one",32.0,60.0,0.1,,tetrabutylammonium bromide,,,,,,,,,,无溶剂,,,,"Schlenk technique, Temperature, Time, Reagent/catalyst Wang, Wen-Min;Xin, Xiao-Yan;Qiao, Na;Wu, Zhi-Lei;Li, Ling;Zou, Ji-Yong; Dalton Transactions; vol. 51; nb. 36; (2022); p. 13957 - 13969",2022,valid,ionic_liquid,无溶剂
3470,Cyclohexene oxide,"hexahydrobenzo[d][1,3]dioxol-2-one",85.0,25.0,0.10133,,tetrabutylammonium bromide,,,,,,,,,,,,,,"Reagent/catalyst De, Dinesh;Sharma, Vivekanand;Sahu, Bharat C.;Sahu, Rajesh K.;Maharana, Tungabidya; Polyhedron; vol. 230; (2023); Art.No: 116240",2023,valid,ionic_liquid,
3471,Cyclohexene oxide,"hexahydrobenzo[d][1,3]dioxol-2-one",82.0,140.0,3.00005,,zinc dibromide,,,,,,,,,,,,,,PatentHUIZHOU GREEN ENERGY AND NEW MATERIAL RES INSTITUTE;INST PROCESS ENG CAS; INSTI‐ TUTE OF PROCESS ENGINEERING CAS; CN115724820; (2023); (A) ChineseHUIZHOU GREEN ENERGY AND NEW MATERIAL RESEARCH INSTITUTE; CHINESE ACADEMY OF SCIENCES; Institute of Process Engineering (in: CAS),2023,valid,metal_halide,
3472,Cyclohexene oxide,"hexahydrobenzo[d][1,3]dioxol-2-one",32.0,60.0,0.1,,tetrabutylammonium bromide,,,,,,,,,,无溶剂,,,,"Schlenk technique Wang, Wen-Min;Xin, Xiao-Yan;Qiao, Na;Wu, Zhi-Lei;Li, Ling;Zou, Ji-Yong; Dalton Transactions; vol. 51; nb. 36; (2022); p. 13957 - 13969",2022,valid,ionic_liquid,无溶剂
3473,Cyclohexene oxide,"hexahydrobenzo[d][1,3]dioxol-2-one",34.0,140.0,3.00005,,tetrabutylammonium bromide,,,,,,,,,,chlorobenzene,,,,"Hu, Haiyan;Li, Yudong;Li, Yang;Ding, Yong;Sun, Yuxia;Li, Yuehui; Journal of Catalysis; vol. 421; (2023); p. 45 - 54",2023,valid,ionic_liquid,chlorobenzene
3475,Cyclohexene oxide,"hexahydrobenzo[d][1,3]dioxol-2-one",70.0,120.0,0.1,,tetrabutylammonium bromide,,,,,,,,,,water,ethyl acetate,,,"Chai, Mengliang;Wu, Fengtian;Wu, Ling; Letters in Organic Chemistry; vol. 20; nb. 4; (2023); p. 370 - 375",2023,valid,ionic_liquid,water; ethyl acetate
3477,Cyclohexene oxide,"hexahydrobenzo[d][1,3]dioxol-2-one",70.0,120.0,0.1,,tetrabutylammonium bromide,,,,,,,,,,water,ethyl acetate,,,"Chai, Mengliang;Wu, Fengtian;Wu, Ling; Letters in Organic Chemistry; vol. 20; nb. 4; (2023); p. 370 - 375",2023,valid,ionic_liquid,water; ethyl acetate
3478,Cyclohexene oxide,"hexahydrobenzo[d][1,3]dioxol-2-one",80.0,60.0,0.50001,,tetrabutylammonium bromide,,,,,,,,,,,,,,"Wang, Ji-Lei;Cao, Jia-Peng;Zhu, Yin-Hua;Wang, Qin;Li, Ning-Fang;Fan, Xin-Rong;Mei, Hua;Xu, Yan; Science China Chemistry; vol. 66; nb. 1; (2023); p. 107 - 116",2023,valid,ionic_liquid,
3480,Cyclohexene oxide,"hexahydrobenzo[d][1,3]dioxol-2-one",23.5,90.0,0.1,,tetrabutylammonium bromide,3.3,,,,,,,,,,,,,"Kang, Xiaomin;Ding, Wenyu;Gegen, Zhagong;Zhang, Xudong;Zhu, Yumeng;Yang, Guoli;Jiao, Zhuohao; Jour‐ nal of Molecular Structure; vol. 1287; (2023); Art.No: 135629",2023,valid,ionic_liquid,
3481,Cyclohexene oxide,"hexahydrobenzo[d][1,3]dioxol-2-one",34.0,60.0,0.10133,,tetrabutylammonium bromide,,,,,,,,,,无溶剂,,,,"Di, Yanqing;Chen, Yiheng;Cao, Yang;Cui, Xiaowei;Liu, Yongliang;Zhou, Chunsheng;Di, Youying; Catalysis Letters; vol. 154; nb. 3; (2024); p. 974 - 981",2024,valid,ionic_liquid,无溶剂
3482,Cyclohexene oxide,"hexahydrobenzo[d][1,3]dioxol-2-one",33.0,80.0,0.10133,,tetrabutylammonium bromide,,,,,,,,,,acetonitrile,,,,"Reagent/catalyst Yan, Xiaomei;Xu, Jiangbo;Zhang, Ting;Si, Chen;Jiao, Jiachen;Li, Jie;Han, Qiuxia; Chinese Chemical Letters; vol. 34; nb. 7; (2023); Art.No: 107851",2023,valid,ionic_liquid,acetonitrile
3485,Cyclohexene oxide,"hexahydrobenzo[d][1,3]dioxol-2-one",25.0,100.0,2.00003,,imidazolium,,pyridine,,,,,,,,,,,,"Wang, Peiru;Lv, Quan;Tao, Yujie;Cheng, Linyan;Li, RuoPing;Jiao, Yiwei;Fang, Cheng;Li, Hongping;Geng, Chuhuan;Sun, Chuanyu;Ding, Jing;Wan, Hui;Guan, Guofeng; Molecular catalysis; vol. 544; (2023); Art.No: 113157",2023,valid,mixed_system,
3487,Cyclohexene oxide,"hexahydrobenzo[d][1,3]dioxol-2-one",33.0,80.0,0.10133,,tetrabutylammonium bromide,,,,,,,,,,acetonitrile,,,,"Reagent/catalyst Yan, Xiaomei;Xu, Jiangbo;Zhang, Ting;Si, Chen;Jiao, Jiachen;Li, Jie;Han, Qiuxia; Chinese Chemical Letters; vol. 34; nb. 7; (2023); Art.No: 107851",2023,valid,ionic_liquid,acetonitrile
3488,Cyclohexene oxide,"hexahydrobenzo[d][1,3]dioxol-2-one",86.3,80.0,1.00001,,tetrabutylammonium bromide,,,,,,,,,,,,,,"Guo, Qiqi;Zhang, Shuguang;Gong, Weitao; Journal of Polymer Science; vol. 62; nb. 8; (2024); p. 1664 - 1672",2024,valid,ionic_liquid,
3490,Cyclohexene oxide,"hexahydrobenzo[d][1,3]dioxol-2-one",60.0,90.0,0.80001,,tetra-(n-butyl)ammonium iodide,,,,,,,,,,无溶剂,,,,"High pressure, Catalytic behavior, Temperature Cabrera, Diego Jaraba;Lewis, Ryan D.;Díez-Poza, Carlos;álvarez-Miguel, Lucía;Mosquera, Marta E. G.;Hamil‐ ton, Alex;Whiteoak, Christopher J.; Dalton Transactions; vol. 52; nb. 18; (2023); p. 5882 - 5894",2023,valid,unknown,无溶剂
3491,Cyclohexene oxide,"hexahydrobenzo[d][1,3]dioxol-2-one",12.0,140.0,0.1,,imidazolium,,,,,,,,,,ethyl acetate,,,,"Catalytic behavior Liao, Xu;Wang, Zeyu;Kong, Lingzheng;Gao, Xilin;He, Jiao;Huang, Dongha;Lin, Jinqing; Molecular catalysis; vol. 535; (2023); Art.No: 112834",2023,valid,ionic_liquid,ethyl acetate
3492,Cyclohexene oxide,"hexahydrobenzo[d][1,3]dioxol-2-one",70.0,100.0,,,tetra-(n-butyl)ammonium iodide,,,,,,,,,,,,,,"With tetra-(n-butyl)ammonium iodide, 2-(quinolin-8-ylcarbamoyl)phenyl tellurenyl iodide, T= 100 °C , Catalytic be‐ havior Jain, Saket;Batabyal, Monojit;Thorat, Raviraj Ananda;Choudhary, Pratibha;Jha, Raushan Kumar;Kumar, Sangit; Chemistry - A European Journal; vol. 29; nb. 49; (2023); Art.No: e202301502",2023,valid,unknown,
3494,Cyclohexene oxide,"hexahydrobenzo[d][1,3]dioxol-2-one",41.0,25.0,0.10133,,tetrabutylammonium bromide,,,,,,,,,,dichloromethane,,,,"Catalytic behavior Wang, Jian-Ge;Liu, Yang;Liu, Chun-Mei;Chen, Jing-Huo;Yang, Guang; Dalton Transactions; vol. 52; nb. 27; (2023); p. 9275 - 9281",2023,valid,ionic_liquid,dichloromethane
3496,Cyclohexene oxide,"hexahydrobenzo[d][1,3]dioxol-2-one",34.0,80.0,0.1,,tetrabutylammonium bromide,,,,,,,,,,,,,,"Catalytic behavior, Reagent/catalyst Yu, Xueyue;Gu, Jiaming;Liu, Xinyao;Chang, Zhiyong;Liu, Yunling; Inorganic Chemistry; vol. 62; nb. 29; (2023); p. 11518 - 11527",2023,valid,ionic_liquid,
3497,Cyclohexene oxide,"hexahydrobenzo[d][1,3]dioxol-2-one",31.0,50.0,0.50001,,tetrabutylammonium bromide,,,,,,,,,,无溶剂,,,,"Catalytic behavior Seal, Nilanjan;Palakkal, Athulya S.;Pillai, Renjith S.;Neogi, Subhadip; Inorganic Chemistry; vol. 62; nb. 29; (2023); p. 11528 - 11540",2023,valid,ionic_liquid,无溶剂
3498,Cyclohexene oxide,"hexahydrobenzo[d][1,3]dioxol-2-one",34.0,80.0,0.1,,tetrabutylammonium bromide,,,,,,,,,,无溶剂,,,,"Catalytic behavior Qiao, Na;Xin, Xiao-Yan;Wang, Wen-Min;Wu, Zhi-Lei;Cui, Jian-Zhong; Dalton Transactions; vol. 52; nb. 31; (2023); p. 10725 - 10736",2023,valid,ionic_liquid,无溶剂
3499,Cyclohexene oxide,"hexahydrobenzo[d][1,3]dioxol-2-one",59.0,100.0,2.00003,,tetrabutylammonium iodide,,,,,,,,,,无溶剂,,,,"Sealed tube Prasad, Divya;Alla, Sarat Chandra;Bawiskar, Dipak B.;Gholap, Sandeep Suryabhan;Jadhav, Arvind H.; Catal‐ ysis Letters; vol. 154; nb. 4; (2024); p. 1581 - 1602",2024,valid,ionic_liquid,无溶剂
3501,Cyclohexene oxide,"hexahydrobenzo[d][1,3]dioxol-2-one",58.0,89.8,0.1,,potassium iodide,,,,,,,,,,,,,,"Li, Ningning;Liu, Xuanbo;Zhang, Yuhang;Liu, Sen;Wang, Xionglei;Chang, Tao;Zhu, Zheng;Qin, Shenjun;Hao, YongjingS246882312300562X; Molecular catalysis; vol. 549; (2023); Art.No: 113479",2023,valid,metal_halide,
3503,Cyclohexene oxide,"hexahydrobenzo[d][1,3]dioxol-2-one",65.0,60.0,0.1,,tetrabutylammonium bromide,,,,,,,,,,无溶剂,,,,"Sealed tube, Catalytic behavior Wang, Wen-Min;Cheng, Rui-Rui;Wu, Zhi-Lei;Cui, Jian-Zhong; Inorganic Chemistry; vol. 62; nb. 37; (2023); p. 14902 - 14911",2023,valid,ionic_liquid,无溶剂
3504,Cyclohexene oxide,"hexahydrobenzo[d][1,3]dioxol-2-one",75.0,80.0,0.50001,,tetrabutylammonium bromide,,,,,,,,,,无溶剂,,,,"Torabi, Hossein;Eshghi, Hossein;Ghodsinia, Sara S.E.;Sanati-Tirgan, Parvin; Molecular catalysis; vol. 550; (2023); Art.No: 113552",2023,valid,ionic_liquid,无溶剂
3505,Cyclohexene oxide,"hexahydrobenzo[d][1,3]dioxol-2-one",74.0,80.0,0.81065,,tetrabutylammonium bromide,,,,,,,,,,water,,,,"Reagent/ catalyst Meng, Jie;Zhang, Jing;Fan, Shu-Cong;Wang, Ying;Zhang, Peng;Yuan, Wenyu;Zhai, Quan-Guo; Crystal Growth and Design; vol. 23; nb. 7; (2023); p. 5043 - 5051",2023,valid,ionic_liquid,water
3506,Cyclohexene oxide,"hexahydrobenzo[d][1,3]dioxol-2-one",67.0,80.0,0.10133,,tetrabutylammonium bromide,,,,,,,,,,,,,,"An, Nan;Ma, Lu-Lu;Yang, Fan;Zhang, Wen-Yan;Yang, Guo-Ping;Wang, Yao-Yu; New Journal of Chemistry; vol. 47; nb. 45; (2023); p. 20807 - 20813",2023,valid,ionic_liquid,
3507,Cyclohexene oxide,"hexahydrobenzo[d][1,3]dioxol-2-one",67.0,110.0,1.50002,,L-arginine,,,,,,,,,,无溶剂,,,,"Inert atmosphere, Green chemistry Wang, Fan;Xie, Congxia;Song, Hongbing;Jin, Xin; Green Chemistry; vol. 25; nb. 20; (2023); p. 8134 - 8144",2023,valid,unknown,无溶剂
3508,Cyclohexene oxide,"hexahydrobenzo[d][1,3]dioxol-2-one",11.0,60.0,4.00006,,tetrabutylammonium bromide,,,,,,,,,,DMF,,,,"Bilyachenko, Alexey N.;Gutsul, Evgenii I.;Khrustalev, Victor N.;Chusova, Olga;Dorovatovskii, Pavel V.;Aliye‐ va, Vusala A.;Paninho, Ana B.;Nunes, Ana V. M.;Mahmudov, Kamran T.;Shubina, Elena S.;Pombeiro, Arman‐ do J. L.; Inorganic Chemistry; vol. 62; nb. 38; (2023); p. 15537 - 15549",2023,valid,ionic_liquid,DMF
3510,Cyclohexene oxide,"hexahydrobenzo[d][1,3]dioxol-2-one",21.3,60.0,0.50001,,tetrabutylammonium bromide,,,,,,,,,,,,,,"Catalytic be‐ havior, Reagent/catalyst Wu, Tianyu;Chen, Guangrui;Han, Ji;Sun, Ruigang;Zhao, Bin;Zhong, Guiyuan;Yamauchi, Yusuke;Guan, Buyuan; Journal of the American Chemical Society; vol. 145; nb. 30; (2023); p. 16498 - 16507",2023,valid,ionic_liquid,
3512,Cyclohexene oxide,"hexahydrobenzo[d][1,3]dioxol-2-one",46.0,80.0,0.1,,tetrabutylammonium bromide,,,,,,,,,,,,,,"Zhou, Peipei;Zhou, Xia;Song, Zitong;Shao, Danyi;Wang, Dongmei; Journal of Solid State Chemistry; vol. 331; (2024); Art.No: 124500",2024,valid,ionic_liquid,
3513,Cyclohexene oxide,"hexahydrobenzo[d][1,3]dioxol-2-one",44.0,120.0,1.00001,,tetrabutylammonium bromide,,,,,,,,,,,,,,"Bi, Yunshuai;Yao, Zibei;Zhu, Zhen;Liu, Weisheng; Dalton Transactions; vol. 52; nb. 47; (2023); p. 18082 - 18089",2023,valid,ionic_liquid,
3514,Cyclohexene oxide,"hexahydrobenzo[d][1,3]dioxol-2-one",51.3,80.0,1.00001,,tetrabutylammonium bromide,,,,,,,,,,无溶剂,,,,"Liu, Lu;Liu, Ziyi;Cui, Jingnan;Ning, Guiling;Gong, Weitao; Chinese Chemical Letters; vol. 35; nb. 1; (2024); Art.No: 108422",2024,valid,ionic_liquid,无溶剂
3515,Cyclohexene oxide,"hexahydrobenzo[d][1,3]dioxol-2-one",50.0,100.0,1.00001,,tetrabutylammonium bromide,,,,,,,,,,water,cyclohexane,,,"High pressure, Sealed tube, Catalytic behavior, Reagent/catalyst Cai, Miao;Chen, Xiao-Li;Yan, Rui-Kui;Li, Yi-Fei;Gao, Miao-Miao;Liu, Shuai;Liu, Jia-Chen; Journal of Molecular Structure; vol. 1299; (2024); Art.No: 137314",2024,valid,ionic_liquid,water; cyclohexane
3518,Cyclohexene oxide,"hexahydrobenzo[d][1,3]dioxol-2-one",87.0,120.0,0.80001,,tetrabutylammonium bromide,,,,,,,,,,,,,,"Chen, Shuang-Shuang;Li, Lei-Lei;Liu, Shuang;Liu, Shu-Yuan;Wang, Wen-Zhen;Xu, Xiao-Han; Journal of Mo‐ lecular Structure; vol. 1302; (2024); Art.No: 137504",2024,valid,ionic_liquid,
3519,Cyclohexene oxide,"hexahydrobenzo[d][1,3]dioxol-2-one",15.1,70.0,0.10133,,tetrabutylammonium bromide,,,,,,,,,,water,,,,"Elec‐ trochemical reaction, Catalytic behavior, Reagent/catalyst Wang, Lulu;Wang, Jinmiao;Wu, Ruixue;Shao, Feng;Zhang, Dongmei;Zhang, Xia;Fan, Chuanbin;Fan, Yuhua; Inorganic Chemistry; vol. 63; nb. 1; (2024); p. 294 - 303",2024,valid,ionic_liquid,water
3520,Cyclohexene oxide,"hexahydrobenzo[d][1,3]dioxol-2-one",87.0,80.0,0.80001,,tetrabutylammonium bromide,,,,,,,,,,,,,,"Auto‐ clave Fan, Shu-Cong;Zhang, Ya-Li;Ni, Jing-Jing;Li, Yong-Peng;Li, Shu-Ni;Zhai, Quan-Guo; Inorganic Chemistry; vol. 62; nb. 49; (2023); p. 20279 - 20287",2023,valid,ionic_liquid,
3521,Cyclohexene oxide,"hexahydrobenzo[d][1,3]dioxol-2-one",16.0,150.0,2.50004,,imidazolium bromide,,imidazolium,,,,,,,,,,,,"Temperature Comès, Adrien;Theissen, Jennifer;Dallemagne, Sandrine;Morena, Anthony;Aprile, Carmela; Inorganic Chem‐ istry; vol. 62; nb. 51; (2023); p. 21003 - 21013",2023,valid,ionic_liquid,
3522,Cyclohexene oxide,"hexahydrobenzo[d][1,3]dioxol-2-one",58.0,55.0,0.2,,tetrabutylammonium bromide,,,,,,,,,,,,,,"Song, Jing-Yi;Chen, Xu;Wang, Yu-Mei;Luo, Xiao;Zhang, Tian-E.;Ning, Guo-Hong;Li, Dan; Chemistry - An Asian Journal; vol. 18; nb. 23; (2023); Art.No: e202300857",2023,valid,ionic_liquid,
3523,Cyclohexene oxide,"hexahydrobenzo[d][1,3]dioxol-2-one",79.0,80.0,0.10133,,tetrabutylammonium bromide,,,,,,,,,,,,,,"Zhang, Yuanhang;Xu, Siji;Huang, Kun;Zhang, Xiang-Yu;Qin, Da-Bin;Zhao, Bin; Crystal Growth and Design; vol. 23; nb. 11; (2023); p. 7873 - 7881",2023,valid,ionic_liquid,
3525,Cyclohexene oxide,"hexahydrobenzo[d][1,3]dioxol-2-one",5.0,100.0,0.10133,,potassium iodide,,,,,,,,,,,,,,"Yu, Jinfa;Sun, Xiangying; New Journal of Chemistry; vol. 48; nb. 10; (2024); p. 4245 - 4252",2024,valid,metal_halide,
3526,Cyclohexene oxide,"hexahydrobenzo[d][1,3]dioxol-2-one",77.0,80.0,5.00008,,tetrabutylammonium bromide,,,,,,,,,,无溶剂,,,,"Bilyachenko, Alexey N.;Khrustalev, Victor N.;Dorovatovskii, Pavel V.;Shul’pina, Lidia S.;Ikonnikov, Nikolay S.;Shubina, Elena S.;Lobanov, Nikolai N.;Aliyeva, Vusala A.;Nunes, Ana V. M.;Mahmudov, Kamran T.;Kozlov, Yuriy N.;Pombeiro, Armando J. L.; Inorganic Chemistry; vol. 63; nb. 4; (2024); p. 1909 - 1918",2024,valid,ionic_liquid,无溶剂
3527,Cyclohexene oxide,"hexahydrobenzo[d][1,3]dioxol-2-one",83.0,100.0,1.01332,,tetrabutylammonium bromide,,,,,,,,,,,,,,"Reagent/ catalyst Ma, Fa-Xue;Lyu, Lei-Yan;Chen, Jiawei;Huang, Tao;Zhang, Teng;Cao, Rong; Chemical Communications; vol. 60; nb. 10; (2024); p. 1293 - 1296",2024,valid,ionic_liquid,
3529,Cyclohexene oxide,"hexahydrobenzo[d][1,3]dioxol-2-one",32.1,80.0,1.00001,,tetrabutylammonium bromide,,,,,,,,,,,,,,"Sealed tube, Catalytic behavior, Re‐ agent/catalyst, Temperature Zhang, Weilong;Li, Zhuo;Yu, Xue-Fang;Zhang, Kaisheng;Liu, Senmiao;Du, Yujie;Guo, Qi;Zhang, Lixue;Ding, Xin;Tang, Hua;Peng, Yanhua;Yang, Xiaolong; Inorganic Chemistry; vol. 63; nb. 6; (2024); p. 2954 - 2966",2024,valid,ionic_liquid,
3530,Cyclohexene oxide,"hexahydrobenzo[d][1,3]dioxol-2-one",88.0,80.0,0.1,,tetrabutylammonium bromide,,,,,,,,,,,,,,"Yin, Lin;Huang, Jian-Bo;Yue, Tian-Cai;Wang, Lu-Lu;Wang, Duo-Zhi; Journal of Molecular Structure; vol. 1309; (2024); Art.No: 138165",2024,valid,ionic_liquid,
3531,Cyclohexene oxide,"hexahydrobenzo[d][1,3]dioxol-2-one",28.0,70.0,,,tetrabutylammonium bromide,,,,,,,,,,,,,,"With tetrabutylammomium bromide, [Gd4(μ3-OH)2(5-chlorine-8-hydroxylquinoline)6(acetylacetone)4], T= 70 °C Wang, Yufang;Cui, Haibo;Guo, Huican;Fang, Ming; Polyhedron; vol. 255; (2024); Art.No: 116988",2024,valid,ionic_liquid,
3532,Cyclohexene oxide,"hexahydrobenzo[d][1,3]dioxol-2-one",63.2,25.0,0.1,,tetrabutylammonium bromide,,,,,,,,,,acetonitrile,,,,"Catalytic behavior Liu, Kelong;Du, Longchao;Wang, Tingting; Inorganic Chemistry; vol. 63; nb. 10; (2024); p. 4614 - 4627",2024,valid,ionic_liquid,acetonitrile
3533,Cyclohexene oxide,"hexahydrobenzo[d][1,3]dioxol-2-one",74.0,80.0,0.1,,tetrabutylammonium bromide,,,,,,,,,,无溶剂,,,,"Yin, Lin;Huang, Jian-Bo;Yue, Tian-Cai;Wang, Lu-Lu;Wang, Duo-Zhi; Inorganic Chemistry; vol. 63; nb. 20; (2024); p. 9109 - 9118",2024,valid,ionic_liquid,无溶剂
3535,Cyclohexene oxide,"hexahydrobenzo[d][1,3]dioxol-2-one",50.5,90.0,1.00001,,pyridinium,,,,,,,,,,water,ethyl acetate,,,"Shabbir, Irfan;Ndayambaje, Jean Damascene;Dong, Li;Su, Qian;Cheng, Weiguo; Molecular catalysis; vol. 562; (2024); Art.No: 114227",2024,valid,ionic_liquid,water; ethyl acetate
3537,Cyclohexene oxide,"hexahydrobenzo[d][1,3]dioxol-2-one",89.0,20.0,0.10133,,tetrabutylammonium bromide,,,,,,,,,,无溶剂,,,,"Sarkar, Somnath;Ghosh, Swarbhanu;Mondal, Titu;Khan, Aslam;Islam, Sk. Manirul; New Journal of Chemistry; vol. 48; nb. 22; (2024); p. 10010 - 10018",2024,valid,ionic_liquid,无溶剂
3539,Cyclohexene oxide,"hexahydrobenzo[d][1,3]dioxol-2-one",50.5,90.0,1.00001,,pyridinium,,,,,,,,,,无溶剂,,,,"Sealed tube, Catalytic behavior Shabbir, Irfan;Ndayambaje, Jean Damascene;Dong, Li;Su, Qian;Cheng, Weiguo; Molecular catalysis; vol. 562; (2024); Art.No: 114227",2024,valid,ionic_liquid,无溶剂
3540,Cyclohexene oxide,"hexahydrobenzo[d][1,3]dioxol-2-one",28.0,70.0,0.1,,tetrabutylammonium bromide,,,,,,,,,,无溶剂,,,,"Wang, Yufang;Cui, Haibo;Guo, Huican;Fang, Ming; Polyhedron; vol. 255; (2024); Art.No: 116988",2024,valid,ionic_liquid,无溶剂
3541,Cyclohexene oxide,"hexahydrobenzo[d][1,3]dioxol-2-one",58.0,60.0,0.1,,tetrabutylammonium bromide,,,,,,,,,,water,ethyl acetate,,,"Wu, Ling;Xia, Xiaocheng;An, Wenying;Cui, Wenshan;Liu, Yue;Lv, Wei;Wu, Fengtian; Letters in Organic Chem‐ istry; vol. 21; nb. 7; (2024); p. 611 - 619",2024,valid,ionic_liquid,water; ethyl acetate
3542,Cyclohexene oxide,"hexahydrobenzo[d][1,3]dioxol-2-one",35.0,80.0,0.10133,,tetrabutylammonium bromide,,,,,,,,,,无溶剂,,,,"Shen, Simin;Liu, Yuxing;Huang, Kun;Zhang, Xiang-Yu;Qin, Da-Bin;Zhao, Bin; Crystal Growth and Design; vol. 24; nb. 11; (2024); p. 4333 - 4341",2024,valid,ionic_liquid,无溶剂
3544,Cyclohexene oxide,"hexahydrobenzo[d][1,3]dioxol-2-one",72.0,80.0,1.00001,,tetrabutylammonium bromide,,,,,,,,,,无溶剂,,,,"Reagent/ catalyst Zhou, Yong-Bo;Chen, Fei;Du, Zhi-Hong;Liu, Bin-Yuan;Liu, Ning; Inorganic Chemistry; vol. 63; nb. 35; (2024); p. 16491 - 16506",2024,valid,ionic_liquid,无溶剂
3545,Cyclohexene oxide,"hexahydrobenzo[d][1,3]dioxol-2-one",96.5,60.0,0.00013,,tetrabutylammonium bromide,,,,,,,,,,,,,,"Catalytic behavior Abazari, Reza;Ghorbani, Nasrin;Shariati, Jafar;Varma, Rajender S.;Qian, Jinjie; Inorganic Chemistry; vol. 63; nb. 27; (2024); p. 12667 - 12680",2024,valid,ionic_liquid,
3546,Cyclohexene oxide,"hexahydrobenzo[d][1,3]dioxol-2-one",55.56,80.0,1.00001,,tetrabutylammonium bromide,,,,,,,,,,,,,,"Jiang, Miao;Zhao, Peng-Li;Yue, Yong-Ning;Song, Xue-Qin;Wang, Li; Journal of Molecular Structure; vol. 1316; (2024); Art.No: 138943",2024,valid,ionic_liquid,
3547,Cyclohexene oxide,"hexahydrobenzo[d][1,3]dioxol-2-one",98.2,110.0,1.21598,,tetra-(n-butyl)ammonium iodide,,,,,,,,,,无溶剂,,,,"Yu, Wen-Wang;Meng, Xiang-Guang;Gan, Zi-Yu;Li, Wen;Zhang, Yu-Lian;Zhou, Jie; Catalysis science and tech‐ nology; vol. 14; nb. 21; (2024); p. 6215 - 6223",2024,valid,unknown,无溶剂
3548,Cyclohexene oxide,"hexahydrobenzo[d][1,3]dioxol-2-one",10.0,70.0,,,tetrabutylammonium bromide,,pyridine,,,,,,,,,,,,"With tetrabutylammomium bromide, [Cd(5-{(thiophen-2-yl-methyl)amino}-isophthalate)(4,4'-bipyridine)]*2(N,N'-dime‐ thylformamide), T= 70 °C , Sealed tube, Catalytic behavior, Reagent/catalyst Karmakar, Anirban;Santos, Andreia A. C. D.;Liu, Peixi;Gurbanov, Atash V.;Pires, Jo?o;Alegria, Elisabete C. B. A.;Hasanov, Khudayar I.;Guedes da Silva, M. Fátima C.;Wang, Zhihua;Pombeiro, Armando J. L.; Inorganic Chemistry; vol. 63; nb. 29; (2024); p. 13321 - 13337",2024,valid,mixed_system,
3549,Cyclohexene oxide,"hexahydrobenzo[d][1,3]dioxol-2-one",39.0,85.0,,,tetrabutylammonium bromide,,,,,,,,,,,,,,"With tetrabutylammomium bromide, 2C N O  (2-)*2Cu(2+)22 H 12 2 4 *C18H14N4O, T= 85 °C , Sealed tube Shen, Simin;Zhang, Yuanhang;Liang, Lijuan;Zhang, Xiang-Yu;Huang, Kun;Qin, Da-Bin; Crystal Growth and Design; vol. 24; nb. 18; (2024); p. 7580 - 7587",2024,valid,ionic_liquid,
3550,Cyclohexene oxide,"hexahydrobenzo[d][1,3]dioxol-2-one",99.0,100.0,1.20002,,tetrabutylammonium bromide,,,,,,,,,,,,,,"Catalytic behavior Jin, Siyang;Fu, Yu;Jie, Kecheng;Dai, Huan;Luo, Yun Jie;Ye, Liang;Zhou, Chaohui;Xu, Wei; Chemistry - A Euro‐ pean Journal; vol. 30; nb. 39; (2024); Art.No: e202400756",2024,valid,ionic_liquid,
3551,Cyclohexene oxide,"hexahydrobenzo[d][1,3]dioxol-2-one",15.5,80.0,0.1,,tetrabutylammonium bromide,,,,,,,,,,无溶剂,,,,"Yang, Zicheng;Ni, Jiale;Duan, Chengyuan;Feng, Yi;Yao, Jianfeng; Journal of Materials Chemistry A; vol. 12; nb. 32; (2024); p. 21279 - 21287",2024,valid,ionic_liquid,无溶剂
3552,Cyclohexene oxide,"hexahydrobenzo[d][1,3]dioxol-2-one",41.0,65.0,0.10133,,tetrabutylammonium bromide,,,,,,,,,,无溶剂,,,,"Cata‐ lytic behavior Fei, Yang;Abazari, Reza;Ren, Meiyu;Wang, Xiaotong;Zhang, Xiutang; Inorganic Chemistry; vol. 63; nb. 40; (2024); p. 18914 - 18923",2024,valid,ionic_liquid,无溶剂
3553,Cyclohexene oxide,"hexahydrobenzo[d][1,3]dioxol-2-one",10.0,65.0,0.50001,,tetrabutylammonium bromide,,,,,,,,,,,,,,"Han, Ji;Xu, Haidong;Zhao, Bin;Sun, Ruigang;Chen, Guangrui;Wu, Tianyu;Zhong, Guiyuan;Gao, Yanj‐ ing;Zhang, Song Lin;Yamauchi, Yusuke;Guan, Buyuan; Journal of the American Chemical Society; vol. 146; nb. 28; (2024); p. 18979 - 18988",2024,valid,ionic_liquid,
3554,Cyclohexene oxide,"hexahydrobenzo[d][1,3]dioxol-2-one",27.0,75.0,0.90001,,tetrabutylammonium bromide,,,,,,,,,,,,,,"Zhao, Bo;Li, Chong;Hu, Tuoping;Gao, Yanpeng;Fan, Liming;Zhang, Xiutang; Inorganic Chemistry; vol. 63; nb. 30; (2024); p. 14183 - 14192",2024,valid,ionic_liquid,
3555,Cyclohexene oxide,"hexahydrobenzo[d][1,3]dioxol-2-one",31.0,50.0,0.10133,,tetrabutylammonium bromide,,,,,,,,,,acetonitrile,,,,"Dadmehr, Parvaneh;Bikas, Rahman;Lis, Tadeusz; Dalton Transactions; vol. 53; nb. 36; (2024); p. 15246 - 15257",2024,valid,ionic_liquid,acetonitrile
3556,Cyclohexene oxide,"hexahydrobenzo[d][1,3]dioxol-2-one",63.0,140.0,1.40003,,tetrabutylammonium bromide,,,,,,,,,,,,,,"Inert atmosphere Liu, Boteng;Wang, Bangzhong;Zhang, Shuaibo;Qu, Jingping;Zhou, Yuhan; Arkivoc; vol. 2024; nb. 7; (2024); Art.No: 202412249",2024,valid,ionic_liquid,
3557,Cyclohexene oxide,"hexahydrobenzo[d][1,3]dioxol-2-one",89.0,100.0,0.10133,,tetrabutylammonium bromide,,,,,,,,,,无溶剂,,,,"Chowdhury, Rhitwika;Bhat, Irshad Ahmad;Sachan, Sharad Kumar;Anantharaman, Ganapathi; Dalton Transac‐ tions; vol. 53; nb. 42; (2024); p. 17157 - 17161",2024,valid,ionic_liquid,无溶剂
3558,Cyclohexene oxide,"hexahydrobenzo[d][1,3]dioxol-2-one",94.0,20.0,0.10133,,tetrabutylammonium bromide,,,,,,,,,,acetonitrile,,,,"Inert at‐ mosphere, Sealed tube, Irradiation Saini, Sandhya;Khan, Shafiur Rehman;Gour, Nand Kishor;Chandra Deka, Ramesh;Jain, Suman L.; Green Chemistry; vol. 24; nb. 9; (2022); p. 3644 - 3650",2022,valid,ionic_liquid,acetonitrile
3559,Cyclohexene oxide,"hexahydrobenzo[d][1,3]dioxol-2-one",2.1,100.0,1.60002,,DMAP,,,,,,,,,,无溶剂,,,,"Green chemistry Yasar, Eyyup;Aytar, Emine;Kilic, Ahmet; Inorganica Chimica Acta; vol. 577; (2025); Art.No: 122503",2025,valid,mixed_system,无溶剂
3560,Cyclohexene oxide,"hexahydrobenzo[d][1,3]dioxol-2-one",75.0,120.0,,,tetra-(n-butyl)ammonium iodide,,,,,,,,,,,,,,"ejos, Rey Eliseo;Norr‐ rahim, Mohd Nor Faiz;Jadhav, Arvind H.; Applied Organometallic Chemistry; vol. 39; nb. 1; (2025); Art.No: e7910",2025,valid,unknown,
3562,Cyclohexene oxide,"hexahydrobenzo[d][1,3]dioxol-2-one",42.0,85.0,1.00001,,tetrabutylammonium bromide,,,,,,,,,,,,,,"Fei, Yang;Gao, Yanpeng;Ren, Meiyu;Guo, Le;Fan, Liming;Zhang, Xiutang; Crystal Growth and Design; vol. 24; nb. 24; (2024); p. 10364 - 10372",2024,valid,ionic_liquid,
3563,Cyclohexene oxide,"hexahydrobenzo[d][1,3]dioxol-2-one",22.9,100.0,1.40003,2.0,zinc chloride,,,,,,,,,,无溶剂,,,,"Autoclave, Reagent/catalyst Alberti, Matteo;Gianelli, Marta;Panza, Nicola;Zákutná, Dominika;Matulková, Irena;Caselli, Alessandro; Euro‐ pean Journal of Inorganic Chemistry; vol. 27; nb. 36; (2024); Art.No: e202400494",2024,valid,metal_halide,无溶剂
3565,Cyclohexene oxide,"hexahydrobenzo[d][1,3]dioxol-2-one",0.7,100.0,1.60002,2.0,DMAP,,,,,,,,,,,,,,"Sogukomerogullari, Hatice Gamze;Aytar, Emine; Polyhedron; vol. 267; (2025); Art.No: 117316",2025,valid,mixed_system,
3567,Cyclohexene oxide,"hexahydrobenzo[d][1,3]dioxol-2-one",70.0,100.0,1.60002,2.0,pyridine,,lithium bromide,,DMAP,,,,,,无溶剂,,,,"Sealed tube, Green chemistry Aytar;Kibar; Inorganic Chemistry Communications; vol. 173; (2025); Art.No: 113909",2025,valid,mixed_system,无溶剂
3568,Cyclohexene oxide,"hexahydrobenzo[d][1,3]dioxol-2-one",44.3,75.0,0.10133,8.0,tetrabutylammonium bromide,,,,,,,,,,无溶剂,,,,"Catalytic behavior Ren, Meiyu;Fei, Yang;Gao, Yanpeng;Fan, Liming;Hu, Tuoping;Zhang, Xiutang; Journal of Molecular Structure; vol. 1329; (2025); Art.No: 141361",2025,valid,ionic_liquid,无溶剂
3570,Cyclohexene oxide,"hexahydrobenzo[d][1,3]dioxol-2-one",13.0,25.0,1.00001,24.0,tetrabutylammonium bromide,,,,,,,,,,DMF,,,,"Ji, Man;Liu, Shuang;Li, Lei-Lei;Liu, Xiao-Tong;Hu, Jin-Yi;Ma, Jia-Lin;Ma, Zi-Bin;Wang, Wen-Zhen;Yu, Hong- Jiang; Journal of Solid State Chemistry; vol. 350; (2025); Art.No: 125496",2025,valid,ionic_liquid,DMF
3571,Cyclohexene oxide,"hexahydrobenzo[d][1,3]dioxol-2-one",11.0,20.0,0.1,12.0,tetrabutylammonium bromide,,,,,,,,,,无溶剂,,,,"Green chemistry AlFayi, Majed S.;Altalbawy, Farag M.A.;Mandaliya, Viralkumar;Ballal, Suhas;Sulaiman, Jameel M.A.;Bhanot, Deepak;Sharma, Girish Chandra;Chandra, Subhash;Shernazarov, Iskandar;Sead, Fadhel F.; Molecular Cataly‐ sis; vol. 579; (2025); Art.No: 115045",2025,valid,ionic_liquid,无溶剂
3572,Cyclohexene oxide,"hexahydrobenzo[d][1,3]dioxol-2-one",75.0,130.0,,24.0,lithium bromide,,,,,,,,,,,,,,"2.3. General procedures for the cycloaddition reaction of CO2 with the epoxides General procedure: A 25 mL autoclave was loaded with the epoxide (12.75 mmol) along with the catalysts [(HO)3- ImtTbIP or ImtTbIP]. The reactor was then sealed and purged with CO2 to eliminate any air inside. CO2 was subse‐ quently introduced into the reactor at a constant pressure, and the reactor was immersed in a pre-heated oil bath with the agitation speed of 800 rpm. After the appropriate reaction time, the reactor was cooled down to room tem‐ perature, and the gas was released. The resulting products were analyzed using GC. Yield of cyclic carbonate (%):=(Moles of cyclic carbonate produced/Moles of epoxide substrate used) × 100 %. Selectivity to cyclic carbonate (%):=(Moles of cyclic carbonateproduced/Moles of epoxide converted) × 100 %. Moles of cyclic carbonate were de‐ termined exclusively by GC using calibration curves generated from pure standards. With ionic polymer achieved through the quaternarization of 1,2,4,5-tetrakis(bromomethyl)benzene with 2,4,6- tris(4-(1H-imidazole-1-yl)phenyl)-1,3,5-triazine and 2-(hydroxymethyl)-2-(1H-imidazole-1-yl)propane-1,3-diol, Time= 24h, T= 130 °C , Autoclave, Catalytic behavior, Time Xu, Xiahong;Sui, Yan;Chen, Wentong;Li, Xiaodan;Li, Yuntong;Zhong, Hong;Huang, Wei; Polymer; vol. 337; (2025); Art.No: 128968",2025,valid,metal_halide,
3573,Cyclohexene oxide,"hexahydrobenzo[d][1,3]dioxol-2-one",48.0,60.0,0.10133,18.0,tetrabutylammonium bromide,,,,,,,,,,无溶剂,,,,"Xu, Wangfu;Qin, Xiaohan;Xiong, Gui;Cheng, Qiu-Hong;Zhang, Xiang-Yu;Huang, Kun; Crystal Growth and De‐ sign; vol. 25; nb. 18; (2025); p. 7601 - 7607",2025,valid,ionic_liquid,无溶剂
3574,Cyclohexene oxide,"hexahydrobenzo[d][1,3]dioxol-2-one",100.0,24.8,,30.0,tetrabutylammonium bromide,,,,,,,,,,无溶剂,,,,"With tetrabutylammomium bromide, C74H92CuMnO50Ti10 in neat (no solvent), Time= 30h, T= 24.84 °C , Irradiation Wang, Juan;Gao, Fangfang;Wang, Dexin;Li, Yuting;Liu, Linping;Zhang, Guanyun;Wang, Guo;Tung, Chen- Ho;Wang, Yifeng; Angewandte Chemie - International Edition; vol. 64; nb. 29; (2025); Art.No: e202505584; Angew. Chem.; vol. 137; nb. 29; (2025)",2025,valid,ionic_liquid,无溶剂
3575,Cyclohexene oxide,"hexahydrobenzo[d][1,3]dioxol-2-one",36.0,80.0,0.1,10.0,tetrabutylammonium bromide,,,,,,,,,,,,,,"Guan, Xiao-Fen;Qiao, Na;Wu, Zhi-Lei;Wang, Wen-Min;Cui, Jian-Zhong; Dalton Transactions; vol. 54; nb. 34; (2025); p. 12841 - 12848",2025,valid,ionic_liquid,
3576,Cyclohexene oxide,"hexahydrobenzo[d][1,3]dioxol-2-one",36.0,60.0,0.10133,18.0,tetrabutylammonium bromide,,,,,,,,,,acetonitrile,,,,"Catalytic behavior Xiong, Gui;Xu, Mengling;Qin, Xiaohan;Xiong, Chaodan;Huang, Kun;Zhang, Xiang-Yu; Inorganic Chemistry; vol. 64; nb. 34; (2025); p. 17244 - 17254",2025,valid,ionic_liquid,acetonitrile
3577,Cyclohexene oxide,"hexahydrobenzo[d][1,3]dioxol-2-one",89.0,120.0,1.20002,40.0,tetrabutylammonium bromide,,,,,,,,,,,,,,"Temperature, Pressure Shi, Wei;Xiang, Dexuan;Chen, Qingyao;Qiu, Simei;Xiang, Shulei;Liu, Jingjing;Ouyang, Yuejun;Tang, Lili; Ap‐ plied Organometallic Chemistry; vol. 39; nb. 11; (2025); Art.No: e70425",2025,valid,ionic_liquid,
3579,Cyclohexene oxide,"hexahydrobenzo[d][1,3]dioxol-2-one",40.0,120.0,1.00001,,tetrabutylammonium bromide,,,,,,,,,,无溶剂,,,,"Guo, Yanke;Liu, Shiyue;Liu, Xu;Wang, Tingting;Li, Renhao;Song, Xiaowei;Zhong, Rong-Lin;Liang, Zhiqiang; Inorganic Chemistry; vol. 64; nb. 37; (2025); p. 19132 - 19140",2025,valid,ionic_liquid,无溶剂
3580,Cyclohexene oxide,"hexahydrobenzo[d][1,3]dioxol-2-one",62.0,30.0,1.00001,15.0,tetrabutylammonium bromide,,,,,,,,,,无溶剂,,,,"Song, Xue-Qin;Zhao, Peng-Li;Yang, Yi-Yi;Qiu, Peng-Fei; Journal of Molecular Structure; vol. 1354; (2026); Art.No: 144860",2026,valid,ionic_liquid,无溶剂
3581,Cyclohexene oxide,"hexahydrobenzo[d][1,3]dioxol-2-one",41.0,80.0,,4.0,tetrabutylammonium bromide,,,,,,,,,,无溶剂,,,,"2.5.Catalyst activation and general procedure General procedure: Prior to catalysis, NUC-155 was activated in two steps: (i) solvent exchange of the as-synthe‐ sized crystals with methanol (72 h), and (ii) vacuum drying (12 h) to remove methanol and coordinated DMF, afford‐ ing NUC-155a. Cycloaddition reactions were performed (solvent- free unless noted) in a PTFE-lined autoclave charged with the epoxide and NUC-155a and connected to a CO2 cylinder via a pressure regulator. 2-(Trifluorometh‐ yl)oxirane (TFO) served as the model substrate for condition optimization; thereafter, epoxides bearing electron- withdrawing, electron-donating, and sterically demanding substituents were examined to assess substrate scope. Af‐ ter reaction, the mixture was diluted with ethyl acetate, and the heterogeneous catalyst was recovered by centrifuga‐ tion. For recycling, the separated NUC-155a was washed twice with dichloromethane (DCM), dried under vacuum, and reused in subsequent runs. With tetrabutylammomium bromide in neat (no solvent), Time= 4h, T= 80 °C , Autoclave, Catalytic behavior Fei, Yang;Lei, Qingjuan;Fan, Liming;Hu, Tuoping;Qin, Qi-Pin;Zhang, Xiutang; Journal of Catalysis; vol. 453; (2026); Art.No: 116580",2026,valid,ionic_liquid,无溶剂
3582,Cyclohexene oxide,"hexahydrobenzo[d][1,3]dioxol-2-one",23.0,120.0,0.50001,,pyridine,,,,,,,,,,,,,,"Liao, Quanlan;Cao, Jianxin;Zhao, Tianxiang; Chemical Communications; vol. 61; nb. 97; (2025); p. 19289 - 19292",2025,valid,organic_base,
3584,Cyclohexene oxide,"hexahydrobenzo[d][1,3]dioxol-2-one",48.0,80.0,0.80001,3.0,tetrabutylammonium bromide,,,,,,,,,,无溶剂,,,,"Li, Yanmei;Fan, Liming;Hu, Tuoping;Qin, Qi-Pin;Zhang, Xiutang; Crystal Growth and Design; vol. 25; nb. 21; (2025); p. 9160 - 9170",2025,valid,ionic_liquid,无溶剂
3585,Cyclohexene oxide,"hexahydrobenzo[d][1,3]dioxol-2-one",82.0,120.0,3.00005,6.0,tetrabutylammonium bromide,,,,,,,,,,,,,,"Sealed tube, Catalytic behavior Jaiswal, Deeksha;Sharma, Chandan;Roy, Sudipta;Pandey, Prabhakar K.;Quiyoom, Abdul;Kumar, Vinod;Che‐ brolu, Seetaram;Rakshit, Pranab K.;Singh, Jayant K.;Bera, Jitendra K.; Chemical Communications; vol. 61; nb. 90; (2025); p. 17693 - 17696",2025,valid,ionic_liquid,
3586,Cyclohexene oxide,"hexahydrobenzo[d][1,3]dioxol-2-one",45.0,80.0,0.10133,3.0,tetrabutylammonium bromide,,,,,,,,,,无溶剂,,,,"Guo, Kaisong;Lei, Qingjuan;Zhang, Zhengguo;Qin, Qi-Pin;Zhang, Xiutang; Journal of Molecular Structure; vol. 1352; (2026); Art.No: 144557",2026,valid,ionic_liquid,无溶剂
3588,Cyclohexene oxide,"hexahydrobenzo[d][1,3]dioxol-2-one",73.0,100.0,0.1,48.0,tetrabutylammonium bromide,,,,,,,,,,,,,,"Chen, Muhua;Wang, Yuqing;Li, Mengting;Fu, Bo;Tan, Jihuai;Li, Licheng;Chen, MeisiS0926860X25006313; Ap‐ plied Catalysis A: General; vol. 711; (2026); Art.No: 120729",2026,valid,ionic_liquid,
3589,Cyclohexene oxide,"hexahydrobenzo[d][1,3]dioxol-2-one",62.0,100.0,0.10133,24.0,triphenylphosphine,,,,,,,,,,无溶剂,,,,"Sulaiman, Gulistan Baqi;Barzinjy, Azeez A.;Kilic, Ahmet; Journal of Organometallic Chemistry; vol. 1051; (2026); Art.No: 124095",2026,valid,unknown,无溶剂
3590,Cyclohexene oxide,"hexahydrobenzo[d][1,3]dioxol-2-one",18.4,26.8,1.00001,10.0,tetrabutylammonium bromide,,,,,,,,,,acetonitrile,,,,"Lv, Yajing;Yan, Haohao;Ye, Wenhui;Ye, Lin;Chen, Jinmei;Lin, Yutong;Zhu, Shuying;Sun, Dengrong;Liu, Xiyao;Liang, Ruowen; Molecules; vol. 31; nb. 5; (2026); Art.No: 902",2026,valid,ionic_liquid,acetonitrile
3591,Isopropyl glycidyl ether,"4-(isopropoxymethyl)-1,3-dioxolan-2-one",100.0,100.0,1.50002,1.0,1-butyl-3-methylimidazolium bromide,,,,,,,,,,,,,,"Li, Fuwei; Xiao, Linfei; Xia, Chungu; Hu, Bin; Tetrahedron Letters; vol. 45; nb. 45; (2004); p. 8307 - 8310",2004,valid,ionic_liquid,
3592,Isopropyl glycidyl ether,"4-(isopropoxymethyl)-1,3-dioxolan-2-one",99.0,20.0,0.10133,4.0,tetrabutylammonium bromide,,,,,,,,,,无溶剂,,,,"Chowdhury, Arpita Hazra; Bhanja, Piyali; Salam, Noor; Bhaumik, Asim; Islam, Sk. Manirul; Molecular catalysis; vol. 450; (2018); p. 46 - 54",2018,valid,ionic_liquid,无溶剂
3593,Isopropyl glycidyl ether,"4-(isopropoxymethyl)-1,3-dioxolan-2-one",99.0,120.0,0.1,5.0,cobalt-impregnated 2D material,,,,,,,,,,无溶剂,,,,"Ullah, Habib;Ullah, Zakir;Khattak, Zafar A. K.;Tahir, Muhammad;Kang, Eunji;Verpoort, Francis;You Kim, Hy‐ un; ChemSusChem; vol. 18; nb. 7; (2025); Art.No: e202401046",2025,valid,metal_halide,无溶剂
3594,Isopropyl glycidyl ether,"4-(isopropoxymethyl)-1,3-dioxolan-2-one",99.0,80.0,0.50001,12.0,zinc phenanthroline dione,,,,,,,,,,,,,,"Catalytic behavior Liu, Ping;Zhao, Tianxiang;Zhao, Fangfang;Xu, Ziyang;Huang, Yu;Hu, Xingbang; Advanced Functional Materi‐ als; vol. 35; nb. 45; (2025); Art.No: 2508657",2025,valid,metal_halide,
3596,Isopropyl glycidyl ether,"4-(isopropoxymethyl)-1,3-dioxolan-2-one",98.0,150.0,2.00003,0.03,tetrabutylammonium bromide,,,,,,,,,,,,,,"Flow reac‐ tor, Catalytic behavior Li, Ming-Ran; Zhang, Ming-Chao; Yue, Tian-Jun; Lu, Xiao-Bing; Ren, Wei-Min; RSC Advances; vol. 8; nb. 68; (2018); p. 39182 - 39186",2018,valid,ionic_liquid,
3597,Isopropyl glycidyl ether,"4-(isopropoxymethyl)-1,3-dioxolan-2-one",98.0,0.0,1.00001,3.0,tetraheptylammonium bromide,,,,,,,,,,,,,,"Wang, Congwei; Song, Qingwen; Zhang, Kan; Liu, Ping; Wang, Junying; Wang, Jianmei; Zhang, Hengxuan; Wang, Junzhong; Chemical Communications; vol. 55; nb. 9; (2019); p. 1299 - 1302",2019,valid,ionic_liquid,
3598,Isopropyl glycidyl ether,"4-(isopropoxymethyl)-1,3-dioxolan-2-one",97.0,90.0,1.00001,3.0,tri-n-butyl(2-hydroxyethyl)phosphonium iodide,,,,,,,,,,无溶剂,,,,"Werner, Thomas; Büttner, Hendrik; ChemSusChem; vol. 7; nb. 12; (2014); p. 3268 - 3271",2014,valid,ionic_liquid,无溶剂
3599,Isopropyl glycidyl ether,"4-(isopropoxymethyl)-1,3-dioxolan-2-one",97.0,90.0,1.00001,3.0,tri-n-butyl(2-hydroxyethyl)phosphonium iodide,,,,,,,,,,,,,,"Temperature Büttner, Hendrik; Steinbauer, Johannes; Werner, Thomas; ChemSusChem; vol. 8; nb. 16; (2015); p. 2655 - 2669",2015,valid,ionic_liquid,
3600,Isopropyl glycidyl ether,"4-(isopropoxymethyl)-1,3-dioxolan-2-one",97.0,120.0,1.01332,1.0,tetrabutylammonium bromide,,,,,,,,,,,,,,"Temperature, Pressure Wang, Li; Xu, Cong; Han, Qingxin; Tang, Xiaoliang; Zhou, Panpan; Zhang, Ruilian; Gao, Guoshu; Xu, Ben‐ hua; Qin, Wenwu; Liu, Weisheng; Chemical Communications; vol. 54; nb. 18; (2018); p. 2212 - 2215",2018,valid,ionic_liquid,
3601,Isopropyl glycidyl ether,"4-(isopropoxymethyl)-1,3-dioxolan-2-one",97.0,20.0,0.1,6.0,DMAP,,,,,,,,,,methanol,ethyl acetate,,,"Catalytic behavior Ullah, Habib; Mousavi, Bibimaryam; Younus, Hussein A.; Khattak, Zafar A.K.; Suleman, Suleman; Jan, Mu‐ hammad T.; Yu, Baoyi; Chaemchuen, Somboon; Verpoort, Francis; Journal of Catalysis; vol. 377; (2019); p. 190 -198",2019,valid,mixed_system,methanol; ethyl acetate
3603,Isopropyl glycidyl ether,"4-(isopropoxymethyl)-1,3-dioxolan-2-one",96.0,80.0,1.00001,14.0,potassium iodide,,,,,,,,,,,,,,"Desens, Willi; Kohrt, Christina; Frank, Marcus; Werner, Thomas; ChemSusChem; vol. 8; nb. 22; (2015); p. 3815 -3822",2015,valid,metal_halide,
3604,Isopropyl glycidyl ether,"4-(isopropoxymethyl)-1,3-dioxolan-2-one",95.0,50.0,0.10133,6.0,3-hydroxy-N-octylpyridinium iodide,,,,,,,,,,无溶剂,,,,"Green chemis‐ try Rostami, Ali; Mahmoodabadi, Mohammadali; Hossein Ebrahimi, Amir; Khosravi, Hormoz; Al-Harrasi, Ahmed; ChemSusChem; vol. 11; nb. 24; (2018); p. 4262 - 4268",2018,valid,ionic_liquid,无溶剂
3606,Isopropyl glycidyl ether,"4-(isopropoxymethyl)-1,3-dioxolan-2-one",94.0,90.0,0.50001,2.0,tri-n-butyl(2-hydroxyethyl)ammonium iodide,,,,,,,,,,无溶剂,,,,"Auto‐ clave, Temperature, Pressure Büttner, Hendrik; Lau, Kornelia; Spannenberg, Anke; Werner, Thomas; ChemCatChem; vol. 7; nb. 3; (2015); p. 459 - 467",2015,valid,ionic_liquid,无溶剂
3609,Isopropyl glycidyl ether,"4-(isopropoxymethyl)-1,3-dioxolan-2-one",94.0,80.0,0.10133,24.0,potassium iodide,,,,,,,,,,无溶剂,,,,"Ionova, Violetta A.;Fakhrutdinov, Artem N.;Gusev, Daniil I.;Abel, Anton S.;Averin, Alexei D.;Beletskaya, Irina P.; Molecular Catalysis; vol. 579; (2025); Art.No: 115019",2025,valid,metal_halide,无溶剂
3610,Isopropyl glycidyl ether,"4-(isopropoxymethyl)-1,3-dioxolan-2-one",94.0,80.0,0.1,5.0,tetrabutylammonium bromide,,,,,,,,,,,,,,"Re‐ agent/catalyst Ghanghas, Manisha;Rom, Tanmay;Paul, Avijit Kumar; Inorganic Chemistry; vol. 64; nb. 29; (2025); p. 15027 - 15038",2025,valid,ionic_liquid,
3611,Isopropyl glycidyl ether,"4-(isopropoxymethyl)-1,3-dioxolan-2-one",93.4,110.0,2.00003,5.0,tetra-(n-butyl)ammonium iodide,,,,,,,,,,,,,,"Peng, Jing; Yang, Hai-Jian; Wei, Zidong; Guo, Cun-Yue; RSC Advances; vol. 5; nb. 65; (2015); p. 53063 - 53072",2015,valid,unknown,
3612,Isopropyl glycidyl ether,"4-(isopropoxymethyl)-1,3-dioxolan-2-one",93.0,25.0,0.10133,24.0,(triphenylphosphoranylidene)acetaldehyde,,Jacobsen Co-salen,,salen,,,,,,无溶剂,,,,"Zhou, Feng; Xie, Shi-Liang; Gao, Xiao-Tong; Zhang, Rong; Wang, Cui-Hong; Yin, Guang-Qiang; Zhou, Jian; Green Chemistry; vol. 19; nb. 16; (2017); p. 3908 - 3915",2017,valid,unknown,无溶剂
3613,Isopropyl glycidyl ether,"4-(isopropoxymethyl)-1,3-dioxolan-2-one",93.0,120.0,1.00001,1.0,tetrabutylammonium bromide,,,,,,,,,,无溶剂,,,,"Catalytic behavior Wang, Gang; Xu, Cong; Wang, Li; Liu, Weisheng; Dalton Transactions; vol. 47; nb. 36; (2018); p. 12711 - 12717",2018,valid,ionic_liquid,无溶剂
3614,Isopropyl glycidyl ether,"4-(isopropoxymethyl)-1,3-dioxolan-2-one",91.0,70.0,0.50001,18.0,ethylenediaminetetraacetic acid,,tetrabutylammonium bromide,,,,,,,,water,ethyl acetate,,,"Auto‐ clave Liu, Xiao-Fang; Song, Qing-Wen; Zhang, Shuai; He, Liang-Nian; Catalysis Today; vol. 263; (2016); p. 69 - 74",2016,valid,ionic_liquid,water; ethyl acetate
3615,Isopropyl glycidyl ether,"4-(isopropoxymethyl)-1,3-dioxolan-2-one",91.0,120.0,1.00001,10.0,tetra-(n-butyl)ammonium iodide,,Al-salan complex,,,,,,,,无溶剂,,,,"Green chemistry Ma, Ran; Sun, Haojie; Cui, Yuanzhi; RSC Advances; vol. 8; nb. 20; (2018); p. 11145 - 11149",2018,valid,unknown,无溶剂
3616,Isopropyl glycidyl ether,"4-(isopropoxymethyl)-1,3-dioxolan-2-one",90.0,,0.96001,0.25,potassium iodide,,,,,,,,,,,,,,"Microwave irradiation, Green chemistry Tharun, Jose; Mathai, George; Kathalikkattil, Amal Cherian; Roshan, Roshith; Kwak, Joo-Young; Park, Dae- Won; Green Chemistry; vol. 15; nb. 6; (2013); p. 1673 - 1677",2013,valid,metal_halide,
3617,Isopropyl glycidyl ether,"4-(isopropoxymethyl)-1,3-dioxolan-2-one",89.0,120.0,0.1,5.0,tetrabutylammonium chloride,,tetrabutylammonium bromide,,tetra-(n-butyl)ammonium iodide,,pyridine,,,,ethyl acetate,,,,"Suleman, Suleman; Younus, Hussein A.; Ahmad, Nazir; Khattak, Zafar A.K.; Ullah, Habib; Park, Jihae; Han, Taejun; Yu, Baoyi; Verpoort, Francis; Applied Catalysis A: General; vol. 591; (2020); Art.No: 117384",2020,valid,mixed_system,ethyl acetate
3618,Isopropyl glycidyl ether,"4-(isopropoxymethyl)-1,3-dioxolan-2-one",87.0,100.0,1.00001,3.0,potassium iodide,,18-crown-6 ether,,,,,,,,,,,,"Desens, Willi; Werner, Thomas; Advanced Synthesis and Catalysis; vol. 358; nb. 4; (2016); p. 622 - 630",2016,valid,metal_halide,
3619,Isopropyl glycidyl ether,"4-(isopropoxymethyl)-1,3-dioxolan-2-one",83.0,70.0,1.00001,4.0,tetra-(n-butyl)ammonium iodide,,,,,,,,,,无溶剂,,,,"Reagent/catalyst, Temperature Alaji; Safaei; Wojtczak; New Journal of Chemistry; vol. 41; nb. 18; (2017); p. 10121 - 10131",2017,valid,unknown,无溶剂
3620,Isopropyl glycidyl ether,"4-(isopropoxymethyl)-1,3-dioxolan-2-one",82.0,100.0,,8.0,tetrabutylammonium bromide,,,,,,,,,,无溶剂,,,,"With tetrabutylammomium bromide in neat (no solvent), Time= 8h, T= 100 °C Erfani-Ghorbani, Reza;Eshghi, Hossein;Shiri, Ali; RSC Advances; vol. 15; nb. 10; (2025); p. 7236 - 7247",2025,valid,ionic_liquid,无溶剂
3621,Isopropyl glycidyl ether,"4-(isopropoxymethyl)-1,3-dioxolan-2-one",68.0,120.0,1.00001,24.0,tetra-(n-butyl)ammonium hydroxide,,,,,,,,,,,,,,"Ema, Tadashi; Fukuhara, Kazuki; Sakai, Takashi; Ohbo, Masaki; Bai, Fu-Quan; Hasegawa, Jun-Ya; Catalysis science and technology; vol. 5; nb. 4; (2015); p. 2314 - 2321",2015,valid,unknown,
3622,Isopropyl glycidyl ether,"4-(isopropoxymethyl)-1,3-dioxolan-2-one",66.0,80.0,1.00001,12.0,tetrabutylammonium bromide,,,,,,,,,,,,,,PatentINST CHEMISTRY CAS; INSTITUTE OF CHEMISTRY OF CHINESE ACADEMY OF SCIENCES; CN112979606; (2021); (A) EnglishInstitute of Chemistry (in: CAS); CHINESE ACADEMY OF SCIENCES,2021,valid,ionic_liquid,
3624,Isopropyl glycidyl ether,"4-(isopropoxymethyl)-1,3-dioxolan-2-one",98.0,119.8,7.99996,6.0,PEG6000(NBu3Br)2,,,,,,,,,,,,,,Unknown reference,,valid,unknown,
3628,Isopropyl glycidyl ether,"4-(isopropoxymethyl)-1,3-dioxolan-2-one",97.0,110.0,4.00006,4.0,polyethylene glycol-supported hexaalkylguanidinium bromide,,,,,,,,,,,,,,"Dou, Xiao-Yong; Wang, Jin-Quan; Du, Ya; Wang, Er; He, Liang-Nian; Synlett; nb. 19; (2007); p. 3058 - 3062",2007,valid,unknown,
3629,Isopropyl glycidyl ether,"4-(isopropoxymethyl)-1,3-dioxolan-2-one",93.0,130.0,4.00006,18.0,1-butyl-3-methylimidazolium alanine,,,,,,,,,,无溶剂,,,,"neat (no solvent) Wu, Fang; Dou, Xiao-Yong; He, Liang-Nian; Miao, Cheng-Xia; Letters in Organic Chemistry; vol. 7; nb. 1; (2010); p. 73 - 78",2010,valid,ionic_liquid,无溶剂
3630,Isopropyl glycidyl ether,"4-(isopropoxymethyl)-1,3-dioxolan-2-one",94.0,140.0,1.00001,2.0,"1,8-diazabicyclo[5.4.0]undec-7-ene",,,,,,,,,,,,,,"cycload‐ dition, chemoselective reaction Yang, Zhen-Zhen; He, Liang-Nian; Miao, Cheng-Xia; Chanfreau, Sebastien; Advanced Synthesis and Catalysis; vol. 352; nb. 13; (2010); p. 2233 - 2240",2010,valid,unknown,
3632,Isopropyl glycidyl ether,"4-(isopropoxymethyl)-1,3-dioxolan-2-one",99.0,120.0,0.1,8.0,BrTBDPEG150TBDBr,,,,,,,,,,无溶剂,,,,"Neat (no solvent) Yang, Zhen-Zhen; Zhao, Ya-Nan; He, Liang-Nian; Gao, Jian; Yin, Zhong-Shu; Green Chemistry; vol. 14; nb. 2; (2012); p. 519 - 527",2012,valid,unknown,无溶剂
3635,Isopropyl glycidyl ether,"4-(isopropoxymethyl)-1,3-dioxolan-2-one",93.0,120.0,1.00001,9.0,imidazolium,,,,,,,,,,无溶剂,,,,"Yang, Zhen-Zhen; Zhao, Yanfei; Ji, Guipeng; Zhang, Hongye; Yu, Bo; Gao, Xiang; Liu, Zhimin; Green Chemis‐ try; vol. 16; nb. 8; (2014); p. 3724 - 3728",2014,valid,ionic_liquid,无溶剂
3637,Isopropyl glycidyl ether,"4-(isopropoxymethyl)-1,3-dioxolan-2-one",99.0,80.0,0.1,16.0,tetra-(n-butyl)ammonium iodide,,pyridine,,,,,,,,,,,,"Green chemistry Ma, Ran; He, Liang-Nian; Zhou, Yue-Biao; Green Chemistry; vol. 18; nb. 1; (2016); p. 226 - 231",2016,valid,organic_base,
3638,Isopropyl glycidyl ether,"4-(isopropoxymethyl)-1,3-dioxolan-2-one",99.0,100.0,0.1,12.0,"1,8-diazabicyclo[5.4.0]undec-7-ene",,,,,,,,,,,,,,"Liu, Xi; Zhang, Shuai; Song, Qing-Wen; Liu, Xiao-Fang; Ma, Ran; He, Liang-Nian; Green Chemistry; vol. 18; nb. 9; (2016); p. 2871 - 2876",2016,valid,unknown,
3641,Isopropyl glycidyl ether,"4-(isopropoxymethyl)-1,3-dioxolan-2-one",100.0,80.0,0.10133,10.0,lithium bromide,,,,,,,,,,,,,,"Delavari, Mahbube; Zadehahmadi, Farnaz; Tangestaninejad, Shahram; Moghadam, Majid; Mirkhani, Valiollah; Mohammadpoor-Baltork, Iraj; Kardanpour, Reihaneh; Applied Organometallic Chemistry; vol. 31; nb. 7; (2017); Art.No: E3656",2017,valid,metal_halide,
3642,Isopropyl glycidyl ether,"4-(isopropoxymethyl)-1,3-dioxolan-2-one",95.0,80.0,2.00003,12.0,tetrabutylammonium bromide,,,,,,,,,,,,,,"Liu, Anhua; Zhang, Jinju; Lv, Xiaobing; Cuihua Xuebao/Chinese Journal of Catalysis; vol. 39; nb. 8; (2018); p. 1320 - 1328",2018,valid,ionic_liquid,
3643,Isopropyl glycidyl ether,"4-(isopropoxymethyl)-1,3-dioxolan-2-one",100.0,120.0,4.00006,10.0,potassium iodide,,,,,,,,,,,,,,"Peng, Jing; Wang, Sheng; Yang, Hai-Jian; Ban, Binru; Wei, Zidong; Wang, Lihua; Bo, Lei; Catalysis Today; vol. 330; (2019); p. 76 - 84",2019,valid,metal_halide,
3644,Isopropyl glycidyl ether,"4-(isopropoxymethyl)-1,3-dioxolan-2-one",82.0,20.0,0.10133,24.0,tetrabutylammonium bromide,,,,,,,,,,无溶剂,,,,"Paul, Priyanka; Salam, Noor; Khan, Aslam; Das, Debasis; Alam, Seikh Mafiz; Islam, Sk. Manirul; New Journal of Chemistry; vol. 44; nb. 32; (2020); p. 13852 - 13862",2020,valid,ionic_liquid,无溶剂
3645,Isopropyl glycidyl ether,"4-(isopropoxymethyl)-1,3-dioxolan-2-one",98.0,80.0,0.80001,8.0,tetrabutylammonium bromide,,,,,,,,,,,,,,"Catalytic behavior, Temperature Yang, Huan;Gao, Guoshu;Chen, Wanmin;Wang, Li;Liu, Weisheng; Dalton Transactions; vol. 49; nb. 29; (2020); p. 10270 - 10277",2020,valid,ionic_liquid,
3646,Isopropyl glycidyl ether,"4-(isopropoxymethyl)-1,3-dioxolan-2-one",75.6,70.0,0.10133,3.0,tetrabutylammonium bromide,,,,,,,,,,,,,,"Yu, Wei-Dong; Zhang, Yin; Han, Yu-Yang; Li, Bin; Shao, Sai; Zhang, Le-Ping; Xie, Hong-Ke; Yan, Jun; Inorgan‐ ic Chemistry; vol. 60; nb. 6; (2021); p. 3980 - 3987",2021,valid,ionic_liquid,
3647,Isopropyl glycidyl ether,"4-(isopropoxymethyl)-1,3-dioxolan-2-one",99.0,100.0,0.1,24.0,tetra-(n-butyl)ammonium iodide,,,,,,,,,,无溶剂,,,,"Inert atmosphere, Schlenk technique, Concentration Rago, Aurélie;Framery, Eric;Andrioletti, Bruno; Journal of Porphyrins and Phthalocyanines; vol. 26; nb. 6-7; (2022); p. 443 - 451",2022,valid,unknown,无溶剂
3648,Isopropyl glycidyl ether,"4-(isopropoxymethyl)-1,3-dioxolan-2-one",91.0,50.0,0.1,,tetrabutylammonium bromide,,,,,,,,,,无溶剂,,,,"Sealed tube Qiao, Na;Xin, Xiao-Yan;Guan, Xiao-Fen;Zhang, Chen-Xi;Wang, Wen-Min; Inorganic Chemistry; vol. 61; nb. 38; (2022); p. 15098 - 15107",2022,valid,ionic_liquid,无溶剂
3649,Isopropyl glycidyl ether,"4-(isopropoxymethyl)-1,3-dioxolan-2-one",97.0,50.0,0.1,,tetra-(n-butyl)ammonium iodide,,,,,,,,,,无溶剂,,,,"Green chem‐ istry Rostami, Ali;Ebrahimi, Amirhossein;Al-Jassasi, Mohammed;Mirzaei, Saber;Al-Harrasi, Ahmed; Green Chem‐ istry; vol. 24; nb. 23; (2022); p. 9069 - 9083",2022,valid,unknown,无溶剂
3650,Isopropyl glycidyl ether,"4-(isopropoxymethyl)-1,3-dioxolan-2-one",71.0,70.0,0.1,,tetrabutylammonium bromide,,,,,,,,,,无溶剂,,,,"Sealed tube, Catalytic behavior, Reagent/catalyst, Temperature Wang, Wen-Min;Qiao, Na;Xin, Xiao-Yan;Wu, Zhi-Lei;Cui, Jian-Zhong; Crystal Growth and Design; vol. 23; nb. 1; (2023); p. 87 - 95",2023,valid,ionic_liquid,无溶剂
3651,Isopropyl glycidyl ether,"4-(isopropoxymethyl)-1,3-dioxolan-2-one",95.0,60.0,3.00005,,1-butyl-1-methylpiperidinium bromide,,1-methylpiperidinium bromide,,,,,,,,,,,,"Ma, Haiying;Liu, Shujuan;Wang, Hongli;Li, Guomin;Zhao, Kang;Cui, Xinjiang;Shi, Feng; Green Chemistry; vol. 25; nb. 6; (2023); p. 2293 - 2298",2023,valid,unknown,
3652,Isopropyl glycidyl ether,"4-(isopropoxymethyl)-1,3-dioxolan-2-one",61.0,80.0,,,tetrabutylammonium bromide,,,,,,,,,,dichloromethane,,,,"2.4. Catalytic reactions General procedure: Firstly, cluster 1 (15.0 mg), the epoxide substrate (2.0 mmol),cocatalyst (TBAB, 2.0 mmol) and excess CO2 (99.99%) were sealed in a Schlenk tube (25 mL), subsequently, the resulting reaction was stirred at30-90 C for 12 h. When the reaction is completely over, the obtainedmixture was dissolved in dichloromethane sol‐ vent (5.0 mL). Aftercentrifugation, the yield of the corresponding product was determinedby 1H NMR (1,3,5-trime‐ thoxybenzene as an internal standard). With tetrabutylammomium bromide, C52H64Er4N4O24*2C2H3N, T= 80 °C , Schlenk technique Zhao, Jin-Yu;Yang, Chen;Bian, Xiao-Yun;Qiu, Jing;Ren, Shu-Yi;Fang, Ming; Inorganica Chimica Acta; vol. 556; (2023); Art.No: 121560",2023,valid,ionic_liquid,dichloromethane
3653,Isopropyl glycidyl ether,"4-(isopropoxymethyl)-1,3-dioxolan-2-one",95.0,100.0,,,tetra-(n-butyl)ammonium iodide,,,,,,,,,,,,,,"With tetra-(n-butyl)ammonium iodide, 2-(quinolin-8-ylcarbamoyl)phenyl tellurenyl iodide, T= 100 °C , Catalytic be‐ havior Jain, Saket;Batabyal, Monojit;Thorat, Raviraj Ananda;Choudhary, Pratibha;Jha, Raushan Kumar;Kumar, Sangit; Chemistry - A European Journal; vol. 29; nb. 49; (2023); Art.No: e202301502",2023,valid,unknown,
3654,Isopropyl glycidyl ether,"4-(isopropoxymethyl)-1,3-dioxolan-2-one",84.0,80.0,0.1,,tetrabutylammonium bromide,,,,,,,,,,无溶剂,,,,"Catalytic behavior Qiao, Na;Xin, Xiao-Yan;Wang, Wen-Min;Wu, Zhi-Lei;Cui, Jian-Zhong; Dalton Transactions; vol. 52; nb. 31; (2023); p. 10725 - 10736",2023,valid,ionic_liquid,无溶剂
3655,Isopropyl glycidyl ether,"4-(isopropoxymethyl)-1,3-dioxolan-2-one",86.0,60.0,0.1,,tetrabutylammonium bromide,,,,,,,,,,无溶剂,,,,"Sealed tube, Catalytic behavior Wang, Wen-Min;Cheng, Rui-Rui;Wu, Zhi-Lei;Cui, Jian-Zhong; Inorganic Chemistry; vol. 62; nb. 37; (2023); p. 14902 - 14911",2023,valid,ionic_liquid,无溶剂
3656,Isopropyl glycidyl ether,"4-(isopropoxymethyl)-1,3-dioxolan-2-one",73.0,70.0,0.1,,tetrabutylammonium chloride,,tetrabutylammonium bromide,,tetra-(n-butyl)ammonium iodide,,triphenylphosphine,,,,,,,,"Miao, Chang-Qing;Yan, Jie-Chen;Yang, Chen;Wang, Jia-Li;Ding, Jia-Le;Chen, Si-Rong;Ge, Juan-Xiu;Wang, Ni;Hou, Yin-Ling; Polyhedron; vol. 243; (2023); Art.No: 116509",2023,valid,ionic_liquid,
3657,Isopropyl glycidyl ether,"4-(isopropoxymethyl)-1,3-dioxolan-2-one",93.0,120.0,1.00001,,tetrabutylammonium bromide,,,,,,,,,,,,,,"Bi, Yunshuai;Yao, Zibei;Zhu, Zhen;Liu, Weisheng; Dalton Transactions; vol. 52; nb. 47; (2023); p. 18082 - 18089",2023,valid,ionic_liquid,
3658,Isopropyl glycidyl ether,"4-(isopropoxymethyl)-1,3-dioxolan-2-one",99.0,100.0,1.00001,,tetrabutylammonium bromide,,,,,,,,,,water,cyclohexane,,,"High pressure, Sealed tube, Catalytic behavior, Reagent/catalyst Cai, Miao;Chen, Xiao-Li;Yan, Rui-Kui;Li, Yi-Fei;Gao, Miao-Miao;Liu, Shuai;Liu, Jia-Chen; Journal of Molecular Structure; vol. 1299; (2024); Art.No: 137314",2024,valid,ionic_liquid,water; cyclohexane
3659,Isopropyl glycidyl ether,"4-(isopropoxymethyl)-1,3-dioxolan-2-one",99.0,120.0,0.50001,,tetrabutylammonium bromide,,,,,,,,,,,,,,"Wang, Xiaoli;Li, Jingzhe;Kou, Manchang;Dou, Wei;Bai, Dongjie;Tang, Xiaoliang;Tang, Yu;Liu, Weisheng; In‐ organic Chemistry; vol. 62; nb. 46; (2023); p. 19015 - 19024",2023,valid,ionic_liquid,
3660,Isopropyl glycidyl ether,"4-(isopropoxymethyl)-1,3-dioxolan-2-one",95.0,55.0,0.2,,tetrabutylammonium bromide,,,,,,,,,,,,,,"Song, Jing-Yi;Chen, Xu;Wang, Yu-Mei;Luo, Xiao;Zhang, Tian-E.;Ning, Guo-Hong;Li, Dan; Chemistry - An Asian Journal; vol. 18; nb. 23; (2023); Art.No: e202300857",2023,valid,ionic_liquid,
3661,Isopropyl glycidyl ether,"4-(isopropoxymethyl)-1,3-dioxolan-2-one",79.0,60.0,,,tetrabutylammonium bromide,,,,,,,,,,,,,,"With tetrabutylammomium bromide, [Eu8(acac)4(HL)4(L)2(μ3–O)4(C2H5O)4]2C2H5OH.2CH2Cl2, T= 60 °C Zhong, Kai-Long;Tang, Jia-Le;Jia, Bo-Wen;Guo, Zi-Qi;Yan, Rui;Li, Bing-Feng;Chen, Jia-Lu;Yang, Chao- Bo;Qiao, Na;Wang, Wen-Min; Journal of Molecular Structure; vol. 1321; (2025); Art.No: 140033",2025,valid,ionic_liquid,
3662,Isopropyl glycidyl ether,"4-(isopropoxymethyl)-1,3-dioxolan-2-one",84.0,65.0,0.1,,tetrabutylammonium bromide,,,,,,,,,,无溶剂,,,,"Guan, Xiao-Fen;Tang, Jia-Le;Yan, Rui;Guo, Zi-Qi;Jia, Bo-Wen;Qiao, Na;Hou, Yin-Ling;Wang, Wen-Min; Jour‐ nal of Organometallic Chemistry; vol. 1021; (2024); Art.No: 123355",2024,valid,ionic_liquid,无溶剂
3663,Isopropyl glycidyl ether,"4-(isopropoxymethyl)-1,3-dioxolan-2-one",99.0,140.0,1.40003,,tetrabutylammonium bromide,,,,,,,,,,,,,,"Inert atmosphere Liu, Boteng;Wang, Bangzhong;Zhang, Shuaibo;Qu, Jingping;Zhou, Yuhan; Arkivoc; vol. 2024; nb. 7; (2024); Art.No: 202412249",2024,valid,ionic_liquid,
3664,Isopropyl glycidyl ether,"4-(isopropoxymethyl)-1,3-dioxolan-2-one",96.0,50.0,0.10133,,tetrabutylammonium bromide,,,,,,,,,,acetonitrile,,,,"Yu, Xiang;Xu, Xinyu;Gao, Lei;Luo, Rengan;Liu, Yi-Fan;Gu, Yu-Hao;Yuan, Shuai; Dalton Transactions; vol. 53; nb. 44; (2024); p. 17902 - 17908",2024,valid,ionic_liquid,acetonitrile
3665,Isopropyl glycidyl ether,"4-(isopropoxymethyl)-1,3-dioxolan-2-one",82.0,90.0,0.1,,tetra-(n-butyl)ammonium iodide,,,,,,,,,,无溶剂,,,,"Goswami, Bappaditya;Khatua, Manas;Rani, Swati;Chatterjee, Robindo;Samanta, Subhas; Inorganic Chemis‐ try; vol. 63; nb. 50; (2024); p. 23630 - 23641",2024,valid,unknown,无溶剂
3666,Isopropyl glycidyl ether,"4-(isopropoxymethyl)-1,3-dioxolan-2-one",78.0,70.0,0.1,12.0,tetrabutylammonium bromide,,,,,,,,,,无溶剂,,,,"Sun, Yining;Liu, Guoguo;Xiong, Gang;Xu, Guangwen; CrystEngComm; vol. 27; nb. 14; (2025); p. 2148 - 2153",2025,valid,ionic_liquid,无溶剂
3667,Isopropyl glycidyl ether,"4-(isopropoxymethyl)-1,3-dioxolan-2-one",81.0,80.0,0.1,10.0,tetrabutylammonium bromide,,,,,,,,,,,,,,"Guan, Xiao-Fen;Qiao, Na;Wu, Zhi-Lei;Wang, Wen-Min;Cui, Jian-Zhong; Dalton Transactions; vol. 54; nb. 34; (2025); p. 12841 - 12848",2025,valid,ionic_liquid,
3669,Isopropyl glycidyl ether,"4-(isopropoxymethyl)-1,3-dioxolan-2-one",98.0,120.0,0.50001,,pyridine,,,,,,,,,,,,,,"Liao, Quanlan;Cao, Jianxin;Zhao, Tianxiang; Chemical Communications; vol. 61; nb. 97; (2025); p. 19289 - 19292",2025,valid,organic_base,
3671,Isopropyl glycidyl ether,"4-(isopropoxymethyl)-1,3-dioxolan-2-one",87.0,70.0,0.10133,12.0,tetrabutylammonium bromide,,,,,,,,,,无溶剂,,,,"Sealed tube Ji, Jia;Lv, Xuan;Deng, Wen-Qian;Tian, Lin;Yao, Teng-Qi;Shi, Wen-Jing;Wang, Da-Hui;Li, Qing;Hou, Yin- Ling;Fang, Ming; Journal of Organometallic Chemistry; vol. 1049; (2026); Art.No: 124042",2026,valid,ionic_liquid,无溶剂
3672,Styrene oxide,"4-phenyl-1,3-dioxolan-2-one",99.0,120.0,2.00003,3.0,tetrabutylammonium bromide,,,,,,,,,,,,,,"Dai, Wei-Li; Jin, Bi; Luo, Sheng-Lian; Luo, Xu-Biao; Tu, Xin-Man; Au, Chak-Tong; Applied Catalysis A: General; vol. 470; (2014); p. 183 - 188",2014,valid,ionic_liquid,
3675,Styrene oxide,"4-phenyl-1,3-dioxolan-2-one",85.0,120.0,1.99983,3.0,imidazolium bromide,,imidazolium,,,,,,,,,,,,"Wang, Li; Jin, Xiangfeng; Li, Ping; Zhang, Jinglai; He, Hongyan; Zhang, Suojiang; Industrial & Engineering Chemistry Research; vol. 53; nb. 20; (2014); p. 8426 - 8435",2014,valid,ionic_liquid,
3676,Styrene oxide,"4-phenyl-1,3-dioxolan-2-one",99.0,70.0,1.01325,24.0,tetra-(n-butyl)ammonium iodide,,,,,,,,,,,,,,"Roshan, Kuruppathparambil Roshith; Kathalikkattil, Amal Cheruvathoor; Babu, Raveendra; Kim, Dong-Woo; Park, Dae-Won; ACS Sustainable Chemistry & Engineering; vol. 5; nb. 7; (2017); p. 5914 - 5921",2017,valid,unknown,
3681,Styrene oxide,"4-phenyl-1,3-dioxolan-2-one",98.0,80.0,1.33322,12.0,tetrabutylammonium bromide,,tetra-(n-butyl)ammonium iodide,,,,,,,,,,,,"Roshan, Kuruppathparambil Roshith; Kathalikkattil, Amal Cheruvathoor; Babu, Raveendra; Kim, Dong-Woo; Park, Dae-Won; ACS Sustainable Chemistry & Engineering; vol. 5; nb. 7; (2017); p. 5914 - 5921",2017,valid,ionic_liquid,
3683,Styrene oxide,"4-phenyl-1,3-dioxolan-2-one",95.0,130.0,1.99983,4.0,tetrabutylammonium bromide,,,,,,,,,,,,,,"Wang, Hefang; Wang, Linxi; Liu, Xiaojun; Wei, Ying; Li, Yun; Sun, Tong; Xu, Jun; Wang, Zhendong; Crystal facet-dependent CO2 cycloaddition to epoxides over ZnO catalysts; Frontiers of Chemical Science and Engineering; vol. 18; nb. 4; (2024); p. 41",2024,valid,ionic_liquid,
3687,Styrene oxide,"4-phenyl-1,3-dioxolan-2-one",93.0,100.0,1.99983,6.0,tetrabutylammonium bromide,,,,,,,,,,,,,,"Yang, Hangyu; Wang, Yabo; Liu, Yang; Wang, Yanyan; Li, Zhiyong; Li, Qian; Lv, Yan; Wang, Jia; Du, Xin; Yang, Fan; Asian Journal of Organic Chemistry; vol. 12; nb. 7; (2023); p. e202300186",2023,valid,ionic_liquid,
3688,Styrene oxide,"4-phenyl-1,3-dioxolan-2-one",98.0,120.0,2.66644,6.0,tetrabutylammonium bromide,,,,,,,,,,,,,,"Yang, Hangyu; Wang, Yabo; Liu, Yang; Wang, Yanyan; Li, Zhiyong; Li, Qian; Lv, Yan; Wang, Jia; Du, Xin; Yang, Fan; Asian Journal of Organic Chemistry; vol. 12; nb. 7; (2023); p. e202300186",2023,valid,ionic_liquid,
3691,Styrene oxide,"4-phenyl-1,3-dioxolan-2-one",96.0,100.0,2.66644,4.0,tetrabutylammonium bromide,,imidazolium bromide,,imidazolium,,,,,,,,,,"Yang, Zhi-Zheng; He, Liang-Nian; Peng, Shi-Yong; Liu, An-Hua; Mechanism studies of CO2 cycloaddition reaction catalyzed by amine-functionalized ionic liquids; Frontiers in Chemistry; vol. 7; (2019); p. 615",2019,valid,ionic_liquid,
3692,Styrene oxide,"4-phenyl-1,3-dioxolan-2-one",50.0,80.0,1.33322,3.0,1-butyl-3-methylimidazolium bromide,,,,,,,,,,,,,,"Yang, Zhi-Zheng; He, Liang-Nian; Peng, Shi-Yong; Liu, An-Hua; Mechanism studies of CO2 cycloaddition reaction catalyzed by amine-functionalized ionic liquids; Frontiers in Chemistry; vol. 7; (2019); p. 615",2019,valid,ionic_liquid,
3698,Styrene oxide,"4-phenyl-1,3-dioxolan-2-one",99.0,120.0,2.02649,6.0,tetrabutylammonium bromide,,,,,,,,,,,,,,"Lyubimov, Sergei E.; Zvinchuk, Alexander V.; Chowdhury, Asit K.; Davankov, Vadim A.; Russian Chemical Bulletin; vol. 69; nb. 8; (2020); p. 1598 - 1600",2020,valid,ionic_liquid,
3699,Styrene oxide,"4-phenyl-1,3-dioxolan-2-one",99.0,130.0,7.55936,6.0,tetrabutylammonium bromide,,,,,,,,,,,,,,"Lyubimov, Sergei E.; Zvinchuk, Alexander V.; Chowdhury, Asit K.; Davankov, Vadim A.; Russian Chemical Bulletin; vol. 69; nb. 8; (2020); p. 1598 - 1600",2020,valid,ionic_liquid,
3702,Styrene oxide,"4-phenyl-1,3-dioxolan-2-one",99.0,100.0,2.66644,18.0,zinc dibromide,,,,,,,,,,,,,,Insight into the Varying Reactivity of Different Catalysts for CO2 Cycloaddition into Styrene Oxide; International Journal of Molecular Sciences; vol. 24; nb. 3; (2023); p. 2123,2023,valid,metal_halide,
3704,Styrene oxide,"4-phenyl-1,3-dioxolan-2-one",98.0,100.0,2.66644,18.0,zinc iodide,,,,,,,,,,,,,,Insight into the Varying Reactivity of Different Catalysts for CO2 Cycloaddition into Styrene Oxide; International Journal of Molecular Sciences; vol. 24; nb. 3; (2023); p. 2123,2023,valid,metal_halide,
3705,Styrene oxide,"4-phenyl-1,3-dioxolan-2-one",98.0,110.0,1.99983,3.0,tetrabutylammonium bromide,,zinc dibromide,,,,,,,,,,,,A kinetic study of Zn halide/TBAB-catalysed fixation of CO2 with styrene oxide in propylene carbonate; Green Processing and Synthesis; vol. 8; (2019); p. 743 - 752,2019,valid,mixed_system,
3706,Styrene oxide,"4-phenyl-1,3-dioxolan-2-one",71.0,110.0,1.99983,3.0,zinc dibromide,,,,,,,,,,,,,,A kinetic study of Zn halide/TBAB-catalysed fixation of CO2 with styrene oxide in propylene carbonate; Green Processing and Synthesis; vol. 8; (2019); p. 743 - 752,2019,valid,metal_halide,
3707,Styrene oxide,"4-phenyl-1,3-dioxolan-2-one",62.0,110.0,1.99983,3.0,tetrabutylammonium bromide,,,,,,,,,,,,,,A kinetic study of Zn halide/TBAB-catalysed fixation of CO2 with styrene oxide in propylene carbonate; Green Processing and Synthesis; vol. 8; (2019); p. 743 - 752,2019,valid,ionic_liquid,
3708,Styrene oxide,"4-phenyl-1,3-dioxolan-2-one",99.0,130.0,1.99983,4.0,tetrabutylammonium bromide,,zinc dibromide,,,,,,,,,,,,A kinetic study of Zn halide/TBAB-catalysed fixation of CO2 with styrene oxide in propylene carbonate; Green Processing and Synthesis; vol. 8; (2019); p. 743 - 752,2019,valid,mixed_system,
3709,Styrene oxide,"4-phenyl-1,3-dioxolan-2-one",95.0,130.0,2.66644,5.0,potassium iodide,,,,,,,,,,,,,,Synthesis of Zn Modified Carbon Nitrides Heterogeneous Catalyst for the Cycloaddition of CO2 to Epoxides; ChemistrySelect; vol. 3; nb. 17; (2018); p. 4652 - 4659,2018,valid,metal_halide,
3710,Styrene oxide,"4-phenyl-1,3-dioxolan-2-one",52.0,130.0,2.66644,5.0,potassium iodide,,,,,,,,,,,,,,Synthesis of Zn Modified Carbon Nitrides Heterogeneous Catalyst for the Cycloaddition of CO2 to Epoxides; ChemistrySelect; vol. 3; nb. 17; (2018); p. 4652 - 4659,2018,valid,metal_halide,
3711,Styrene oxide,"4-phenyl-1,3-dioxolan-2-one",91.0,130.0,1.73319,6.0,tetrabutylammonium bromide,,,,,,,,,,,,,,"Zinc 1,3,5-benzenetricarboxylate as an efficient catalyst; RSC Advances; vol. 8; (2018); p. 4917 - 4922",2018,valid,ionic_liquid,
3713,Styrene oxide,"4-phenyl-1,3-dioxolan-2-one",42.0,130.0,1.73319,6.0,tetrabutylammonium bromide,,,,,,,,,,,,,,"Zinc 1,3,5-benzenetricarboxylate as an efficient catalyst; RSC Advances; vol. 8; (2018); p. 4917 - 4922",2018,valid,ionic_liquid,
3716,Styrene oxide,"4-phenyl-1,3-dioxolan-2-one",99.0,130.0,3.99966,4.0,magnesium oxide,,,,,,,,,,,,,,Solventless synthesis of cyclic carbonates by direct utilization of CO2 using nanocrystalline lithium promoted magnesia; Journal of CO2 Utilization; vol. 27; (2018); p. 99 - 109,2018,valid,metal_halide,
3717,Styrene oxide,"4-phenyl-1,3-dioxolan-2-one",99.0,25.0,1.35095,6.0,magnesium oxide,,,,,,,,,,,,,,Magnesium oxide as an efficient catalyst for CO2 fixation; Sustainable Chemistry and Pharmacy; vol. 10; (2018); p. 71 - 76,2018,valid,metal_halide,
3718,Styrene oxide,"4-phenyl-1,3-dioxolan-2-one",93.0,100.0,1.35095,4.0,potassium iodide,,,,,,,,,,,,,,Preparation of ZnO Nanoplate Catalysts Mediating Green and Efficient CO2-Epoxide Cycloaddition; Energy & Fuels; vol. 39; nb. 24; (2025); p. 11721 - 11732,2025,valid,metal_halide,
3719,Styrene oxide,"4-phenyl-1,3-dioxolan-2-one",86.0,60.0,1.35095,4.0,tetrabutylammonium bromide,,,,,,,,,,,,,,Ascorbic Acid as a Bifunctional Hydrogen Bond Donor for the Synthesis of Cyclic Carbonates from CO2 under Ambient Conditions; ACS Sustainable Chemistry & Engineering; vol. 5; nb. 7; (2017); p. 5914 - 5921,2017,valid,ionic_liquid,
3721,Styrene oxide,"4-phenyl-1,3-dioxolan-2-one",78.0,120.0,3.99966,,triethanolammonium iodide,,,,,,,,,,,,,,"Yang, Han; Wang, Xin; Ma, Yuan; Zhang, Li; Quaternary ammonium-based ionic liquids bearing different numbers of hydroxyl groups; Catalysis Science & Technology; vol. 6; (2016); p. 7773 - 7782",2016,valid,ionic_liquid,
3722,Styrene oxide,"4-phenyl-1,3-dioxolan-2-one",99.0,120.0,3.99966,,triethanolammonium iodide,,,,,,,,,,,,,,"Yang, Han; Wang, Xin; Ma, Yuan; Zhang, Li; Quaternary ammonium-based ionic liquids bearing different numbers of hydroxyl groups; Catalysis Science & Technology; vol. 6; (2016); p. 7773 - 7782",2016,valid,ionic_liquid,
3729,Styrene oxide,"4-phenyl-1,3-dioxolan-2-one",99.0,100.0,2.66644,6.0,tetraethylammonium bromide,,,,,,,,,,,,,,Insights into hydrogen bond donor promoted fixation of carbon dioxide with epoxides catalyzed by ionic liquids; Physical Chemistry Chemical Physics; vol. 17; (2015); p. 3729 - 3739,2015,valid,ionic_liquid,
3731,Styrene oxide,"4-phenyl-1,3-dioxolan-2-one",86.0,120.0,2.66644,4.0,imidazolium chloride,,,,,,,,,,,,,,"Sun, Jian; Han, Lijun; Cheng, Weiguo; Wang, Jinquan; Zhang, Suojiang; Zhang, Xiangping; Chemical Hydroxy-containing ionic liquids as catalysts; Science China Chemistry; vol. 54; (2011); p. 1294 - 1301",2011,valid,ionic_liquid,
3732,Styrene oxide,"4-phenyl-1,3-dioxolan-2-one",78.0,120.0,2.66644,4.0,imidazolium chloride,,,,,,,,,,,,,,"Sun, Jian; Han, Lijun; Cheng, Weiguo; Wang, Jinquan; Zhang, Suojiang; Zhang, Xiangping; Hydroxy-containing ionic liquids as catalysts; Science China Chemistry; vol. 54; (2011); p. 1294 - 1301",2011,valid,ionic_liquid,
